0	0	2016-03-04 11:09:24.915986	tweet 0	12	619	115	133
0	1	2016-03-04 11:09:24.916034	tweet 0	727	558	591	612
0	2	2016-03-04 11:09:24.916051	tweet 0	231	347	560	779
0	3	2016-03-04 11:09:24.916064	tweet 0	786	670	925	425
0	4	2016-03-04 11:09:24.916078	tweet 0	847	158	113	887
0	5	2016-03-04 11:09:24.916091	tweet 0	843	443	42	744
0	6	2016-03-04 11:09:24.916104	tweet 0	701	533	29	203
0	7	2016-03-04 11:09:24.916118	tweet 0	475	734	859	551
0	8	2016-03-04 11:09:24.916131	tweet 0	198	894	893	227
0	9	2016-03-04 11:09:24.916144	tweet 0	955	910	430	96
0	10	2016-03-04 11:09:24.916157	tweet 0	508	746	573	597
0	11	2016-03-04 11:09:24.916171	tweet 0	266	510	105	833
0	12	2016-03-04 11:09:24.916184	tweet 0	363	659	310	715
0	13	2016-03-04 11:09:24.916196	tweet 0	349	78	320	454
0	14	2016-03-04 11:09:24.916209	tweet 0	191	908	300	295
0	15	2016-03-04 11:09:24.916222	tweet 0	986	523	721	328
0	16	2016-03-04 11:09:24.916235	tweet 0	366	76	970	576
0	17	2016-03-04 11:09:24.916248	tweet 0	270	290	905	333
0	18	2016-03-04 11:09:24.916261	tweet 0	294	268	131	965
0	19	2016-03-04 11:09:24.916274	tweet 0	939	633	755	35
0	20	2016-03-04 11:09:24.916287	tweet 0	890	633	342	645
0	21	2016-03-04 11:09:24.916300	tweet 0	72	440	397	643
0	22	2016-03-04 11:09:24.916313	tweet 0	445	712	327	568
0	23	2016-03-04 11:09:24.916326	tweet 0	572	82	35	72
0	24	2016-03-04 11:09:24.916339	tweet 0	398	628	822	979
0	25	2016-03-04 11:09:24.916352	tweet 0	816	170	566	70
0	26	2016-03-04 11:09:24.916365	tweet 0	124	310	578	193
0	27	2016-03-04 11:09:24.916378	tweet 0	711	162	662	97
0	28	2016-03-04 11:09:24.916391	tweet 0	588	758	182	923
0	29	2016-03-04 11:09:24.916404	tweet 0	763	944	737	415
0	30	2016-03-04 11:09:24.916417	tweet 0	858	819	261	337
0	31	2016-03-04 11:09:24.916430	tweet 0	527	879	586	477
0	32	2016-03-04 11:09:24.916443	tweet 0	830	660	730	589
0	33	2016-03-04 11:09:24.916456	tweet 0	49	528	273	70
0	34	2016-03-04 11:09:24.916469	tweet 0	352	273	543	363
0	35	2016-03-04 11:09:24.916482	tweet 0	631	835	591	367
0	36	2016-03-04 11:09:24.916495	tweet 0	492	649	225	357
0	37	2016-03-04 11:09:24.916508	tweet 0	651	18	453	666
0	38	2016-03-04 11:09:24.916521	tweet 0	408	365	59	89
0	39	2016-03-04 11:09:24.916534	tweet 0	779	957	280	671
0	40	2016-03-04 11:09:24.916547	tweet 0	688	171	916	47
0	41	2016-03-04 11:09:24.916560	tweet 0	429	432	847	937
0	42	2016-03-04 11:09:24.916580	tweet 0	733	545	83	56
0	43	2016-03-04 11:09:24.916595	tweet 0	999	713	361	568
0	44	2016-03-04 11:09:24.916609	tweet 0	889	456	954	224
0	45	2016-03-04 11:09:24.916622	tweet 0	321	106	461	771
0	46	2016-03-04 11:09:24.916635	tweet 0	706	396	948	672
0	47	2016-03-04 11:09:24.916648	tweet 0	907	495	250	513
0	48	2016-03-04 11:09:24.916661	tweet 0	425	481	460	272
0	49	2016-03-04 11:09:24.916674	tweet 0	629	22	130	388
0	50	2016-03-04 11:09:24.916687	tweet 0	519	846	49	112
0	51	2016-03-04 11:09:24.916701	tweet 0	219	968	217	737
0	52	2016-03-04 11:09:24.916714	tweet 0	129	384	808	819
0	53	2016-03-04 11:09:24.916727	tweet 0	301	1000	471	511
0	54	2016-03-04 11:09:24.916740	tweet 0	539	758	412	619
0	55	2016-03-04 11:09:24.916753	tweet 0	157	895	350	221
0	56	2016-03-04 11:09:24.916766	tweet 0	135	889	99	416
0	57	2016-03-04 11:09:24.916779	tweet 0	294	997	196	891
0	58	2016-03-04 11:09:24.916792	tweet 0	960	580	597	694
0	59	2016-03-04 11:09:24.916805	tweet 0	641	322	976	49
0	60	2016-03-04 11:09:24.916819	tweet 0	822	249	851	743
0	61	2016-03-04 11:09:24.916831	tweet 0	989	593	11	379
0	62	2016-03-04 11:09:24.916844	tweet 0	727	465	661	179
0	63	2016-03-04 11:09:24.916857	tweet 0	533	572	548	351
0	64	2016-03-04 11:09:24.916870	tweet 0	737	352	971	809
0	65	2016-03-04 11:09:24.916883	tweet 0	392	442	193	846
0	66	2016-03-04 11:09:24.916896	tweet 0	745	998	488	641
0	67	2016-03-04 11:09:24.916909	tweet 0	72	216	435	142
0	68	2016-03-04 11:09:24.916922	tweet 0	225	27	67	956
0	69	2016-03-04 11:09:24.916935	tweet 0	765	184	341	256
0	70	2016-03-04 11:09:24.916948	tweet 0	235	92	617	506
0	71	2016-03-04 11:09:24.916961	tweet 0	203	964	700	242
0	72	2016-03-04 11:09:24.916974	tweet 0	343	738	131	866
0	73	2016-03-04 11:09:24.916996	tweet 0	329	109	715	118
0	74	2016-03-04 11:09:24.917011	tweet 0	773	234	566	995
0	75	2016-03-04 11:09:24.917025	tweet 0	494	754	235	58
0	76	2016-03-04 11:09:24.917038	tweet 0	327	844	134	545
0	77	2016-03-04 11:09:24.917051	tweet 0	432	595	914	939
0	78	2016-03-04 11:09:24.917064	tweet 0	681	711	256	662
0	79	2016-03-04 11:09:24.917077	tweet 0	479	69	484	433
0	80	2016-03-04 11:09:24.917090	tweet 0	963	11	450	96
0	81	2016-03-04 11:09:24.917103	tweet 0	65	283	611	719
0	82	2016-03-04 11:09:24.917116	tweet 0	691	773	813	409
0	83	2016-03-04 11:09:24.917129	tweet 0	49	791	444	702
0	84	2016-03-04 11:09:24.917142	tweet 0	137	879	440	77
0	85	2016-03-04 11:09:24.917155	tweet 0	281	511	745	367
0	86	2016-03-04 11:09:24.917168	tweet 0	550	711	532	922
0	87	2016-03-04 11:09:24.917181	tweet 0	347	306	386	286
0	88	2016-03-04 11:09:24.917194	tweet 0	429	567	45	642
0	89	2016-03-04 11:09:24.917207	tweet 0	326	820	50	848
0	90	2016-03-04 11:09:24.917220	tweet 0	693	907	833	421
0	91	2016-03-04 11:09:24.917233	tweet 0	863	295	87	566
0	92	2016-03-04 11:09:24.917246	tweet 0	610	488	112	289
0	93	2016-03-04 11:09:24.917259	tweet 0	173	109	983	340
0	94	2016-03-04 11:09:24.917272	tweet 0	245	891	241	198
0	95	2016-03-04 11:09:24.917285	tweet 0	870	280	967	984
0	96	2016-03-04 11:09:24.917298	tweet 0	314	350	997	745
0	97	2016-03-04 11:09:24.917311	tweet 0	204	608	373	652
0	98	2016-03-04 11:09:24.917324	tweet 0	714	200	234	931
0	99	2016-03-04 11:09:24.917337	tweet 0	903	228	652	752
1	0	2016-03-04 11:09:24.917351	tweet 1	955	540	276	801
1	1	2016-03-04 11:09:24.917364	tweet 1	620	139	513	261
1	2	2016-03-04 11:09:24.917378	tweet 1	217	381	641	174
1	3	2016-03-04 11:09:24.917391	tweet 1	958	350	567	261
1	4	2016-03-04 11:09:24.917404	tweet 1	193	804	389	434
1	5	2016-03-04 11:09:24.917417	tweet 1	764	240	1	392
1	6	2016-03-04 11:09:24.917430	tweet 1	442	998	260	826
1	7	2016-03-04 11:09:24.917443	tweet 1	427	18	504	964
1	8	2016-03-04 11:09:24.917456	tweet 1	79	937	678	582
1	9	2016-03-04 11:09:24.917469	tweet 1	968	414	588	214
1	10	2016-03-04 11:09:24.917493	tweet 1	743	277	834	916
1	11	2016-03-04 11:09:24.917508	tweet 1	263	380	488	953
1	12	2016-03-04 11:09:24.917522	tweet 1	112	865	897	722
1	13	2016-03-04 11:09:24.917536	tweet 1	818	151	76	512
1	14	2016-03-04 11:09:24.917550	tweet 1	783	501	542	233
1	15	2016-03-04 11:09:24.917564	tweet 1	702	787	428	397
1	16	2016-03-04 11:09:24.917593	tweet 1	601	327	977	815
1	17	2016-03-04 11:09:24.917607	tweet 1	575	903	937	282
1	18	2016-03-04 11:09:24.917620	tweet 1	637	720	831	846
1	19	2016-03-04 11:09:24.917633	tweet 1	558	283	533	194
1	20	2016-03-04 11:09:24.917646	tweet 1	106	383	665	958
1	21	2016-03-04 11:09:24.917659	tweet 1	886	744	774	551
1	22	2016-03-04 11:09:24.917673	tweet 1	330	883	152	425
1	23	2016-03-04 11:09:24.917686	tweet 1	408	953	259	431
1	24	2016-03-04 11:09:24.917699	tweet 1	749	622	763	236
1	25	2016-03-04 11:09:24.917712	tweet 1	276	215	72	18
1	26	2016-03-04 11:09:24.917725	tweet 1	946	130	979	755
1	27	2016-03-04 11:09:24.917738	tweet 1	478	597	812	472
1	28	2016-03-04 11:09:24.917751	tweet 1	438	5	131	673
1	29	2016-03-04 11:09:24.917764	tweet 1	518	11	397	300
1	30	2016-03-04 11:09:24.917777	tweet 1	89	730	172	470
1	31	2016-03-04 11:09:24.917801	tweet 1	454	739	956	772
1	32	2016-03-04 11:09:24.917814	tweet 1	523	869	687	704
1	33	2016-03-04 11:09:24.917829	tweet 1	968	371	535	731
1	34	2016-03-04 11:09:24.917843	tweet 1	297	338	785	216
1	35	2016-03-04 11:09:24.917867	tweet 1	402	269	656	89
1	36	2016-03-04 11:09:24.917880	tweet 1	280	456	871	959
1	37	2016-03-04 11:09:24.917893	tweet 1	288	573	687	668
1	38	2016-03-04 11:09:24.917906	tweet 1	955	840	240	569
1	39	2016-03-04 11:09:24.917919	tweet 1	741	678	633	717
1	40	2016-03-04 11:09:24.917932	tweet 1	667	376	239	495
1	41	2016-03-04 11:09:24.917945	tweet 1	266	688	115	227
1	42	2016-03-04 11:09:24.917958	tweet 1	150	991	790	623
1	43	2016-03-04 11:09:24.917971	tweet 1	817	716	873	708
1	44	2016-03-04 11:09:24.917984	tweet 1	560	235	416	692
1	45	2016-03-04 11:09:24.918003	tweet 1	205	714	820	693
1	46	2016-03-04 11:09:24.918018	tweet 1	618	783	440	821
1	47	2016-03-04 11:09:24.918031	tweet 1	40	950	263	303
1	48	2016-03-04 11:09:24.918044	tweet 1	98	982	199	85
1	49	2016-03-04 11:09:24.918058	tweet 1	909	527	260	534
1	50	2016-03-04 11:09:24.918071	tweet 1	51	2	476	688
1	51	2016-03-04 11:09:24.918083	tweet 1	288	877	944	183
1	52	2016-03-04 11:09:24.918097	tweet 1	533	253	611	764
1	53	2016-03-04 11:09:24.918110	tweet 1	909	533	97	938
1	54	2016-03-04 11:09:24.918123	tweet 1	795	276	676	912
1	55	2016-03-04 11:09:24.918136	tweet 1	834	175	418	80
1	56	2016-03-04 11:09:24.918149	tweet 1	88	930	6	103
1	57	2016-03-04 11:09:24.918162	tweet 1	773	956	838	564
1	58	2016-03-04 11:09:24.918175	tweet 1	710	792	127	78
1	59	2016-03-04 11:09:24.918188	tweet 1	894	533	260	298
1	60	2016-03-04 11:09:24.918201	tweet 1	185	937	915	780
1	61	2016-03-04 11:09:24.918214	tweet 1	203	998	313	928
1	62	2016-03-04 11:09:24.918228	tweet 1	40	937	503	393
1	63	2016-03-04 11:09:24.918241	tweet 1	879	48	134	383
1	64	2016-03-04 11:09:24.918254	tweet 1	91	275	1000	25
1	65	2016-03-04 11:09:24.918267	tweet 1	814	794	950	859
1	66	2016-03-04 11:09:24.918280	tweet 1	123	589	398	156
1	67	2016-03-04 11:09:24.918293	tweet 1	957	31	302	966
1	68	2016-03-04 11:09:24.918306	tweet 1	810	283	953	663
1	69	2016-03-04 11:09:24.918319	tweet 1	183	716	16	61
1	70	2016-03-04 11:09:24.918332	tweet 1	708	642	347	730
1	71	2016-03-04 11:09:24.918345	tweet 1	736	234	771	73
1	72	2016-03-04 11:09:24.918358	tweet 1	44	328	207	261
1	73	2016-03-04 11:09:24.918371	tweet 1	389	651	135	310
1	74	2016-03-04 11:09:24.918384	tweet 1	665	252	481	55
1	75	2016-03-04 11:09:24.918397	tweet 1	231	587	351	303
1	76	2016-03-04 11:09:24.918410	tweet 1	31	843	770	49
1	77	2016-03-04 11:09:24.918423	tweet 1	194	390	55	511
1	78	2016-03-04 11:09:24.918436	tweet 1	185	590	376	133
1	79	2016-03-04 11:09:24.918449	tweet 1	364	404	763	956
1	80	2016-03-04 11:09:24.918462	tweet 1	782	654	54	331
1	81	2016-03-04 11:09:24.918475	tweet 1	261	220	167	916
1	82	2016-03-04 11:09:24.918488	tweet 1	194	837	15	618
1	83	2016-03-04 11:09:24.918501	tweet 1	409	478	679	303
1	84	2016-03-04 11:09:24.918514	tweet 1	97	766	357	950
1	85	2016-03-04 11:09:24.918527	tweet 1	707	298	714	864
1	86	2016-03-04 11:09:24.918540	tweet 1	206	152	935	766
1	87	2016-03-04 11:09:24.918553	tweet 1	863	637	425	451
1	88	2016-03-04 11:09:24.918568	tweet 1	515	407	472	851
1	89	2016-03-04 11:09:24.918594	tweet 1	54	138	829	826
1	90	2016-03-04 11:09:24.918609	tweet 1	952	101	735	780
1	91	2016-03-04 11:09:24.918633	tweet 1	502	320	358	438
1	92	2016-03-04 11:09:24.918646	tweet 1	559	498	957	30
1	93	2016-03-04 11:09:24.918659	tweet 1	589	267	556	88
1	94	2016-03-04 11:09:24.918672	tweet 1	642	384	573	372
1	95	2016-03-04 11:09:24.918685	tweet 1	711	603	558	557
1	96	2016-03-04 11:09:24.918699	tweet 1	785	364	909	330
1	97	2016-03-04 11:09:24.918712	tweet 1	77	216	110	958
1	98	2016-03-04 11:09:24.918725	tweet 1	864	184	129	332
1	99	2016-03-04 11:09:24.918738	tweet 1	134	167	258	75
2	0	2016-03-04 11:09:24.918753	tweet 2	885	458	848	798
2	1	2016-03-04 11:09:24.918767	tweet 2	590	740	678	909
2	2	2016-03-04 11:09:24.918780	tweet 2	739	330	728	760
2	3	2016-03-04 11:09:24.918793	tweet 2	85	162	177	573
2	4	2016-03-04 11:09:24.918806	tweet 2	579	444	826	383
2	5	2016-03-04 11:09:24.918819	tweet 2	991	334	285	77
2	6	2016-03-04 11:09:24.918832	tweet 2	290	805	8	229
2	7	2016-03-04 11:09:24.918845	tweet 2	577	862	166	577
2	8	2016-03-04 11:09:24.918858	tweet 2	651	705	181	293
2	9	2016-03-04 11:09:24.918871	tweet 2	207	183	125	916
2	10	2016-03-04 11:09:24.918884	tweet 2	767	716	839	991
2	11	2016-03-04 11:09:24.918898	tweet 2	765	382	532	955
2	12	2016-03-04 11:09:24.918911	tweet 2	373	989	292	653
2	13	2016-03-04 11:09:24.918924	tweet 2	15	681	552	613
2	14	2016-03-04 11:09:24.918937	tweet 2	275	27	663	891
2	15	2016-03-04 11:09:24.918950	tweet 2	622	797	74	430
2	16	2016-03-04 11:09:24.918963	tweet 2	392	118	542	165
2	17	2016-03-04 11:09:24.918976	tweet 2	164	84	106	234
2	18	2016-03-04 11:09:24.918998	tweet 2	418	281	988	63
2	19	2016-03-04 11:09:24.919013	tweet 2	431	258	335	644
2	20	2016-03-04 11:09:24.919027	tweet 2	461	477	130	169
2	21	2016-03-04 11:09:24.919040	tweet 2	689	528	390	493
2	22	2016-03-04 11:09:24.919053	tweet 2	107	106	142	898
2	23	2016-03-04 11:09:24.919066	tweet 2	648	391	668	867
2	24	2016-03-04 11:09:24.919079	tweet 2	900	445	342	913
2	25	2016-03-04 11:09:24.919092	tweet 2	801	547	15	61
2	26	2016-03-04 11:09:24.919105	tweet 2	639	760	958	145
2	27	2016-03-04 11:09:24.919118	tweet 2	252	821	823	891
2	28	2016-03-04 11:09:24.919131	tweet 2	543	484	742	588
2	29	2016-03-04 11:09:24.919145	tweet 2	521	273	595	409
2	30	2016-03-04 11:09:24.919158	tweet 2	224	131	404	783
2	31	2016-03-04 11:09:24.919171	tweet 2	816	823	275	873
2	32	2016-03-04 11:09:24.919184	tweet 2	345	476	568	836
2	33	2016-03-04 11:09:24.919197	tweet 2	131	787	930	902
2	34	2016-03-04 11:09:24.919210	tweet 2	523	566	902	932
2	35	2016-03-04 11:09:24.919223	tweet 2	487	281	966	27
2	36	2016-03-04 11:09:24.919236	tweet 2	813	327	335	198
2	37	2016-03-04 11:09:24.919249	tweet 2	676	350	855	804
2	38	2016-03-04 11:09:24.919262	tweet 2	625	415	282	887
2	39	2016-03-04 11:09:24.919275	tweet 2	87	808	233	514
2	40	2016-03-04 11:09:24.919288	tweet 2	583	923	816	312
2	41	2016-03-04 11:09:24.919301	tweet 2	168	953	798	13
2	42	2016-03-04 11:09:24.919314	tweet 2	574	518	818	140
2	43	2016-03-04 11:09:24.919327	tweet 2	589	74	702	878
2	44	2016-03-04 11:09:24.919340	tweet 2	977	414	732	546
2	45	2016-03-04 11:09:24.919353	tweet 2	850	869	275	786
2	46	2016-03-04 11:09:24.919366	tweet 2	976	934	848	91
2	47	2016-03-04 11:09:24.919379	tweet 2	770	250	145	579
2	48	2016-03-04 11:09:24.919392	tweet 2	337	73	851	934
2	49	2016-03-04 11:09:24.919405	tweet 2	596	101	736	899
2	50	2016-03-04 11:09:24.919418	tweet 2	213	324	46	664
2	51	2016-03-04 11:09:24.919431	tweet 2	783	396	353	235
2	52	2016-03-04 11:09:24.919444	tweet 2	14	58	249	329
2	53	2016-03-04 11:09:24.919457	tweet 2	52	116	238	591
2	54	2016-03-04 11:09:24.919470	tweet 2	162	650	107	793
2	55	2016-03-04 11:09:24.919484	tweet 2	521	117	312	458
2	56	2016-03-04 11:09:24.919497	tweet 2	604	52	404	967
2	57	2016-03-04 11:09:24.919510	tweet 2	65	45	435	885
2	58	2016-03-04 11:09:24.919523	tweet 2	643	240	111	366
2	59	2016-03-04 11:09:24.919536	tweet 2	654	61	71	727
2	60	2016-03-04 11:09:24.919549	tweet 2	866	398	84	368
2	61	2016-03-04 11:09:24.919562	tweet 2	583	621	733	203
2	62	2016-03-04 11:09:24.919591	tweet 2	248	615	143	948
2	63	2016-03-04 11:09:24.919606	tweet 2	923	463	715	203
2	64	2016-03-04 11:09:24.919629	tweet 2	221	289	141	309
2	65	2016-03-04 11:09:24.919642	tweet 2	683	575	99	116
2	66	2016-03-04 11:09:24.919656	tweet 2	630	886	578	799
2	67	2016-03-04 11:09:24.919668	tweet 2	175	700	984	974
2	68	2016-03-04 11:09:24.919682	tweet 2	35	517	549	701
2	69	2016-03-04 11:09:24.919695	tweet 2	299	912	848	841
2	70	2016-03-04 11:09:24.919708	tweet 2	315	572	388	907
2	71	2016-03-04 11:09:24.919721	tweet 2	673	142	332	593
2	72	2016-03-04 11:09:24.919734	tweet 2	963	269	428	975
2	73	2016-03-04 11:09:24.919747	tweet 2	712	76	390	210
2	74	2016-03-04 11:09:24.919760	tweet 2	199	48	659	496
2	75	2016-03-04 11:09:24.919773	tweet 2	225	477	176	631
2	76	2016-03-04 11:09:24.919786	tweet 2	323	79	980	713
2	77	2016-03-04 11:09:24.919799	tweet 2	205	556	880	292
2	78	2016-03-04 11:09:24.919813	tweet 2	788	703	685	781
2	79	2016-03-04 11:09:24.919826	tweet 2	507	598	333	229
2	80	2016-03-04 11:09:24.919839	tweet 2	123	594	631	690
2	81	2016-03-04 11:09:24.919852	tweet 2	302	60	630	13
2	82	2016-03-04 11:09:24.919865	tweet 2	819	454	125	599
2	83	2016-03-04 11:09:24.919878	tweet 2	555	425	238	325
2	84	2016-03-04 11:09:24.919891	tweet 2	348	864	307	853
2	85	2016-03-04 11:09:24.919904	tweet 2	719	860	614	181
2	86	2016-03-04 11:09:24.919917	tweet 2	641	918	354	693
2	87	2016-03-04 11:09:24.919930	tweet 2	804	270	365	857
2	88	2016-03-04 11:09:24.919943	tweet 2	619	104	979	661
2	89	2016-03-04 11:09:24.919955	tweet 2	886	243	36	306
2	90	2016-03-04 11:09:24.919968	tweet 2	874	85	544	642
2	91	2016-03-04 11:09:24.919987	tweet 2	551	493	794	546
2	92	2016-03-04 11:09:24.920002	tweet 2	881	706	371	175
2	93	2016-03-04 11:09:24.920015	tweet 2	611	113	657	704
2	94	2016-03-04 11:09:24.920028	tweet 2	987	970	708	388
2	95	2016-03-04 11:09:24.920041	tweet 2	329	477	217	725
2	96	2016-03-04 11:09:24.920055	tweet 2	357	310	623	519
2	97	2016-03-04 11:09:24.920068	tweet 2	754	664	986	794
2	98	2016-03-04 11:09:24.920080	tweet 2	351	266	112	350
2	99	2016-03-04 11:09:24.920093	tweet 2	131	167	992	664
3	0	2016-03-04 11:09:24.920107	tweet 3	718	285	498	284
3	1	2016-03-04 11:09:24.920120	tweet 3	534	731	623	911
3	2	2016-03-04 11:09:24.920133	tweet 3	864	952	178	858
3	3	2016-03-04 11:09:24.920146	tweet 3	806	893	431	628
3	4	2016-03-04 11:09:24.920159	tweet 3	28	419	162	871
3	5	2016-03-04 11:09:24.920172	tweet 3	996	13	366	259
3	6	2016-03-04 11:09:24.920185	tweet 3	96	55	487	516
3	7	2016-03-04 11:09:24.920198	tweet 3	458	765	296	708
3	8	2016-03-04 11:09:24.920211	tweet 3	687	421	829	937
3	9	2016-03-04 11:09:24.920223	tweet 3	503	834	32	491
3	10	2016-03-04 11:09:24.920236	tweet 3	458	853	957	976
3	11	2016-03-04 11:09:24.920249	tweet 3	588	805	977	407
3	12	2016-03-04 11:09:24.920262	tweet 3	164	426	591	189
3	13	2016-03-04 11:09:24.920275	tweet 3	807	40	12	641
3	14	2016-03-04 11:09:24.920288	tweet 3	682	136	256	516
3	15	2016-03-04 11:09:24.920301	tweet 3	309	400	138	971
3	16	2016-03-04 11:09:24.920314	tweet 3	116	976	214	122
3	17	2016-03-04 11:09:24.920327	tweet 3	786	476	128	563
3	18	2016-03-04 11:09:24.920340	tweet 3	492	293	241	661
3	19	2016-03-04 11:09:24.920354	tweet 3	423	894	272	353
3	20	2016-03-04 11:09:24.920366	tweet 3	124	755	548	26
3	21	2016-03-04 11:09:24.920379	tweet 3	17	880	367	553
3	22	2016-03-04 11:09:24.920392	tweet 3	678	232	692	388
3	23	2016-03-04 11:09:24.920405	tweet 3	505	391	172	707
3	24	2016-03-04 11:09:24.920418	tweet 3	469	163	397	555
3	25	2016-03-04 11:09:24.920431	tweet 3	472	123	81	455
3	26	2016-03-04 11:09:24.920444	tweet 3	140	132	603	181
3	27	2016-03-04 11:09:24.920457	tweet 3	514	747	464	22
3	28	2016-03-04 11:09:24.920470	tweet 3	115	72	562	959
3	29	2016-03-04 11:09:24.920483	tweet 3	295	713	553	58
3	30	2016-03-04 11:09:24.920496	tweet 3	740	43	399	731
3	31	2016-03-04 11:09:24.920509	tweet 3	381	796	562	405
3	32	2016-03-04 11:09:24.920522	tweet 3	324	267	512	366
3	33	2016-03-04 11:09:24.920535	tweet 3	868	305	988	933
3	34	2016-03-04 11:09:24.920548	tweet 3	63	949	123	790
3	35	2016-03-04 11:09:24.920561	tweet 3	182	654	575	278
3	36	2016-03-04 11:09:24.920577	tweet 3	337	920	993	440
3	37	2016-03-04 11:09:24.920591	tweet 3	929	586	706	2
3	38	2016-03-04 11:09:24.920604	tweet 3	162	536	512	483
3	39	2016-03-04 11:09:24.920617	tweet 3	569	649	128	339
3	40	2016-03-04 11:09:24.920630	tweet 3	158	959	91	533
3	41	2016-03-04 11:09:24.920643	tweet 3	925	863	718	923
3	42	2016-03-04 11:09:24.920656	tweet 3	141	316	331	699
3	43	2016-03-04 11:09:24.920669	tweet 3	871	121	16	76
3	44	2016-03-04 11:09:24.920682	tweet 3	100	913	350	878
3	45	2016-03-04 11:09:24.920695	tweet 3	748	971	307	978
3	46	2016-03-04 11:09:24.920708	tweet 3	866	457	889	673
3	47	2016-03-04 11:09:24.920720	tweet 3	685	281	535	263
3	48	2016-03-04 11:09:24.920733	tweet 3	474	173	400	460
3	49	2016-03-04 11:09:24.920746	tweet 3	154	402	793	657
3	50	2016-03-04 11:09:24.920759	tweet 3	558	917	496	280
3	51	2016-03-04 11:09:24.920772	tweet 3	563	944	211	161
3	52	2016-03-04 11:09:24.920785	tweet 3	670	840	444	471
3	53	2016-03-04 11:09:24.920798	tweet 3	763	781	719	617
3	54	2016-03-04 11:09:24.920811	tweet 3	491	828	179	577
3	55	2016-03-04 11:09:24.920824	tweet 3	987	948	721	52
3	56	2016-03-04 11:09:24.920838	tweet 3	368	167	49	106
3	57	2016-03-04 11:09:24.920851	tweet 3	269	359	29	105
3	58	2016-03-04 11:09:24.920864	tweet 3	210	503	960	129
3	59	2016-03-04 11:09:24.920876	tweet 3	421	99	908	438
3	60	2016-03-04 11:09:24.920889	tweet 3	4	583	498	450
3	61	2016-03-04 11:09:24.920902	tweet 3	112	806	805	5
3	62	2016-03-04 11:09:24.920915	tweet 3	612	832	847	586
3	63	2016-03-04 11:09:24.920933	tweet 3	835	977	789	906
3	64	2016-03-04 11:09:24.920948	tweet 3	294	534	384	36
3	65	2016-03-04 11:09:24.920962	tweet 3	325	0	605	787
3	66	2016-03-04 11:09:24.920975	tweet 3	368	693	998	80
3	67	2016-03-04 11:09:24.920988	tweet 3	152	68	16	956
3	68	2016-03-04 11:09:24.921001	tweet 3	424	989	19	519
3	69	2016-03-04 11:09:24.921014	tweet 3	654	128	729	411
3	70	2016-03-04 11:09:24.921027	tweet 3	894	452	98	451
3	71	2016-03-04 11:09:24.921051	tweet 3	476	212	554	764
3	72	2016-03-04 11:09:24.921065	tweet 3	979	853	114	126
3	73	2016-03-04 11:09:24.921079	tweet 3	436	624	748	376
3	74	2016-03-04 11:09:24.921103	tweet 3	627	532	655	526
3	75	2016-03-04 11:09:24.921116	tweet 3	732	455	190	982
3	76	2016-03-04 11:09:24.921129	tweet 3	695	227	800	113
3	77	2016-03-04 11:09:24.921142	tweet 3	874	227	975	253
3	78	2016-03-04 11:09:24.921155	tweet 3	572	931	84	754
3	79	2016-03-04 11:09:24.921168	tweet 3	490	925	559	273
3	80	2016-03-04 11:09:24.921181	tweet 3	376	483	715	807
3	81	2016-03-04 11:09:24.921194	tweet 3	228	77	540	354
3	82	2016-03-04 11:09:24.921208	tweet 3	244	220	6	630
3	83	2016-03-04 11:09:24.921221	tweet 3	433	66	370	282
3	84	2016-03-04 11:09:24.921234	tweet 3	861	13	269	855
3	85	2016-03-04 11:09:24.921247	tweet 3	972	908	36	416
3	86	2016-03-04 11:09:24.921260	tweet 3	904	228	14	385
3	87	2016-03-04 11:09:24.921273	tweet 3	302	610	273	323
3	88	2016-03-04 11:09:24.921286	tweet 3	181	318	500	392
3	89	2016-03-04 11:09:24.921299	tweet 3	307	848	770	193
3	90	2016-03-04 11:09:24.921312	tweet 3	832	350	367	316
3	91	2016-03-04 11:09:24.921325	tweet 3	388	127	657	717
3	92	2016-03-04 11:09:24.921338	tweet 3	862	360	287	205
3	93	2016-03-04 11:09:24.921350	tweet 3	470	456	243	537
3	94	2016-03-04 11:09:24.921364	tweet 3	372	5	776	511
3	95	2016-03-04 11:09:24.921377	tweet 3	660	259	238	593
3	96	2016-03-04 11:09:24.921389	tweet 3	171	77	651	452
3	97	2016-03-04 11:09:24.921402	tweet 3	128	544	290	655
3	98	2016-03-04 11:09:24.921415	tweet 3	436	508	482	890
3	99	2016-03-04 11:09:24.921428	tweet 3	742	61	623	315
4	0	2016-03-04 11:09:24.921442	tweet 4	918	417	879	269
4	1	2016-03-04 11:09:24.921455	tweet 4	575	975	381	351
4	2	2016-03-04 11:09:24.921468	tweet 4	62	187	384	648
4	3	2016-03-04 11:09:24.921481	tweet 4	471	395	209	797
4	4	2016-03-04 11:09:24.921494	tweet 4	425	899	765	298
4	5	2016-03-04 11:09:24.921507	tweet 4	302	80	549	592
4	6	2016-03-04 11:09:24.921521	tweet 4	844	51	687	377
4	7	2016-03-04 11:09:24.921534	tweet 4	645	189	823	356
4	8	2016-03-04 11:09:24.921547	tweet 4	937	376	963	432
4	9	2016-03-04 11:09:24.921559	tweet 4	353	824	57	800
4	10	2016-03-04 11:09:24.921575	tweet 4	34	596	347	285
4	11	2016-03-04 11:09:24.921589	tweet 4	40	640	326	946
4	12	2016-03-04 11:09:24.921603	tweet 4	564	166	275	785
4	13	2016-03-04 11:09:24.921616	tweet 4	576	213	342	862
4	14	2016-03-04 11:09:24.921629	tweet 4	707	830	244	200
4	15	2016-03-04 11:09:24.921642	tweet 4	953	739	336	783
4	16	2016-03-04 11:09:24.921655	tweet 4	78	983	385	18
4	17	2016-03-04 11:09:24.921668	tweet 4	794	820	471	171
4	18	2016-03-04 11:09:24.921681	tweet 4	859	939	87	980
4	19	2016-03-04 11:09:24.921695	tweet 4	489	199	504	83
4	20	2016-03-04 11:09:24.921708	tweet 4	477	111	586	245
4	21	2016-03-04 11:09:24.921721	tweet 4	540	123	993	862
4	22	2016-03-04 11:09:24.921734	tweet 4	974	456	553	839
4	23	2016-03-04 11:09:24.921747	tweet 4	770	701	306	555
4	24	2016-03-04 11:09:24.921760	tweet 4	575	41	282	160
4	25	2016-03-04 11:09:24.921773	tweet 4	940	485	249	929
4	26	2016-03-04 11:09:24.921786	tweet 4	466	255	398	424
4	27	2016-03-04 11:09:24.921799	tweet 4	446	209	72	572
4	28	2016-03-04 11:09:24.921812	tweet 4	629	891	454	621
4	29	2016-03-04 11:09:24.921825	tweet 4	573	224	489	536
4	30	2016-03-04 11:09:24.921838	tweet 4	764	431	897	888
4	31	2016-03-04 11:09:24.921851	tweet 4	295	107	646	739
4	32	2016-03-04 11:09:24.921864	tweet 4	721	226	157	788
4	33	2016-03-04 11:09:24.921877	tweet 4	938	617	321	55
4	34	2016-03-04 11:09:24.921891	tweet 4	59	641	649	163
4	35	2016-03-04 11:09:24.921905	tweet 4	38	933	425	803
4	36	2016-03-04 11:09:24.921923	tweet 4	823	309	363	641
4	37	2016-03-04 11:09:24.921938	tweet 4	848	808	701	300
4	38	2016-03-04 11:09:24.921951	tweet 4	850	174	969	856
4	39	2016-03-04 11:09:24.921965	tweet 4	392	218	428	967
4	40	2016-03-04 11:09:24.921978	tweet 4	313	984	562	895
4	41	2016-03-04 11:09:24.921991	tweet 4	388	851	211	352
4	42	2016-03-04 11:09:24.922004	tweet 4	568	816	94	917
4	43	2016-03-04 11:09:24.922095	tweet 4	488	873	596	254
4	44	2016-03-04 11:09:24.922115	tweet 4	18	205	833	228
4	45	2016-03-04 11:09:24.922130	tweet 4	836	841	665	269
4	46	2016-03-04 11:09:24.922145	tweet 4	462	677	2	894
4	47	2016-03-04 11:09:24.922159	tweet 4	70	995	339	313
4	48	2016-03-04 11:09:24.922173	tweet 4	815	193	197	934
4	49	2016-03-04 11:09:24.922187	tweet 4	602	981	325	543
4	50	2016-03-04 11:09:24.922211	tweet 4	938	987	19	323
4	51	2016-03-04 11:09:24.922277	tweet 4	197	366	495	681
4	52	2016-03-04 11:09:24.922304	tweet 4	292	597	169	15
4	53	2016-03-04 11:09:24.922329	tweet 4	292	504	951	858
4	54	2016-03-04 11:09:24.922353	tweet 4	526	26	886	548
4	55	2016-03-04 11:09:24.922373	tweet 4	365	245	894	440
4	56	2016-03-04 11:09:24.922387	tweet 4	983	477	785	916
4	57	2016-03-04 11:09:24.922400	tweet 4	49	628	406	603
4	58	2016-03-04 11:09:24.922413	tweet 4	533	582	38	588
4	59	2016-03-04 11:09:24.922426	tweet 4	776	164	494	626
4	60	2016-03-04 11:09:24.922439	tweet 4	452	148	380	944
4	61	2016-03-04 11:09:24.922452	tweet 4	140	142	227	484
4	62	2016-03-04 11:09:24.922466	tweet 4	301	512	771	906
4	63	2016-03-04 11:09:24.922479	tweet 4	871	976	926	963
4	64	2016-03-04 11:09:24.922492	tweet 4	382	632	501	404
4	65	2016-03-04 11:09:24.922505	tweet 4	819	511	90	541
4	66	2016-03-04 11:09:24.922518	tweet 4	44	96	263	414
4	67	2016-03-04 11:09:24.922531	tweet 4	295	507	628	623
4	68	2016-03-04 11:09:24.922544	tweet 4	853	76	544	934
4	69	2016-03-04 11:09:24.922557	tweet 4	760	238	290	748
4	70	2016-03-04 11:09:24.922575	tweet 4	166	479	450	444
4	71	2016-03-04 11:09:24.922589	tweet 4	299	663	317	328
4	72	2016-03-04 11:09:24.922602	tweet 4	191	766	1000	229
4	73	2016-03-04 11:09:24.922615	tweet 4	390	580	689	11
4	74	2016-03-04 11:09:24.922628	tweet 4	853	499	430	412
4	75	2016-03-04 11:09:24.922642	tweet 4	606	720	356	798
4	76	2016-03-04 11:09:24.922655	tweet 4	159	107	72	620
4	77	2016-03-04 11:09:24.922668	tweet 4	258	144	136	643
4	78	2016-03-04 11:09:24.922681	tweet 4	561	746	586	862
4	79	2016-03-04 11:09:24.922694	tweet 4	631	346	900	711
4	80	2016-03-04 11:09:24.922707	tweet 4	735	994	509	419
4	81	2016-03-04 11:09:24.922720	tweet 4	115	495	199	884
4	82	2016-03-04 11:09:24.922733	tweet 4	101	918	448	719
4	83	2016-03-04 11:09:24.922746	tweet 4	102	236	26	713
4	84	2016-03-04 11:09:24.922759	tweet 4	572	948	329	815
4	85	2016-03-04 11:09:24.922772	tweet 4	177	656	580	383
4	86	2016-03-04 11:09:24.922785	tweet 4	229	761	885	248
4	87	2016-03-04 11:09:24.922798	tweet 4	181	629	987	741
4	88	2016-03-04 11:09:24.922811	tweet 4	251	557	508	821
4	89	2016-03-04 11:09:24.922824	tweet 4	5	164	782	919
4	90	2016-03-04 11:09:24.922838	tweet 4	227	411	806	673
4	91	2016-03-04 11:09:24.922851	tweet 4	354	989	838	676
4	92	2016-03-04 11:09:24.922864	tweet 4	309	168	769	812
4	93	2016-03-04 11:09:24.922877	tweet 4	858	302	645	616
4	94	2016-03-04 11:09:24.922890	tweet 4	663	780	409	756
4	95	2016-03-04 11:09:24.922903	tweet 4	90	582	313	888
4	96	2016-03-04 11:09:24.922916	tweet 4	794	144	415	793
4	97	2016-03-04 11:09:24.922929	tweet 4	124	656	735	192
4	98	2016-03-04 11:09:24.922942	tweet 4	167	227	866	179
4	99	2016-03-04 11:09:24.922955	tweet 4	716	269	898	627
5	0	2016-03-04 11:09:24.922969	tweet 5	239	750	991	195
5	1	2016-03-04 11:09:24.922983	tweet 5	151	60	944	734
5	2	2016-03-04 11:09:24.922996	tweet 5	187	88	420	950
5	3	2016-03-04 11:09:24.923009	tweet 5	828	652	387	217
5	4	2016-03-04 11:09:24.923022	tweet 5	819	871	600	459
5	5	2016-03-04 11:09:24.923035	tweet 5	517	849	700	268
5	6	2016-03-04 11:09:24.923048	tweet 5	536	882	172	120
5	7	2016-03-04 11:09:24.923062	tweet 5	282	582	523	370
5	8	2016-03-04 11:09:24.923084	tweet 5	525	412	835	736
5	9	2016-03-04 11:09:24.923100	tweet 5	496	708	21	168
5	10	2016-03-04 11:09:24.923113	tweet 5	653	506	555	611
5	11	2016-03-04 11:09:24.923127	tweet 5	924	868	136	466
5	12	2016-03-04 11:09:24.923141	tweet 5	432	498	177	914
5	13	2016-03-04 11:09:24.923154	tweet 5	156	273	62	709
5	14	2016-03-04 11:09:24.923167	tweet 5	513	201	108	668
5	15	2016-03-04 11:09:24.923180	tweet 5	521	179	257	190
5	16	2016-03-04 11:09:24.923193	tweet 5	643	289	433	361
5	17	2016-03-04 11:09:24.923207	tweet 5	753	525	848	488
5	18	2016-03-04 11:09:24.923220	tweet 5	332	143	789	764
5	19	2016-03-04 11:09:24.923233	tweet 5	885	98	749	692
5	20	2016-03-04 11:09:24.923246	tweet 5	539	457	119	951
5	21	2016-03-04 11:09:24.923259	tweet 5	617	939	454	996
5	22	2016-03-04 11:09:24.923272	tweet 5	720	80	340	45
5	23	2016-03-04 11:09:24.923285	tweet 5	267	922	497	951
5	24	2016-03-04 11:09:24.923298	tweet 5	654	30	945	129
5	25	2016-03-04 11:09:24.923311	tweet 5	767	963	545	564
5	26	2016-03-04 11:09:24.923324	tweet 5	845	896	857	75
5	27	2016-03-04 11:09:24.923337	tweet 5	924	507	446	198
5	28	2016-03-04 11:09:24.923350	tweet 5	336	456	247	165
5	29	2016-03-04 11:09:24.923364	tweet 5	103	3	424	852
5	30	2016-03-04 11:09:24.923377	tweet 5	577	725	352	777
5	31	2016-03-04 11:09:24.923390	tweet 5	315	731	342	276
5	32	2016-03-04 11:09:24.923403	tweet 5	270	930	478	52
5	33	2016-03-04 11:09:24.923416	tweet 5	162	301	324	441
5	34	2016-03-04 11:09:24.923429	tweet 5	170	589	378	971
5	35	2016-03-04 11:09:24.923442	tweet 5	35	879	15	661
5	36	2016-03-04 11:09:24.923455	tweet 5	431	570	96	774
5	37	2016-03-04 11:09:24.923468	tweet 5	350	653	15	152
5	38	2016-03-04 11:09:24.923481	tweet 5	668	174	676	645
5	39	2016-03-04 11:09:24.923494	tweet 5	37	190	891	700
5	40	2016-03-04 11:09:24.923507	tweet 5	624	336	45	735
5	41	2016-03-04 11:09:24.923520	tweet 5	127	542	469	526
5	42	2016-03-04 11:09:24.923533	tweet 5	851	796	596	879
5	43	2016-03-04 11:09:24.923546	tweet 5	187	354	268	879
5	44	2016-03-04 11:09:24.923559	tweet 5	977	917	775	900
5	45	2016-03-04 11:09:24.923575	tweet 5	130	550	194	999
5	46	2016-03-04 11:09:24.923589	tweet 5	11	541	568	419
5	47	2016-03-04 11:09:24.923602	tweet 5	390	616	496	219
5	48	2016-03-04 11:09:24.923615	tweet 5	174	415	807	602
5	49	2016-03-04 11:09:24.923628	tweet 5	718	517	135	613
5	50	2016-03-04 11:09:24.923641	tweet 5	950	647	861	424
5	51	2016-03-04 11:09:24.923654	tweet 5	305	739	676	143
5	52	2016-03-04 11:09:24.923667	tweet 5	320	369	461	514
5	53	2016-03-04 11:09:24.923680	tweet 5	825	371	197	948
5	54	2016-03-04 11:09:24.923694	tweet 5	58	370	946	199
5	55	2016-03-04 11:09:24.923707	tweet 5	814	322	366	955
5	56	2016-03-04 11:09:24.923720	tweet 5	829	755	642	88
5	57	2016-03-04 11:09:24.923733	tweet 5	152	986	216	830
5	58	2016-03-04 11:09:24.923746	tweet 5	224	927	68	732
5	59	2016-03-04 11:09:24.923759	tweet 5	267	327	603	657
5	60	2016-03-04 11:09:24.923772	tweet 5	205	209	502	729
5	61	2016-03-04 11:09:24.923796	tweet 5	203	622	746	253
5	62	2016-03-04 11:09:24.923811	tweet 5	434	338	510	702
5	63	2016-03-04 11:09:24.923825	tweet 5	224	511	386	670
5	64	2016-03-04 11:09:24.923839	tweet 5	329	384	703	637
5	65	2016-03-04 11:09:24.923864	tweet 5	778	679	229	285
5	66	2016-03-04 11:09:24.923877	tweet 5	632	841	98	630
5	67	2016-03-04 11:09:24.923890	tweet 5	768	966	641	716
5	68	2016-03-04 11:09:24.923903	tweet 5	131	903	160	258
5	69	2016-03-04 11:09:24.923916	tweet 5	93	508	287	263
5	70	2016-03-04 11:09:24.923929	tweet 5	499	953	467	572
5	71	2016-03-04 11:09:24.923942	tweet 5	123	167	78	355
5	72	2016-03-04 11:09:24.923955	tweet 5	958	605	130	928
5	73	2016-03-04 11:09:24.923968	tweet 5	426	322	821	900
5	74	2016-03-04 11:09:24.923991	tweet 5	102	773	70	559
5	75	2016-03-04 11:09:24.924005	tweet 5	72	135	671	899
5	76	2016-03-04 11:09:24.924019	tweet 5	714	90	860	202
5	77	2016-03-04 11:09:24.924034	tweet 5	649	39	477	802
5	78	2016-03-04 11:09:24.924048	tweet 5	392	337	700	859
5	79	2016-03-04 11:09:24.924062	tweet 5	385	554	532	235
5	80	2016-03-04 11:09:24.924091	tweet 5	444	73	128	86
5	81	2016-03-04 11:09:24.924106	tweet 5	447	349	609	625
5	82	2016-03-04 11:09:24.924120	tweet 5	139	0	681	483
5	83	2016-03-04 11:09:24.924133	tweet 5	327	894	973	126
5	84	2016-03-04 11:09:24.924146	tweet 5	448	714	530	545
5	85	2016-03-04 11:09:24.924159	tweet 5	888	281	257	562
5	86	2016-03-04 11:09:24.924172	tweet 5	9	510	625	565
5	87	2016-03-04 11:09:24.924185	tweet 5	35	556	404	438
5	88	2016-03-04 11:09:24.924199	tweet 5	566	28	64	181
5	89	2016-03-04 11:09:24.924212	tweet 5	713	883	190	373
5	90	2016-03-04 11:09:24.924226	tweet 5	13	457	997	84
5	91	2016-03-04 11:09:24.924239	tweet 5	703	974	285	174
5	92	2016-03-04 11:09:24.924252	tweet 5	613	340	699	429
5	93	2016-03-04 11:09:24.924265	tweet 5	565	393	353	35
5	94	2016-03-04 11:09:24.924278	tweet 5	146	397	554	161
5	95	2016-03-04 11:09:24.924291	tweet 5	145	676	324	871
5	96	2016-03-04 11:09:24.924305	tweet 5	13	670	229	25
5	97	2016-03-04 11:09:24.924318	tweet 5	955	81	653	412
5	98	2016-03-04 11:09:24.924331	tweet 5	583	909	898	983
5	99	2016-03-04 11:09:24.924344	tweet 5	916	191	978	548
6	0	2016-03-04 11:09:24.924358	tweet 6	538	606	191	197
6	1	2016-03-04 11:09:24.924371	tweet 6	595	847	446	18
6	2	2016-03-04 11:09:24.924385	tweet 6	61	777	206	959
6	3	2016-03-04 11:09:24.924397	tweet 6	474	522	159	244
6	4	2016-03-04 11:09:24.924411	tweet 6	966	828	667	860
6	5	2016-03-04 11:09:24.924424	tweet 6	213	191	445	336
6	6	2016-03-04 11:09:24.924437	tweet 6	834	972	244	774
6	7	2016-03-04 11:09:24.924450	tweet 6	351	141	93	78
6	8	2016-03-04 11:09:24.924463	tweet 6	127	443	997	80
6	9	2016-03-04 11:09:24.924476	tweet 6	629	226	446	525
6	10	2016-03-04 11:09:24.924489	tweet 6	584	369	225	264
6	11	2016-03-04 11:09:24.924502	tweet 6	845	617	431	184
6	12	2016-03-04 11:09:24.924515	tweet 6	214	925	864	990
6	13	2016-03-04 11:09:24.924528	tweet 6	942	542	519	679
6	14	2016-03-04 11:09:24.924541	tweet 6	412	178	732	618
6	15	2016-03-04 11:09:24.924554	tweet 6	475	957	548	0
6	16	2016-03-04 11:09:24.924569	tweet 6	223	965	553	143
6	17	2016-03-04 11:09:24.924583	tweet 6	179	740	278	780
6	18	2016-03-04 11:09:24.924596	tweet 6	634	686	884	794
6	19	2016-03-04 11:09:24.924610	tweet 6	382	782	312	0
6	20	2016-03-04 11:09:24.924623	tweet 6	771	523	530	55
6	21	2016-03-04 11:09:24.924636	tweet 6	795	422	600	768
6	22	2016-03-04 11:09:24.924649	tweet 6	727	729	797	339
6	23	2016-03-04 11:09:24.924662	tweet 6	448	995	600	77
6	24	2016-03-04 11:09:24.924675	tweet 6	397	130	216	373
6	25	2016-03-04 11:09:24.924689	tweet 6	348	128	589	793
6	26	2016-03-04 11:09:24.924702	tweet 6	507	64	721	516
6	27	2016-03-04 11:09:24.924715	tweet 6	319	925	524	766
6	28	2016-03-04 11:09:24.924728	tweet 6	91	130	477	154
6	29	2016-03-04 11:09:24.924741	tweet 6	678	771	3	704
6	30	2016-03-04 11:09:24.924754	tweet 6	679	673	272	738
6	31	2016-03-04 11:09:24.924767	tweet 6	546	120	789	969
6	32	2016-03-04 11:09:24.924780	tweet 6	893	794	5	990
6	33	2016-03-04 11:09:24.924793	tweet 6	325	336	353	495
6	34	2016-03-04 11:09:24.924806	tweet 6	774	392	633	573
6	35	2016-03-04 11:09:24.924819	tweet 6	848	938	28	886
6	36	2016-03-04 11:09:24.924832	tweet 6	912	296	30	12
6	37	2016-03-04 11:09:24.924845	tweet 6	419	837	56	107
6	38	2016-03-04 11:09:24.924859	tweet 6	658	287	570	156
6	39	2016-03-04 11:09:24.924872	tweet 6	597	570	41	603
6	40	2016-03-04 11:09:24.924885	tweet 6	790	847	598	706
6	41	2016-03-04 11:09:24.924898	tweet 6	679	17	602	669
6	42	2016-03-04 11:09:24.924911	tweet 6	667	335	520	77
6	43	2016-03-04 11:09:24.924924	tweet 6	161	230	353	768
6	44	2016-03-04 11:09:24.924937	tweet 6	177	594	37	212
6	45	2016-03-04 11:09:24.924950	tweet 6	614	172	409	554
6	46	2016-03-04 11:09:24.924963	tweet 6	741	71	708	294
6	47	2016-03-04 11:09:24.924977	tweet 6	922	569	444	988
6	48	2016-03-04 11:09:24.924990	tweet 6	641	677	301	666
6	49	2016-03-04 11:09:24.925003	tweet 6	975	204	194	339
6	50	2016-03-04 11:09:24.925016	tweet 6	615	182	613	518
6	51	2016-03-04 11:09:24.925029	tweet 6	430	706	790	40
6	52	2016-03-04 11:09:24.925042	tweet 6	979	3	518	348
6	53	2016-03-04 11:09:24.925060	tweet 6	344	433	377	989
6	54	2016-03-04 11:09:24.925075	tweet 6	754	637	297	174
6	55	2016-03-04 11:09:24.925089	tweet 6	949	48	380	121
6	56	2016-03-04 11:09:24.925102	tweet 6	94	705	762	74
6	57	2016-03-04 11:09:24.925116	tweet 6	1	717	791	709
6	58	2016-03-04 11:09:24.925129	tweet 6	556	953	297	712
6	59	2016-03-04 11:09:24.925142	tweet 6	34	937	158	518
6	60	2016-03-04 11:09:24.925155	tweet 6	721	643	21	839
6	61	2016-03-04 11:09:24.925168	tweet 6	510	885	319	241
6	62	2016-03-04 11:09:24.925181	tweet 6	582	580	865	716
6	63	2016-03-04 11:09:24.925194	tweet 6	109	649	803	376
6	64	2016-03-04 11:09:24.925207	tweet 6	181	664	745	174
6	65	2016-03-04 11:09:24.925220	tweet 6	664	340	708	38
6	66	2016-03-04 11:09:24.925233	tweet 6	954	329	219	725
6	67	2016-03-04 11:09:24.925246	tweet 6	189	305	846	845
6	68	2016-03-04 11:09:24.925261	tweet 6	69	892	947	401
6	69	2016-03-04 11:09:24.925274	tweet 6	901	876	203	802
6	70	2016-03-04 11:09:24.925287	tweet 6	946	425	474	890
6	71	2016-03-04 11:09:24.925300	tweet 6	865	728	727	919
6	72	2016-03-04 11:09:24.925313	tweet 6	490	866	75	160
6	73	2016-03-04 11:09:24.925326	tweet 6	344	654	634	709
6	74	2016-03-04 11:09:24.925339	tweet 6	306	245	967	230
6	75	2016-03-04 11:09:24.925352	tweet 6	100	182	292	468
6	76	2016-03-04 11:09:24.925365	tweet 6	825	537	474	179
6	77	2016-03-04 11:09:24.925378	tweet 6	296	879	185	562
6	78	2016-03-04 11:09:24.925391	tweet 6	859	703	193	601
6	79	2016-03-04 11:09:24.925404	tweet 6	939	695	243	242
6	80	2016-03-04 11:09:24.925418	tweet 6	44	915	399	889
6	81	2016-03-04 11:09:24.925431	tweet 6	828	1000	456	75
6	82	2016-03-04 11:09:24.925444	tweet 6	184	812	547	324
6	83	2016-03-04 11:09:24.925457	tweet 6	480	545	687	984
6	84	2016-03-04 11:09:24.925470	tweet 6	763	466	659	300
6	85	2016-03-04 11:09:24.925483	tweet 6	895	980	148	105
6	86	2016-03-04 11:09:24.925496	tweet 6	54	390	256	460
6	87	2016-03-04 11:09:24.925509	tweet 6	805	878	606	246
6	88	2016-03-04 11:09:24.925522	tweet 6	417	574	260	701
6	89	2016-03-04 11:09:24.925535	tweet 6	11	267	585	852
6	90	2016-03-04 11:09:24.925548	tweet 6	296	638	82	836
6	91	2016-03-04 11:09:24.925561	tweet 6	75	926	705	73
6	92	2016-03-04 11:09:24.925577	tweet 6	501	89	647	587
6	93	2016-03-04 11:09:24.925591	tweet 6	531	303	219	785
6	94	2016-03-04 11:09:24.925604	tweet 6	119	744	301	467
6	95	2016-03-04 11:09:24.925617	tweet 6	164	47	275	690
6	96	2016-03-04 11:09:24.925630	tweet 6	457	819	471	55
6	97	2016-03-04 11:09:24.925643	tweet 6	525	46	369	264
6	98	2016-03-04 11:09:24.925657	tweet 6	467	992	897	181
6	99	2016-03-04 11:09:24.925670	tweet 6	438	259	317	472
7	0	2016-03-04 11:09:24.925683	tweet 7	571	149	773	348
7	1	2016-03-04 11:09:24.925697	tweet 7	998	385	864	652
7	2	2016-03-04 11:09:24.925710	tweet 7	194	725	415	594
7	3	2016-03-04 11:09:24.925723	tweet 7	811	826	617	123
7	4	2016-03-04 11:09:24.925736	tweet 7	76	788	262	690
7	5	2016-03-04 11:09:24.925749	tweet 7	456	886	652	360
7	6	2016-03-04 11:09:24.925762	tweet 7	28	998	375	763
7	7	2016-03-04 11:09:24.925775	tweet 7	827	524	53	958
7	8	2016-03-04 11:09:24.925788	tweet 7	616	247	92	941
7	9	2016-03-04 11:09:24.925801	tweet 7	162	101	269	21
7	10	2016-03-04 11:09:24.925814	tweet 7	2	244	571	573
7	11	2016-03-04 11:09:24.925827	tweet 7	516	20	172	53
7	12	2016-03-04 11:09:24.925840	tweet 7	986	393	561	673
7	13	2016-03-04 11:09:24.925853	tweet 7	920	758	498	213
7	14	2016-03-04 11:09:24.925866	tweet 7	736	919	627	261
7	15	2016-03-04 11:09:24.925879	tweet 7	45	526	679	629
7	16	2016-03-04 11:09:24.925892	tweet 7	924	344	152	181
7	17	2016-03-04 11:09:24.925905	tweet 7	191	324	144	532
7	18	2016-03-04 11:09:24.925918	tweet 7	967	36	23	896
7	19	2016-03-04 11:09:24.925931	tweet 7	377	850	339	172
7	20	2016-03-04 11:09:24.925945	tweet 7	223	555	903	746
7	21	2016-03-04 11:09:24.925958	tweet 7	177	30	681	772
7	22	2016-03-04 11:09:24.925971	tweet 7	74	246	699	955
7	23	2016-03-04 11:09:24.925984	tweet 7	81	580	7	223
7	24	2016-03-04 11:09:24.925997	tweet 7	139	934	929	298
7	25	2016-03-04 11:09:24.926010	tweet 7	484	415	836	637
7	26	2016-03-04 11:09:24.926028	tweet 7	952	257	177	260
7	27	2016-03-04 11:09:24.926054	tweet 7	312	271	338	583
7	28	2016-03-04 11:09:24.926069	tweet 7	290	265	288	989
7	29	2016-03-04 11:09:24.926083	tweet 7	96	119	230	307
7	30	2016-03-04 11:09:24.926097	tweet 7	735	256	635	608
7	31	2016-03-04 11:09:24.926111	tweet 7	716	51	440	54
7	32	2016-03-04 11:09:24.926126	tweet 7	436	150	709	104
7	33	2016-03-04 11:09:24.926140	tweet 7	900	557	84	774
7	34	2016-03-04 11:09:24.926154	tweet 7	889	679	353	466
7	35	2016-03-04 11:09:24.926168	tweet 7	968	983	887	781
7	36	2016-03-04 11:09:24.926182	tweet 7	509	179	624	578
7	37	2016-03-04 11:09:24.926195	tweet 7	65	757	556	778
7	38	2016-03-04 11:09:24.926209	tweet 7	935	45	37	465
7	39	2016-03-04 11:09:24.926223	tweet 7	606	717	810	418
7	40	2016-03-04 11:09:24.926237	tweet 7	144	245	777	649
7	41	2016-03-04 11:09:24.926251	tweet 7	136	993	249	578
7	42	2016-03-04 11:09:24.926265	tweet 7	429	578	756	44
7	43	2016-03-04 11:09:24.926279	tweet 7	567	965	380	20
7	44	2016-03-04 11:09:24.926293	tweet 7	221	467	219	8
7	45	2016-03-04 11:09:24.926308	tweet 7	448	309	575	190
7	46	2016-03-04 11:09:24.926323	tweet 7	299	444	576	884
7	47	2016-03-04 11:09:24.926337	tweet 7	680	183	725	430
7	48	2016-03-04 11:09:24.926351	tweet 7	324	401	973	359
7	49	2016-03-04 11:09:24.926365	tweet 7	175	562	430	412
7	50	2016-03-04 11:09:24.926379	tweet 7	104	149	600	411
7	51	2016-03-04 11:09:24.926393	tweet 7	944	51	278	353
7	52	2016-03-04 11:09:24.926407	tweet 7	420	436	191	355
7	53	2016-03-04 11:09:24.926421	tweet 7	902	252	219	317
7	54	2016-03-04 11:09:24.926435	tweet 7	679	419	597	960
7	55	2016-03-04 11:09:24.926449	tweet 7	62	277	920	248
7	56	2016-03-04 11:09:24.926463	tweet 7	97	158	631	131
7	57	2016-03-04 11:09:24.926477	tweet 7	360	92	369	264
7	58	2016-03-04 11:09:24.926491	tweet 7	424	577	171	331
7	59	2016-03-04 11:09:24.926505	tweet 7	920	580	758	93
7	60	2016-03-04 11:09:24.926519	tweet 7	871	731	505	90
7	61	2016-03-04 11:09:24.926533	tweet 7	489	709	468	89
7	62	2016-03-04 11:09:24.926547	tweet 7	861	82	301	72
7	63	2016-03-04 11:09:24.926561	tweet 7	0	411	182	360
7	64	2016-03-04 11:09:24.926579	tweet 7	336	944	819	168
7	65	2016-03-04 11:09:24.926594	tweet 7	5	446	183	558
7	66	2016-03-04 11:09:24.926608	tweet 7	177	164	929	635
7	67	2016-03-04 11:09:24.926622	tweet 7	560	674	176	842
7	68	2016-03-04 11:09:24.926636	tweet 7	639	910	929	162
7	69	2016-03-04 11:09:24.926650	tweet 7	379	899	514	974
7	70	2016-03-04 11:09:24.926664	tweet 7	242	762	936	710
7	71	2016-03-04 11:09:24.926678	tweet 7	166	668	344	842
7	72	2016-03-04 11:09:24.926692	tweet 7	690	401	316	956
7	73	2016-03-04 11:09:24.926707	tweet 7	579	856	412	608
7	74	2016-03-04 11:09:24.926721	tweet 7	583	344	304	10
7	75	2016-03-04 11:09:24.926735	tweet 7	750	470	480	748
7	76	2016-03-04 11:09:24.926749	tweet 7	334	739	29	645
7	77	2016-03-04 11:09:24.926762	tweet 7	238	98	784	913
7	78	2016-03-04 11:09:24.926777	tweet 7	78	563	254	167
7	79	2016-03-04 11:09:24.926791	tweet 7	604	291	907	839
7	80	2016-03-04 11:09:24.926805	tweet 7	467	18	778	563
7	81	2016-03-04 11:09:24.926819	tweet 7	150	710	711	783
7	82	2016-03-04 11:09:24.926833	tweet 7	218	858	240	813
7	83	2016-03-04 11:09:24.926847	tweet 7	63	53	829	191
7	84	2016-03-04 11:09:24.926862	tweet 7	745	441	17	542
7	85	2016-03-04 11:09:24.926876	tweet 7	898	756	914	792
7	86	2016-03-04 11:09:24.926890	tweet 7	455	356	539	104
7	87	2016-03-04 11:09:24.926904	tweet 7	610	343	482	559
7	88	2016-03-04 11:09:24.926918	tweet 7	182	969	317	847
7	89	2016-03-04 11:09:24.926932	tweet 7	378	867	536	906
7	90	2016-03-04 11:09:24.926946	tweet 7	899	73	188	995
7	91	2016-03-04 11:09:24.926961	tweet 7	881	993	400	465
7	92	2016-03-04 11:09:24.926975	tweet 7	529	657	566	417
7	93	2016-03-04 11:09:24.926990	tweet 7	248	86	772	68
7	94	2016-03-04 11:09:24.927025	tweet 7	323	982	743	279
7	95	2016-03-04 11:09:24.927056	tweet 7	707	453	669	904
7	96	2016-03-04 11:09:24.927072	tweet 7	531	988	495	159
7	97	2016-03-04 11:09:24.927086	tweet 7	341	544	283	474
7	98	2016-03-04 11:09:24.927111	tweet 7	87	375	491	913
7	99	2016-03-04 11:09:24.927128	tweet 7	34	756	849	166
8	0	2016-03-04 11:09:24.927144	tweet 8	212	949	991	304
8	1	2016-03-04 11:09:24.927158	tweet 8	963	383	993	322
8	2	2016-03-04 11:09:24.927173	tweet 8	794	931	665	503
8	3	2016-03-04 11:09:24.927187	tweet 8	113	586	324	936
8	4	2016-03-04 11:09:24.927201	tweet 8	102	905	559	884
8	5	2016-03-04 11:09:24.927215	tweet 8	368	284	495	821
8	6	2016-03-04 11:09:24.927229	tweet 8	717	575	425	583
8	7	2016-03-04 11:09:24.927243	tweet 8	258	567	516	582
8	8	2016-03-04 11:09:24.927257	tweet 8	61	690	104	964
8	9	2016-03-04 11:09:24.927271	tweet 8	676	90	749	698
8	10	2016-03-04 11:09:24.927285	tweet 8	590	851	580	152
8	11	2016-03-04 11:09:24.927299	tweet 8	690	280	5	925
8	12	2016-03-04 11:09:24.927314	tweet 8	906	233	491	503
8	13	2016-03-04 11:09:24.927328	tweet 8	860	46	773	137
8	14	2016-03-04 11:09:24.927342	tweet 8	63	187	49	621
8	15	2016-03-04 11:09:24.927356	tweet 8	273	845	284	61
8	16	2016-03-04 11:09:24.927371	tweet 8	458	826	137	630
8	17	2016-03-04 11:09:24.927385	tweet 8	63	7	480	832
8	18	2016-03-04 11:09:24.927399	tweet 8	551	938	849	284
8	19	2016-03-04 11:09:24.927413	tweet 8	193	463	515	905
8	20	2016-03-04 11:09:24.927427	tweet 8	793	9	897	957
8	21	2016-03-04 11:09:24.927441	tweet 8	793	268	803	853
8	22	2016-03-04 11:09:24.927455	tweet 8	951	49	781	97
8	23	2016-03-04 11:09:24.927470	tweet 8	393	950	673	655
8	24	2016-03-04 11:09:24.927485	tweet 8	51	660	586	647
8	25	2016-03-04 11:09:24.927499	tweet 8	5	39	222	437
8	26	2016-03-04 11:09:24.927514	tweet 8	640	720	128	77
8	27	2016-03-04 11:09:24.927528	tweet 8	986	385	301	503
8	28	2016-03-04 11:09:24.927542	tweet 8	281	91	904	851
8	29	2016-03-04 11:09:24.927557	tweet 8	648	864	931	702
8	30	2016-03-04 11:09:24.927581	tweet 8	932	389	527	414
8	31	2016-03-04 11:09:24.927609	tweet 8	174	811	927	37
8	32	2016-03-04 11:09:24.927638	tweet 8	429	912	938	863
8	33	2016-03-04 11:09:24.927666	tweet 8	282	354	240	833
8	34	2016-03-04 11:09:24.927695	tweet 8	94	799	414	940
8	35	2016-03-04 11:09:24.927711	tweet 8	116	83	46	691
8	36	2016-03-04 11:09:24.927726	tweet 8	554	362	597	204
8	37	2016-03-04 11:09:24.927740	tweet 8	280	829	716	760
8	38	2016-03-04 11:09:24.927754	tweet 8	763	648	535	990
8	39	2016-03-04 11:09:24.927768	tweet 8	433	5	572	40
8	40	2016-03-04 11:09:24.927782	tweet 8	53	115	796	180
8	41	2016-03-04 11:09:24.927797	tweet 8	248	801	638	668
8	42	2016-03-04 11:09:24.927811	tweet 8	447	625	138	770
8	43	2016-03-04 11:09:24.927825	tweet 8	584	489	666	790
8	44	2016-03-04 11:09:24.927839	tweet 8	603	930	675	148
8	45	2016-03-04 11:09:24.927853	tweet 8	613	975	272	776
8	46	2016-03-04 11:09:24.927868	tweet 8	927	315	402	83
8	47	2016-03-04 11:09:24.927882	tweet 8	38	522	963	535
8	48	2016-03-04 11:09:24.927896	tweet 8	80	514	206	942
8	49	2016-03-04 11:09:24.927910	tweet 8	202	278	285	249
8	50	2016-03-04 11:09:24.927924	tweet 8	746	607	66	307
8	51	2016-03-04 11:09:24.927939	tweet 8	491	590	269	475
8	52	2016-03-04 11:09:24.927953	tweet 8	43	563	599	430
8	53	2016-03-04 11:09:24.927967	tweet 8	920	916	811	322
8	54	2016-03-04 11:09:24.927981	tweet 8	784	82	170	500
8	55	2016-03-04 11:09:24.927995	tweet 8	382	846	688	741
8	56	2016-03-04 11:09:24.928009	tweet 8	431	722	100	542
8	57	2016-03-04 11:09:24.928024	tweet 8	651	254	910	742
8	58	2016-03-04 11:09:24.928038	tweet 8	953	332	205	569
8	59	2016-03-04 11:09:24.928052	tweet 8	239	438	928	115
8	60	2016-03-04 11:09:24.928066	tweet 8	905	681	333	377
8	61	2016-03-04 11:09:24.928081	tweet 8	614	260	4	220
8	62	2016-03-04 11:09:24.928095	tweet 8	332	694	967	181
8	63	2016-03-04 11:09:24.928109	tweet 8	491	671	538	605
8	64	2016-03-04 11:09:24.928123	tweet 8	934	517	752	141
8	65	2016-03-04 11:09:24.928137	tweet 8	479	911	825	879
8	66	2016-03-04 11:09:24.928151	tweet 8	274	958	196	469
8	67	2016-03-04 11:09:24.928165	tweet 8	184	996	347	777
8	68	2016-03-04 11:09:24.928180	tweet 8	923	163	528	436
8	69	2016-03-04 11:09:24.928194	tweet 8	371	968	356	795
8	70	2016-03-04 11:09:24.928208	tweet 8	692	455	355	723
8	71	2016-03-04 11:09:24.928238	tweet 8	999	763	927	479
8	72	2016-03-04 11:09:24.928254	tweet 8	335	304	652	202
8	73	2016-03-04 11:09:24.928269	tweet 8	65	924	231	960
8	74	2016-03-04 11:09:24.928283	tweet 8	897	70	662	708
8	75	2016-03-04 11:09:24.928298	tweet 8	836	383	173	725
8	76	2016-03-04 11:09:24.928312	tweet 8	256	393	584	383
8	77	2016-03-04 11:09:24.928326	tweet 8	511	606	11	979
8	78	2016-03-04 11:09:24.928340	tweet 8	951	939	189	445
8	79	2016-03-04 11:09:24.928354	tweet 8	600	120	240	407
8	80	2016-03-04 11:09:24.928368	tweet 8	364	805	786	625
8	81	2016-03-04 11:09:24.928382	tweet 8	968	683	282	371
8	82	2016-03-04 11:09:24.928396	tweet 8	999	915	881	307
8	83	2016-03-04 11:09:24.928410	tweet 8	794	704	434	568
8	84	2016-03-04 11:09:24.928424	tweet 8	616	184	704	876
8	85	2016-03-04 11:09:24.928438	tweet 8	933	128	261	852
8	86	2016-03-04 11:09:24.928452	tweet 8	235	653	58	846
8	87	2016-03-04 11:09:24.928466	tweet 8	122	108	449	522
8	88	2016-03-04 11:09:24.928480	tweet 8	2	269	624	547
8	89	2016-03-04 11:09:24.928494	tweet 8	398	112	971	84
8	90	2016-03-04 11:09:24.928508	tweet 8	958	125	707	392
8	91	2016-03-04 11:09:24.928522	tweet 8	171	854	551	509
8	92	2016-03-04 11:09:24.928536	tweet 8	478	187	338	519
8	93	2016-03-04 11:09:24.928550	tweet 8	300	553	29	748
8	94	2016-03-04 11:09:24.928564	tweet 8	581	727	665	895
8	95	2016-03-04 11:09:24.928584	tweet 8	999	484	192	444
8	96	2016-03-04 11:09:24.928599	tweet 8	995	974	534	6
8	97	2016-03-04 11:09:24.928613	tweet 8	46	656	492	704
8	98	2016-03-04 11:09:24.928628	tweet 8	763	75	752	167
8	99	2016-03-04 11:09:24.928642	tweet 8	957	767	557	441
9	0	2016-03-04 11:09:24.928657	tweet 9	395	223	473	550
9	1	2016-03-04 11:09:24.928672	tweet 9	377	266	242	783
9	2	2016-03-04 11:09:24.928687	tweet 9	0	577	120	342
9	3	2016-03-04 11:09:24.928701	tweet 9	347	338	371	791
9	4	2016-03-04 11:09:24.928715	tweet 9	514	439	19	116
9	5	2016-03-04 11:09:24.928729	tweet 9	646	23	387	31
9	6	2016-03-04 11:09:24.928743	tweet 9	344	607	237	894
9	7	2016-03-04 11:09:24.928757	tweet 9	229	962	37	104
9	8	2016-03-04 11:09:24.928771	tweet 9	140	165	530	666
9	9	2016-03-04 11:09:24.928785	tweet 9	903	343	510	365
9	10	2016-03-04 11:09:24.928800	tweet 9	183	287	147	379
9	11	2016-03-04 11:09:24.928814	tweet 9	760	704	674	445
9	12	2016-03-04 11:09:24.928828	tweet 9	127	543	753	761
9	13	2016-03-04 11:09:24.928843	tweet 9	996	872	950	696
9	14	2016-03-04 11:09:24.928857	tweet 9	918	213	298	62
9	15	2016-03-04 11:09:24.928871	tweet 9	594	362	153	847
9	16	2016-03-04 11:09:24.928885	tweet 9	533	760	559	717
9	17	2016-03-04 11:09:24.928899	tweet 9	276	924	568	402
9	18	2016-03-04 11:09:24.928913	tweet 9	758	200	587	716
9	19	2016-03-04 11:09:24.928927	tweet 9	814	402	433	446
9	20	2016-03-04 11:09:24.928941	tweet 9	525	544	304	612
9	21	2016-03-04 11:09:24.928955	tweet 9	644	570	600	447
9	22	2016-03-04 11:09:24.928970	tweet 9	641	354	958	83
9	23	2016-03-04 11:09:24.928984	tweet 9	533	125	450	868
9	24	2016-03-04 11:09:24.928998	tweet 9	448	786	144	586
9	25	2016-03-04 11:09:24.929012	tweet 9	0	186	782	877
9	26	2016-03-04 11:09:24.929026	tweet 9	32	35	643	971
9	27	2016-03-04 11:09:24.929041	tweet 9	286	813	778	314
9	28	2016-03-04 11:09:24.929055	tweet 9	106	572	772	303
9	29	2016-03-04 11:09:24.929069	tweet 9	955	607	351	176
9	30	2016-03-04 11:09:24.929083	tweet 9	452	880	207	641
9	31	2016-03-04 11:09:24.929097	tweet 9	441	188	382	789
9	32	2016-03-04 11:09:24.929111	tweet 9	110	957	186	540
9	33	2016-03-04 11:09:24.929125	tweet 9	455	628	16	95
9	34	2016-03-04 11:09:24.929140	tweet 9	981	722	183	459
9	35	2016-03-04 11:09:24.929154	tweet 9	418	450	216	326
9	36	2016-03-04 11:09:24.929168	tweet 9	20	393	1000	976
9	37	2016-03-04 11:09:24.929182	tweet 9	688	411	766	356
9	38	2016-03-04 11:09:24.929196	tweet 9	72	787	307	436
9	39	2016-03-04 11:09:24.929211	tweet 9	708	460	289	216
9	40	2016-03-04 11:09:24.929225	tweet 9	164	601	737	549
9	41	2016-03-04 11:09:24.929239	tweet 9	542	420	929	886
9	42	2016-03-04 11:09:24.929253	tweet 9	490	52	489	371
9	43	2016-03-04 11:09:24.929267	tweet 9	462	927	979	283
9	44	2016-03-04 11:09:24.929288	tweet 9	762	63	816	721
9	45	2016-03-04 11:09:24.929305	tweet 9	32	704	142	816
9	46	2016-03-04 11:09:24.929319	tweet 9	844	427	750	471
9	47	2016-03-04 11:09:24.929334	tweet 9	733	621	953	996
9	48	2016-03-04 11:09:24.929348	tweet 9	308	348	421	481
9	49	2016-03-04 11:09:24.929363	tweet 9	434	768	529	142
9	50	2016-03-04 11:09:24.929377	tweet 9	985	81	659	832
9	51	2016-03-04 11:09:24.929391	tweet 9	458	762	194	576
9	52	2016-03-04 11:09:24.929406	tweet 9	280	968	316	941
9	53	2016-03-04 11:09:24.929420	tweet 9	731	480	222	696
9	54	2016-03-04 11:09:24.929435	tweet 9	173	284	98	504
9	55	2016-03-04 11:09:24.929449	tweet 9	766	259	670	40
9	56	2016-03-04 11:09:24.929463	tweet 9	76	104	981	607
9	57	2016-03-04 11:09:24.929477	tweet 9	901	992	74	857
9	58	2016-03-04 11:09:24.929491	tweet 9	22	661	384	958
9	59	2016-03-04 11:09:24.929505	tweet 9	646	564	180	509
9	60	2016-03-04 11:09:24.929519	tweet 9	631	784	890	811
9	61	2016-03-04 11:09:24.929534	tweet 9	31	386	152	323
9	62	2016-03-04 11:09:24.929548	tweet 9	744	477	775	70
9	63	2016-03-04 11:09:24.929562	tweet 9	362	958	370	56
9	64	2016-03-04 11:09:24.929582	tweet 9	603	227	228	519
9	65	2016-03-04 11:09:24.929597	tweet 9	604	675	700	791
9	66	2016-03-04 11:09:24.929612	tweet 9	549	906	166	338
9	67	2016-03-04 11:09:24.929626	tweet 9	476	766	134	504
9	68	2016-03-04 11:09:24.929640	tweet 9	504	906	903	426
9	69	2016-03-04 11:09:24.929655	tweet 9	526	803	39	516
9	70	2016-03-04 11:09:24.929669	tweet 9	957	32	57	514
9	71	2016-03-04 11:09:24.929683	tweet 9	644	906	85	249
9	72	2016-03-04 11:09:24.929697	tweet 9	18	880	366	812
9	73	2016-03-04 11:09:24.929711	tweet 9	548	419	273	5
9	74	2016-03-04 11:09:24.929726	tweet 9	553	726	640	136
9	75	2016-03-04 11:09:24.929740	tweet 9	335	649	534	745
9	76	2016-03-04 11:09:24.929754	tweet 9	753	29	723	419
9	77	2016-03-04 11:09:24.929768	tweet 9	531	396	844	778
9	78	2016-03-04 11:09:24.929782	tweet 9	0	760	713	108
9	79	2016-03-04 11:09:24.929796	tweet 9	371	362	590	567
9	80	2016-03-04 11:09:24.929811	tweet 9	498	913	960	75
9	81	2016-03-04 11:09:24.929826	tweet 9	940	835	855	859
9	82	2016-03-04 11:09:24.929840	tweet 9	118	237	389	359
9	83	2016-03-04 11:09:24.929854	tweet 9	780	668	911	305
9	84	2016-03-04 11:09:24.929868	tweet 9	738	423	338	619
9	85	2016-03-04 11:09:24.929882	tweet 9	535	490	547	571
9	86	2016-03-04 11:09:24.929896	tweet 9	547	992	292	332
9	87	2016-03-04 11:09:24.929910	tweet 9	444	798	411	963
9	88	2016-03-04 11:09:24.929924	tweet 9	724	401	449	500
9	89	2016-03-04 11:09:24.929938	tweet 9	814	161	560	515
9	90	2016-03-04 11:09:24.929952	tweet 9	641	540	552	975
9	91	2016-03-04 11:09:24.929966	tweet 9	817	232	503	461
9	92	2016-03-04 11:09:24.929980	tweet 9	663	91	547	100
9	93	2016-03-04 11:09:24.929994	tweet 9	799	811	265	247
9	94	2016-03-04 11:09:24.930008	tweet 9	447	712	349	848
9	95	2016-03-04 11:09:24.930022	tweet 9	718	147	441	652
9	96	2016-03-04 11:09:24.930036	tweet 9	418	262	308	790
9	97	2016-03-04 11:09:24.930050	tweet 9	367	813	691	756
9	98	2016-03-04 11:09:24.930064	tweet 9	731	168	945	288
9	99	2016-03-04 11:09:24.930078	tweet 9	107	397	388	729
