0	0	0	4	District 0	Hotel 0	2016-03-30 10:43:27.055000
1	1	10	3	District 1	Hotel 1	2016-03-30 10:43:27.055000
2	2	5	4	District 2	Hotel 2	2016-03-30 10:43:27.055000
3	3	9	3	District 3	Hotel 3	2016-03-30 10:43:27.055000
4	4	0	3	District 4	Hotel 4	2016-03-30 10:43:27.055000
5	5	8	5	District 5	Hotel 5	2016-03-30 10:43:27.055000
6	6	4	3	District 6	Hotel 6	2016-03-30 10:43:27.055000
7	7	4	5	District 7	Hotel 7	2016-03-30 10:43:27.055000
8	8	4	4	District 8	Hotel 8	2016-03-30 10:43:27.055000
9	9	4	4	District 9	Hotel 9	2016-03-30 10:43:27.055000
10	10	6	4	District 10	Hotel 10	2016-03-30 10:43:27.055000
11	11	9	3	District 11	Hotel 11	2016-03-30 10:43:27.055000
12	12	5	5	District 12	Hotel 12	2016-03-30 10:43:27.055000
13	13	4	3	District 13	Hotel 13	2016-03-30 10:43:27.055000
14	14	8	4	District 14	Hotel 14	2016-03-30 10:43:27.055000
15	15	8	3	District 15	Hotel 15	2016-03-30 10:43:27.055000
16	16	6	4	District 16	Hotel 16	2016-03-30 10:43:27.055000
17	17	4	4	District 17	Hotel 17	2016-03-30 10:43:27.055000
18	18	5	3	District 18	Hotel 18	2016-03-30 10:43:27.055000
19	19	8	3	District 19	Hotel 19	2016-03-30 10:43:27.055000
20	20	0	4	District 20	Hotel 20	2016-03-30 10:43:27.055000
21	21	7	3	District 21	Hotel 21	2016-03-30 10:43:27.055000
22	22	7	4	District 22	Hotel 22	2016-03-30 10:43:27.055000
23	23	4	5	District 23	Hotel 23	2016-03-30 10:43:27.055000
24	24	2	3	District 24	Hotel 24	2016-03-30 10:43:27.055000
25	25	9	3	District 25	Hotel 25	2016-03-30 10:43:27.055000
26	26	5	4	District 26	Hotel 26	2016-03-30 10:43:27.055000
27	27	6	3	District 27	Hotel 27	2016-03-30 10:43:27.055000
28	28	4	5	District 28	Hotel 28	2016-03-30 10:43:27.055000
29	29	8	3	District 29	Hotel 29	2016-03-30 10:43:27.055000
30	30	0	3	District 30	Hotel 30	2016-03-30 10:43:27.055000
31	31	7	5	District 31	Hotel 31	2016-03-30 10:43:27.055000
32	32	7	3	District 32	Hotel 32	2016-03-30 10:43:27.055000
33	33	1	4	District 33	Hotel 33	2016-03-30 10:43:27.056000
34	34	5	5	District 34	Hotel 34	2016-03-30 10:43:27.056000
35	35	1	3	District 35	Hotel 35	2016-03-30 10:43:27.056000
36	36	8	5	District 36	Hotel 36	2016-03-30 10:43:27.056000
37	37	9	5	District 37	Hotel 37	2016-03-30 10:43:27.056000
38	38	2	5	District 38	Hotel 38	2016-03-30 10:43:27.056000
39	39	9	4	District 39	Hotel 39	2016-03-30 10:43:27.056000
40	40	7	4	District 40	Hotel 40	2016-03-30 10:43:27.056000
41	41	1	3	District 41	Hotel 41	2016-03-30 10:43:27.056000
42	42	4	3	District 42	Hotel 42	2016-03-30 10:43:27.056000
43	43	9	5	District 43	Hotel 43	2016-03-30 10:43:27.056000
44	44	7	4	District 44	Hotel 44	2016-03-30 10:43:27.056000
45	45	7	5	District 45	Hotel 45	2016-03-30 10:43:27.056000
46	46	5	5	District 46	Hotel 46	2016-03-30 10:43:27.056000
47	47	7	5	District 47	Hotel 47	2016-03-30 10:43:27.056000
48	48	1	3	District 48	Hotel 48	2016-03-30 10:43:27.056000
49	49	8	3	District 49	Hotel 49	2016-03-30 10:43:27.056000
50	50	0	5	District 50	Hotel 50	2016-03-30 10:43:27.056000
51	51	4	3	District 51	Hotel 51	2016-03-30 10:43:27.056000
52	52	0	4	District 52	Hotel 52	2016-03-30 10:43:27.056000
53	53	3	5	District 53	Hotel 53	2016-03-30 10:43:27.056000
54	54	1	4	District 54	Hotel 54	2016-03-30 10:43:27.056000
55	55	1	3	District 55	Hotel 55	2016-03-30 10:43:27.056000
56	56	9	4	District 56	Hotel 56	2016-03-30 10:43:27.056000
57	57	6	5	District 57	Hotel 57	2016-03-30 10:43:27.056000
58	58	0	4	District 58	Hotel 58	2016-03-30 10:43:27.056000
59	59	8	4	District 59	Hotel 59	2016-03-30 10:43:27.056000
60	60	6	3	District 60	Hotel 60	2016-03-30 10:43:27.056000
61	61	2	4	District 61	Hotel 61	2016-03-30 10:43:27.056000
62	62	2	5	District 62	Hotel 62	2016-03-30 10:43:27.056000
63	63	2	5	District 63	Hotel 63	2016-03-30 10:43:27.056000
64	64	5	3	District 64	Hotel 64	2016-03-30 10:43:27.056000
65	65	2	4	District 65	Hotel 65	2016-03-30 10:43:27.056000
66	66	2	5	District 66	Hotel 66	2016-03-30 10:43:27.056000
67	67	3	5	District 67	Hotel 67	2016-03-30 10:43:27.056000
68	68	8	5	District 68	Hotel 68	2016-03-30 10:43:27.056000
69	69	1	4	District 69	Hotel 69	2016-03-30 10:43:27.056000
70	70	9	5	District 70	Hotel 70	2016-03-30 10:43:27.056000
71	71	7	5	District 71	Hotel 71	2016-03-30 10:43:27.056000
72	72	1	3	District 72	Hotel 72	2016-03-30 10:43:27.056000
73	73	10	5	District 73	Hotel 73	2016-03-30 10:43:27.056000
74	74	1	3	District 74	Hotel 74	2016-03-30 10:43:27.056000
75	75	9	4	District 75	Hotel 75	2016-03-30 10:43:27.056000
76	76	8	4	District 76	Hotel 76	2016-03-30 10:43:27.056000
77	77	8	5	District 77	Hotel 77	2016-03-30 10:43:27.056000
78	78	5	5	District 78	Hotel 78	2016-03-30 10:43:27.056000
79	79	5	4	District 79	Hotel 79	2016-03-30 10:43:27.057000
80	80	6	5	District 80	Hotel 80	2016-03-30 10:43:27.057000
81	81	10	3	District 81	Hotel 81	2016-03-30 10:43:27.057000
82	82	4	4	District 82	Hotel 82	2016-03-30 10:43:27.057000
83	83	0	5	District 83	Hotel 83	2016-03-30 10:43:27.057000
84	84	6	3	District 84	Hotel 84	2016-03-30 10:43:27.057000
85	85	0	3	District 85	Hotel 85	2016-03-30 10:43:27.057000
86	86	7	3	District 86	Hotel 86	2016-03-30 10:43:27.057000
87	87	4	5	District 87	Hotel 87	2016-03-30 10:43:27.057000
88	88	6	4	District 88	Hotel 88	2016-03-30 10:43:27.057000
89	89	10	3	District 89	Hotel 89	2016-03-30 10:43:27.057000
90	90	10	4	District 90	Hotel 90	2016-03-30 10:43:27.057000
91	91	2	3	District 91	Hotel 91	2016-03-30 10:43:27.057000
92	92	9	5	District 92	Hotel 92	2016-03-30 10:43:27.057000
93	93	10	4	District 93	Hotel 93	2016-03-30 10:43:27.057000
94	94	5	3	District 94	Hotel 94	2016-03-30 10:43:27.057000
95	95	1	5	District 95	Hotel 95	2016-03-30 10:43:27.057000
96	96	5	4	District 96	Hotel 96	2016-03-30 10:43:27.057000
97	97	10	5	District 97	Hotel 97	2016-03-30 10:43:27.057000
98	98	3	5	District 98	Hotel 98	2016-03-30 10:43:27.057000
99	99	8	5	District 99	Hotel 99	2016-03-30 10:43:27.057000
100	100	8	4	District 100	Hotel 100	2016-03-30 10:43:27.057000
101	101	10	3	District 101	Hotel 101	2016-03-30 10:43:27.057000
102	102	3	5	District 102	Hotel 102	2016-03-30 10:43:27.057000
103	103	3	5	District 103	Hotel 103	2016-03-30 10:43:27.057000
104	104	8	3	District 104	Hotel 104	2016-03-30 10:43:27.057000
105	105	8	5	District 105	Hotel 105	2016-03-30 10:43:27.057000
106	106	2	3	District 106	Hotel 106	2016-03-30 10:43:27.057000
107	107	2	3	District 107	Hotel 107	2016-03-30 10:43:27.057000
108	108	7	3	District 108	Hotel 108	2016-03-30 10:43:27.057000
109	109	9	5	District 109	Hotel 109	2016-03-30 10:43:27.057000
110	110	0	4	District 110	Hotel 110	2016-03-30 10:43:27.057000
111	111	1	5	District 111	Hotel 111	2016-03-30 10:43:27.057000
112	112	7	5	District 112	Hotel 112	2016-03-30 10:43:27.057000
113	113	0	3	District 113	Hotel 113	2016-03-30 10:43:27.057000
114	114	5	3	District 114	Hotel 114	2016-03-30 10:43:27.057000
115	115	7	4	District 115	Hotel 115	2016-03-30 10:43:27.057000
116	116	1	5	District 116	Hotel 116	2016-03-30 10:43:27.057000
117	117	9	5	District 117	Hotel 117	2016-03-30 10:43:27.057000
118	118	7	5	District 118	Hotel 118	2016-03-30 10:43:27.057000
119	119	4	4	District 119	Hotel 119	2016-03-30 10:43:27.057000
120	120	0	3	District 120	Hotel 120	2016-03-30 10:43:27.057000
121	121	10	4	District 121	Hotel 121	2016-03-30 10:43:27.057000
122	122	1	5	District 122	Hotel 122	2016-03-30 10:43:27.057000
123	123	6	5	District 123	Hotel 123	2016-03-30 10:43:27.057000
124	124	10	5	District 124	Hotel 124	2016-03-30 10:43:27.057000
125	125	10	5	District 125	Hotel 125	2016-03-30 10:43:27.057000
126	126	1	4	District 126	Hotel 126	2016-03-30 10:43:27.057000
127	127	1	3	District 127	Hotel 127	2016-03-30 10:43:27.057000
128	128	2	3	District 128	Hotel 128	2016-03-30 10:43:27.057000
129	129	5	5	District 129	Hotel 129	2016-03-30 10:43:27.057000
130	130	0	3	District 130	Hotel 130	2016-03-30 10:43:27.057000
131	131	5	4	District 131	Hotel 131	2016-03-30 10:43:27.057000
132	132	5	3	District 132	Hotel 132	2016-03-30 10:43:27.057000
133	133	7	5	District 133	Hotel 133	2016-03-30 10:43:27.057000
134	134	6	3	District 134	Hotel 134	2016-03-30 10:43:27.057000
135	135	2	3	District 135	Hotel 135	2016-03-30 10:43:27.057000
136	136	1	5	District 136	Hotel 136	2016-03-30 10:43:27.057000
137	137	9	4	District 137	Hotel 137	2016-03-30 10:43:27.057000
138	138	6	3	District 138	Hotel 138	2016-03-30 10:43:27.057000
139	139	7	5	District 139	Hotel 139	2016-03-30 10:43:27.057000
140	140	4	5	District 140	Hotel 140	2016-03-30 10:43:27.057000
141	141	8	3	District 141	Hotel 141	2016-03-30 10:43:27.057000
142	142	7	5	District 142	Hotel 142	2016-03-30 10:43:27.057000
143	143	7	4	District 143	Hotel 143	2016-03-30 10:43:27.057000
144	144	2	3	District 144	Hotel 144	2016-03-30 10:43:27.057000
145	145	7	5	District 145	Hotel 145	2016-03-30 10:43:27.057000
146	146	3	4	District 146	Hotel 146	2016-03-30 10:43:27.057000
147	147	7	4	District 147	Hotel 147	2016-03-30 10:43:27.057000
148	148	7	3	District 148	Hotel 148	2016-03-30 10:43:27.057000
149	149	3	3	District 149	Hotel 149	2016-03-30 10:43:27.057000
150	150	2	3	District 150	Hotel 150	2016-03-30 10:43:27.057000
151	151	0	5	District 151	Hotel 151	2016-03-30 10:43:27.058000
152	152	6	4	District 152	Hotel 152	2016-03-30 10:43:27.058000
153	153	5	3	District 153	Hotel 153	2016-03-30 10:43:27.058000
154	154	10	3	District 154	Hotel 154	2016-03-30 10:43:27.058000
155	155	0	3	District 155	Hotel 155	2016-03-30 10:43:27.058000
156	156	6	3	District 156	Hotel 156	2016-03-30 10:43:27.058000
157	157	7	5	District 157	Hotel 157	2016-03-30 10:43:27.058000
158	158	0	4	District 158	Hotel 158	2016-03-30 10:43:27.058000
159	159	1	5	District 159	Hotel 159	2016-03-30 10:43:27.058000
160	160	4	3	District 160	Hotel 160	2016-03-30 10:43:27.058000
161	161	3	4	District 161	Hotel 161	2016-03-30 10:43:27.058000
162	162	9	4	District 162	Hotel 162	2016-03-30 10:43:27.058000
163	163	0	3	District 163	Hotel 163	2016-03-30 10:43:27.058000
164	164	5	4	District 164	Hotel 164	2016-03-30 10:43:27.058000
165	165	10	4	District 165	Hotel 165	2016-03-30 10:43:27.058000
166	166	2	5	District 166	Hotel 166	2016-03-30 10:43:27.058000
167	167	3	4	District 167	Hotel 167	2016-03-30 10:43:27.058000
168	168	9	4	District 168	Hotel 168	2016-03-30 10:43:27.058000
169	169	3	3	District 169	Hotel 169	2016-03-30 10:43:27.058000
170	170	9	3	District 170	Hotel 170	2016-03-30 10:43:27.058000
171	171	7	3	District 171	Hotel 171	2016-03-30 10:43:27.058000
172	172	10	3	District 172	Hotel 172	2016-03-30 10:43:27.058000
173	173	8	3	District 173	Hotel 173	2016-03-30 10:43:27.058000
174	174	10	3	District 174	Hotel 174	2016-03-30 10:43:27.058000
175	175	3	3	District 175	Hotel 175	2016-03-30 10:43:27.058000
176	176	3	4	District 176	Hotel 176	2016-03-30 10:43:27.058000
177	177	10	5	District 177	Hotel 177	2016-03-30 10:43:27.058000
178	178	4	3	District 178	Hotel 178	2016-03-30 10:43:27.058000
179	179	0	3	District 179	Hotel 179	2016-03-30 10:43:27.058000
180	180	2	4	District 180	Hotel 180	2016-03-30 10:43:27.058000
181	181	3	4	District 181	Hotel 181	2016-03-30 10:43:27.058000
182	182	1	3	District 182	Hotel 182	2016-03-30 10:43:27.058000
183	183	5	5	District 183	Hotel 183	2016-03-30 10:43:27.058000
184	184	2	3	District 184	Hotel 184	2016-03-30 10:43:27.058000
185	185	3	5	District 185	Hotel 185	2016-03-30 10:43:27.058000
186	186	9	3	District 186	Hotel 186	2016-03-30 10:43:27.058000
187	187	6	4	District 187	Hotel 187	2016-03-30 10:43:27.058000
188	188	1	4	District 188	Hotel 188	2016-03-30 10:43:27.058000
189	189	6	5	District 189	Hotel 189	2016-03-30 10:43:27.058000
190	190	6	5	District 190	Hotel 190	2016-03-30 10:43:27.058000
191	191	5	3	District 191	Hotel 191	2016-03-30 10:43:27.058000
192	192	2	4	District 192	Hotel 192	2016-03-30 10:43:27.058000
193	193	7	3	District 193	Hotel 193	2016-03-30 10:43:27.058000
194	194	1	4	District 194	Hotel 194	2016-03-30 10:43:27.058000
195	195	10	3	District 195	Hotel 195	2016-03-30 10:43:27.058000
196	196	10	4	District 196	Hotel 196	2016-03-30 10:43:27.058000
197	197	7	4	District 197	Hotel 197	2016-03-30 10:43:27.058000
198	198	1	3	District 198	Hotel 198	2016-03-30 10:43:27.058000
199	199	9	3	District 199	Hotel 199	2016-03-30 10:43:27.058000
200	200	10	3	District 200	Hotel 200	2016-03-30 10:43:27.058000
201	201	2	4	District 201	Hotel 201	2016-03-30 10:43:27.058000
202	202	6	3	District 202	Hotel 202	2016-03-30 10:43:27.058000
203	203	9	4	District 203	Hotel 203	2016-03-30 10:43:27.058000
204	204	2	5	District 204	Hotel 204	2016-03-30 10:43:27.058000
205	205	6	5	District 205	Hotel 205	2016-03-30 10:43:27.058000
206	206	6	3	District 206	Hotel 206	2016-03-30 10:43:27.058000
207	207	9	3	District 207	Hotel 207	2016-03-30 10:43:27.058000
208	208	4	4	District 208	Hotel 208	2016-03-30 10:43:27.058000
209	209	6	3	District 209	Hotel 209	2016-03-30 10:43:27.058000
210	210	3	3	District 210	Hotel 210	2016-03-30 10:43:27.058000
211	211	3	3	District 211	Hotel 211	2016-03-30 10:43:27.058000
212	212	0	4	District 212	Hotel 212	2016-03-30 10:43:27.058000
213	213	2	4	District 213	Hotel 213	2016-03-30 10:43:27.058000
214	214	4	5	District 214	Hotel 214	2016-03-30 10:43:27.058000
215	215	10	4	District 215	Hotel 215	2016-03-30 10:43:27.058000
216	216	9	3	District 216	Hotel 216	2016-03-30 10:43:27.058000
217	217	4	5	District 217	Hotel 217	2016-03-30 10:43:27.058000
218	218	4	5	District 218	Hotel 218	2016-03-30 10:43:27.058000
219	219	7	4	District 219	Hotel 219	2016-03-30 10:43:27.059000
220	220	10	3	District 220	Hotel 220	2016-03-30 10:43:27.059000
221	221	8	5	District 221	Hotel 221	2016-03-30 10:43:27.059000
222	222	0	5	District 222	Hotel 222	2016-03-30 10:43:27.059000
223	223	4	5	District 223	Hotel 223	2016-03-30 10:43:27.059000
224	224	4	5	District 224	Hotel 224	2016-03-30 10:43:27.059000
225	225	5	4	District 225	Hotel 225	2016-03-30 10:43:27.059000
226	226	1	4	District 226	Hotel 226	2016-03-30 10:43:27.059000
227	227	7	3	District 227	Hotel 227	2016-03-30 10:43:27.059000
228	228	5	5	District 228	Hotel 228	2016-03-30 10:43:27.059000
229	229	4	3	District 229	Hotel 229	2016-03-30 10:43:27.059000
230	230	2	3	District 230	Hotel 230	2016-03-30 10:43:27.059000
231	231	9	3	District 231	Hotel 231	2016-03-30 10:43:27.059000
232	232	6	4	District 232	Hotel 232	2016-03-30 10:43:27.059000
233	233	5	4	District 233	Hotel 233	2016-03-30 10:43:27.059000
234	234	9	5	District 234	Hotel 234	2016-03-30 10:43:27.059000
235	235	8	5	District 235	Hotel 235	2016-03-30 10:43:27.059000
236	236	2	4	District 236	Hotel 236	2016-03-30 10:43:27.059000
237	237	9	4	District 237	Hotel 237	2016-03-30 10:43:27.059000
238	238	2	3	District 238	Hotel 238	2016-03-30 10:43:27.059000
239	239	10	3	District 239	Hotel 239	2016-03-30 10:43:27.059000
240	240	9	5	District 240	Hotel 240	2016-03-30 10:43:27.059000
241	241	6	5	District 241	Hotel 241	2016-03-30 10:43:27.059000
242	242	6	3	District 242	Hotel 242	2016-03-30 10:43:27.059000
243	243	2	5	District 243	Hotel 243	2016-03-30 10:43:27.059000
244	244	7	4	District 244	Hotel 244	2016-03-30 10:43:27.059000
245	245	0	5	District 245	Hotel 245	2016-03-30 10:43:27.059000
246	246	7	5	District 246	Hotel 246	2016-03-30 10:43:27.059000
247	247	9	3	District 247	Hotel 247	2016-03-30 10:43:27.059000
248	248	1	3	District 248	Hotel 248	2016-03-30 10:43:27.059000
249	249	2	4	District 249	Hotel 249	2016-03-30 10:43:27.059000
250	250	5	4	District 250	Hotel 250	2016-03-30 10:43:27.059000
251	251	1	4	District 251	Hotel 251	2016-03-30 10:43:27.059000
252	252	0	5	District 252	Hotel 252	2016-03-30 10:43:27.059000
253	253	2	3	District 253	Hotel 253	2016-03-30 10:43:27.059000
254	254	8	5	District 254	Hotel 254	2016-03-30 10:43:27.059000
255	255	8	5	District 255	Hotel 255	2016-03-30 10:43:27.059000
256	256	1	3	District 256	Hotel 256	2016-03-30 10:43:27.059000
257	257	2	4	District 257	Hotel 257	2016-03-30 10:43:27.059000
258	258	7	4	District 258	Hotel 258	2016-03-30 10:43:27.059000
259	259	0	4	District 259	Hotel 259	2016-03-30 10:43:27.059000
260	260	5	5	District 260	Hotel 260	2016-03-30 10:43:27.059000
261	261	0	4	District 261	Hotel 261	2016-03-30 10:43:27.059000
262	262	3	3	District 262	Hotel 262	2016-03-30 10:43:27.059000
263	263	8	4	District 263	Hotel 263	2016-03-30 10:43:27.059000
264	264	7	4	District 264	Hotel 264	2016-03-30 10:43:27.059000
265	265	8	4	District 265	Hotel 265	2016-03-30 10:43:27.059000
266	266	4	5	District 266	Hotel 266	2016-03-30 10:43:27.059000
267	267	10	4	District 267	Hotel 267	2016-03-30 10:43:27.059000
268	268	6	4	District 268	Hotel 268	2016-03-30 10:43:27.059000
269	269	9	3	District 269	Hotel 269	2016-03-30 10:43:27.059000
270	270	6	5	District 270	Hotel 270	2016-03-30 10:43:27.059000
271	271	9	4	District 271	Hotel 271	2016-03-30 10:43:27.059000
272	272	0	3	District 272	Hotel 272	2016-03-30 10:43:27.059000
273	273	6	5	District 273	Hotel 273	2016-03-30 10:43:27.059000
274	274	1	3	District 274	Hotel 274	2016-03-30 10:43:27.059000
275	275	10	4	District 275	Hotel 275	2016-03-30 10:43:27.059000
276	276	6	4	District 276	Hotel 276	2016-03-30 10:43:27.059000
277	277	1	5	District 277	Hotel 277	2016-03-30 10:43:27.059000
278	278	4	3	District 278	Hotel 278	2016-03-30 10:43:27.059000
279	279	10	4	District 279	Hotel 279	2016-03-30 10:43:27.059000
280	280	8	5	District 280	Hotel 280	2016-03-30 10:43:27.059000
281	281	6	3	District 281	Hotel 281	2016-03-30 10:43:27.059000
282	282	6	5	District 282	Hotel 282	2016-03-30 10:43:27.059000
283	283	5	4	District 283	Hotel 283	2016-03-30 10:43:27.059000
284	284	6	3	District 284	Hotel 284	2016-03-30 10:43:27.059000
285	285	6	4	District 285	Hotel 285	2016-03-30 10:43:27.059000
286	286	3	4	District 286	Hotel 286	2016-03-30 10:43:27.059000
287	287	8	5	District 287	Hotel 287	2016-03-30 10:43:27.059000
288	288	1	3	District 288	Hotel 288	2016-03-30 10:43:27.059000
289	289	1	5	District 289	Hotel 289	2016-03-30 10:43:27.059000
290	290	2	4	District 290	Hotel 290	2016-03-30 10:43:27.059000
291	291	7	5	District 291	Hotel 291	2016-03-30 10:43:27.059000
292	292	1	3	District 292	Hotel 292	2016-03-30 10:43:27.059000
293	293	5	3	District 293	Hotel 293	2016-03-30 10:43:27.060000
294	294	4	5	District 294	Hotel 294	2016-03-30 10:43:27.060000
295	295	9	5	District 295	Hotel 295	2016-03-30 10:43:27.060000
296	296	3	5	District 296	Hotel 296	2016-03-30 10:43:27.060000
297	297	6	5	District 297	Hotel 297	2016-03-30 10:43:27.060000
298	298	0	5	District 298	Hotel 298	2016-03-30 10:43:27.060000
299	299	6	4	District 299	Hotel 299	2016-03-30 10:43:27.060000
300	300	10	4	District 300	Hotel 300	2016-03-30 10:43:27.060000
301	301	5	5	District 301	Hotel 301	2016-03-30 10:43:27.060000
302	302	7	3	District 302	Hotel 302	2016-03-30 10:43:27.060000
303	303	0	5	District 303	Hotel 303	2016-03-30 10:43:27.060000
304	304	1	3	District 304	Hotel 304	2016-03-30 10:43:27.060000
305	305	1	5	District 305	Hotel 305	2016-03-30 10:43:27.060000
306	306	0	3	District 306	Hotel 306	2016-03-30 10:43:27.060000
307	307	8	3	District 307	Hotel 307	2016-03-30 10:43:27.060000
308	308	6	5	District 308	Hotel 308	2016-03-30 10:43:27.060000
309	309	10	5	District 309	Hotel 309	2016-03-30 10:43:27.060000
310	310	2	3	District 310	Hotel 310	2016-03-30 10:43:27.060000
311	311	7	4	District 311	Hotel 311	2016-03-30 10:43:27.060000
312	312	4	4	District 312	Hotel 312	2016-03-30 10:43:27.060000
313	313	9	5	District 313	Hotel 313	2016-03-30 10:43:27.060000
314	314	10	5	District 314	Hotel 314	2016-03-30 10:43:27.060000
315	315	2	3	District 315	Hotel 315	2016-03-30 10:43:27.060000
316	316	2	3	District 316	Hotel 316	2016-03-30 10:43:27.060000
317	317	8	5	District 317	Hotel 317	2016-03-30 10:43:27.060000
318	318	9	3	District 318	Hotel 318	2016-03-30 10:43:27.060000
319	319	5	4	District 319	Hotel 319	2016-03-30 10:43:27.060000
320	320	9	3	District 320	Hotel 320	2016-03-30 10:43:27.060000
321	321	0	4	District 321	Hotel 321	2016-03-30 10:43:27.060000
322	322	1	5	District 322	Hotel 322	2016-03-30 10:43:27.060000
323	323	10	5	District 323	Hotel 323	2016-03-30 10:43:27.060000
324	324	0	3	District 324	Hotel 324	2016-03-30 10:43:27.060000
325	325	5	5	District 325	Hotel 325	2016-03-30 10:43:27.060000
326	326	10	5	District 326	Hotel 326	2016-03-30 10:43:27.060000
327	327	5	3	District 327	Hotel 327	2016-03-30 10:43:27.060000
328	328	1	3	District 328	Hotel 328	2016-03-30 10:43:27.060000
329	329	8	4	District 329	Hotel 329	2016-03-30 10:43:27.060000
330	330	6	3	District 330	Hotel 330	2016-03-30 10:43:27.060000
331	331	0	5	District 331	Hotel 331	2016-03-30 10:43:27.060000
332	332	7	3	District 332	Hotel 332	2016-03-30 10:43:27.061000
333	333	0	5	District 333	Hotel 333	2016-03-30 10:43:27.061000
334	334	8	5	District 334	Hotel 334	2016-03-30 10:43:27.061000
335	335	9	4	District 335	Hotel 335	2016-03-30 10:43:27.061000
336	336	3	4	District 336	Hotel 336	2016-03-30 10:43:27.061000
337	337	2	5	District 337	Hotel 337	2016-03-30 10:43:27.061000
338	338	7	4	District 338	Hotel 338	2016-03-30 10:43:27.061000
339	339	8	4	District 339	Hotel 339	2016-03-30 10:43:27.061000
340	340	7	5	District 340	Hotel 340	2016-03-30 10:43:27.061000
341	341	5	5	District 341	Hotel 341	2016-03-30 10:43:27.061000
342	342	8	3	District 342	Hotel 342	2016-03-30 10:43:27.061000
343	343	7	5	District 343	Hotel 343	2016-03-30 10:43:27.061000
344	344	4	3	District 344	Hotel 344	2016-03-30 10:43:27.061000
345	345	0	4	District 345	Hotel 345	2016-03-30 10:43:27.061000
346	346	7	4	District 346	Hotel 346	2016-03-30 10:43:27.061000
347	347	4	5	District 347	Hotel 347	2016-03-30 10:43:27.061000
348	348	8	5	District 348	Hotel 348	2016-03-30 10:43:27.061000
349	349	8	3	District 349	Hotel 349	2016-03-30 10:43:27.061000
350	350	4	5	District 350	Hotel 350	2016-03-30 10:43:27.061000
351	351	5	3	District 351	Hotel 351	2016-03-30 10:43:27.061000
352	352	9	3	District 352	Hotel 352	2016-03-30 10:43:27.061000
353	353	6	3	District 353	Hotel 353	2016-03-30 10:43:27.061000
354	354	9	3	District 354	Hotel 354	2016-03-30 10:43:27.061000
355	355	9	3	District 355	Hotel 355	2016-03-30 10:43:27.061000
356	356	2	4	District 356	Hotel 356	2016-03-30 10:43:27.061000
357	357	4	4	District 357	Hotel 357	2016-03-30 10:43:27.061000
358	358	6	4	District 358	Hotel 358	2016-03-30 10:43:27.061000
359	359	10	4	District 359	Hotel 359	2016-03-30 10:43:27.061000
360	360	6	5	District 360	Hotel 360	2016-03-30 10:43:27.061000
361	361	10	4	District 361	Hotel 361	2016-03-30 10:43:27.061000
362	362	6	3	District 362	Hotel 362	2016-03-30 10:43:27.061000
363	363	10	3	District 363	Hotel 363	2016-03-30 10:43:27.061000
364	364	3	5	District 364	Hotel 364	2016-03-30 10:43:27.061000
365	365	6	3	District 365	Hotel 365	2016-03-30 10:43:27.061000
366	366	3	3	District 366	Hotel 366	2016-03-30 10:43:27.061000
367	367	10	4	District 367	Hotel 367	2016-03-30 10:43:27.061000
368	368	2	5	District 368	Hotel 368	2016-03-30 10:43:27.061000
369	369	0	4	District 369	Hotel 369	2016-03-30 10:43:27.061000
370	370	6	5	District 370	Hotel 370	2016-03-30 10:43:27.061000
371	371	5	3	District 371	Hotel 371	2016-03-30 10:43:27.062000
372	372	10	3	District 372	Hotel 372	2016-03-30 10:43:27.062000
373	373	9	5	District 373	Hotel 373	2016-03-30 10:43:27.062000
374	374	9	5	District 374	Hotel 374	2016-03-30 10:43:27.062000
375	375	6	4	District 375	Hotel 375	2016-03-30 10:43:27.062000
376	376	0	3	District 376	Hotel 376	2016-03-30 10:43:27.062000
377	377	1	5	District 377	Hotel 377	2016-03-30 10:43:27.062000
378	378	9	5	District 378	Hotel 378	2016-03-30 10:43:27.062000
379	379	3	4	District 379	Hotel 379	2016-03-30 10:43:27.062000
380	380	6	5	District 380	Hotel 380	2016-03-30 10:43:27.062000
381	381	8	5	District 381	Hotel 381	2016-03-30 10:43:27.062000
382	382	4	3	District 382	Hotel 382	2016-03-30 10:43:27.062000
383	383	2	4	District 383	Hotel 383	2016-03-30 10:43:27.062000
384	384	7	5	District 384	Hotel 384	2016-03-30 10:43:27.062000
385	385	5	4	District 385	Hotel 385	2016-03-30 10:43:27.062000
386	386	2	5	District 386	Hotel 386	2016-03-30 10:43:27.062000
387	387	2	4	District 387	Hotel 387	2016-03-30 10:43:27.062000
388	388	2	5	District 388	Hotel 388	2016-03-30 10:43:27.062000
389	389	6	4	District 389	Hotel 389	2016-03-30 10:43:27.062000
390	390	7	5	District 390	Hotel 390	2016-03-30 10:43:27.062000
391	391	7	5	District 391	Hotel 391	2016-03-30 10:43:27.062000
392	392	2	4	District 392	Hotel 392	2016-03-30 10:43:27.062000
393	393	7	5	District 393	Hotel 393	2016-03-30 10:43:27.062000
394	394	8	4	District 394	Hotel 394	2016-03-30 10:43:27.062000
395	395	10	4	District 395	Hotel 395	2016-03-30 10:43:27.062000
396	396	2	4	District 396	Hotel 396	2016-03-30 10:43:27.062000
397	397	9	4	District 397	Hotel 397	2016-03-30 10:43:27.062000
398	398	4	5	District 398	Hotel 398	2016-03-30 10:43:27.062000
399	399	4	5	District 399	Hotel 399	2016-03-30 10:43:27.062000
400	400	9	5	District 400	Hotel 400	2016-03-30 10:43:27.062000
401	401	1	3	District 401	Hotel 401	2016-03-30 10:43:27.062000
402	402	0	4	District 402	Hotel 402	2016-03-30 10:43:27.062000
403	403	10	5	District 403	Hotel 403	2016-03-30 10:43:27.062000
404	404	4	4	District 404	Hotel 404	2016-03-30 10:43:27.062000
405	405	0	4	District 405	Hotel 405	2016-03-30 10:43:27.062000
406	406	4	3	District 406	Hotel 406	2016-03-30 10:43:27.062000
407	407	7	5	District 407	Hotel 407	2016-03-30 10:43:27.062000
408	408	0	3	District 408	Hotel 408	2016-03-30 10:43:27.062000
409	409	4	4	District 409	Hotel 409	2016-03-30 10:43:27.062000
410	410	2	3	District 410	Hotel 410	2016-03-30 10:43:27.062000
411	411	1	4	District 411	Hotel 411	2016-03-30 10:43:27.062000
412	412	7	5	District 412	Hotel 412	2016-03-30 10:43:27.062000
413	413	10	4	District 413	Hotel 413	2016-03-30 10:43:27.062000
414	414	2	4	District 414	Hotel 414	2016-03-30 10:43:27.062000
415	415	2	5	District 415	Hotel 415	2016-03-30 10:43:27.062000
416	416	1	5	District 416	Hotel 416	2016-03-30 10:43:27.063000
417	417	3	5	District 417	Hotel 417	2016-03-30 10:43:27.063000
418	418	9	3	District 418	Hotel 418	2016-03-30 10:43:27.063000
419	419	2	3	District 419	Hotel 419	2016-03-30 10:43:27.063000
420	420	8	3	District 420	Hotel 420	2016-03-30 10:43:27.063000
421	421	0	4	District 421	Hotel 421	2016-03-30 10:43:27.063000
422	422	3	5	District 422	Hotel 422	2016-03-30 10:43:27.063000
423	423	3	4	District 423	Hotel 423	2016-03-30 10:43:27.063000
424	424	10	4	District 424	Hotel 424	2016-03-30 10:43:27.063000
425	425	7	4	District 425	Hotel 425	2016-03-30 10:43:27.063000
426	426	4	3	District 426	Hotel 426	2016-03-30 10:43:27.063000
427	427	1	4	District 427	Hotel 427	2016-03-30 10:43:27.063000
428	428	9	4	District 428	Hotel 428	2016-03-30 10:43:27.063000
429	429	1	3	District 429	Hotel 429	2016-03-30 10:43:27.063000
430	430	6	5	District 430	Hotel 430	2016-03-30 10:43:27.063000
431	431	5	3	District 431	Hotel 431	2016-03-30 10:43:27.063000
432	432	10	3	District 432	Hotel 432	2016-03-30 10:43:27.063000
433	433	2	4	District 433	Hotel 433	2016-03-30 10:43:27.063000
434	434	10	3	District 434	Hotel 434	2016-03-30 10:43:27.063000
435	435	4	3	District 435	Hotel 435	2016-03-30 10:43:27.063000
436	436	10	3	District 436	Hotel 436	2016-03-30 10:43:27.063000
437	437	9	4	District 437	Hotel 437	2016-03-30 10:43:27.063000
438	438	5	3	District 438	Hotel 438	2016-03-30 10:43:27.063000
439	439	7	4	District 439	Hotel 439	2016-03-30 10:43:27.063000
440	440	6	4	District 440	Hotel 440	2016-03-30 10:43:27.063000
441	441	8	3	District 441	Hotel 441	2016-03-30 10:43:27.063000
442	442	0	5	District 442	Hotel 442	2016-03-30 10:43:27.063000
443	443	2	4	District 443	Hotel 443	2016-03-30 10:43:27.063000
444	444	2	4	District 444	Hotel 444	2016-03-30 10:43:27.063000
445	445	2	5	District 445	Hotel 445	2016-03-30 10:43:27.063000
446	446	8	5	District 446	Hotel 446	2016-03-30 10:43:27.063000
447	447	4	3	District 447	Hotel 447	2016-03-30 10:43:27.063000
448	448	0	5	District 448	Hotel 448	2016-03-30 10:43:27.063000
449	449	1	5	District 449	Hotel 449	2016-03-30 10:43:27.063000
450	450	8	5	District 450	Hotel 450	2016-03-30 10:43:27.063000
451	451	1	3	District 451	Hotel 451	2016-03-30 10:43:27.063000
452	452	5	5	District 452	Hotel 452	2016-03-30 10:43:27.063000
453	453	1	4	District 453	Hotel 453	2016-03-30 10:43:27.063000
454	454	1	5	District 454	Hotel 454	2016-03-30 10:43:27.063000
455	455	5	5	District 455	Hotel 455	2016-03-30 10:43:27.063000
456	456	1	5	District 456	Hotel 456	2016-03-30 10:43:27.063000
457	457	2	5	District 457	Hotel 457	2016-03-30 10:43:27.063000
458	458	2	3	District 458	Hotel 458	2016-03-30 10:43:27.063000
459	459	5	5	District 459	Hotel 459	2016-03-30 10:43:27.063000
460	460	5	5	District 460	Hotel 460	2016-03-30 10:43:27.063000
461	461	8	5	District 461	Hotel 461	2016-03-30 10:43:27.063000
462	462	0	4	District 462	Hotel 462	2016-03-30 10:43:27.063000
463	463	9	5	District 463	Hotel 463	2016-03-30 10:43:27.063000
464	464	9	4	District 464	Hotel 464	2016-03-30 10:43:27.063000
465	465	6	4	District 465	Hotel 465	2016-03-30 10:43:27.063000
466	466	10	5	District 466	Hotel 466	2016-03-30 10:43:27.063000
467	467	1	3	District 467	Hotel 467	2016-03-30 10:43:27.063000
468	468	3	3	District 468	Hotel 468	2016-03-30 10:43:27.063000
469	469	2	5	District 469	Hotel 469	2016-03-30 10:43:27.063000
470	470	7	3	District 470	Hotel 470	2016-03-30 10:43:27.063000
471	471	2	4	District 471	Hotel 471	2016-03-30 10:43:27.063000
472	472	0	5	District 472	Hotel 472	2016-03-30 10:43:27.063000
473	473	6	3	District 473	Hotel 473	2016-03-30 10:43:27.063000
474	474	1	4	District 474	Hotel 474	2016-03-30 10:43:27.063000
475	475	6	4	District 475	Hotel 475	2016-03-30 10:43:27.063000
476	476	1	3	District 476	Hotel 476	2016-03-30 10:43:27.063000
477	477	4	5	District 477	Hotel 477	2016-03-30 10:43:27.063000
478	478	1	5	District 478	Hotel 478	2016-03-30 10:43:27.063000
479	479	8	4	District 479	Hotel 479	2016-03-30 10:43:27.063000
480	480	10	4	District 480	Hotel 480	2016-03-30 10:43:27.063000
481	481	6	3	District 481	Hotel 481	2016-03-30 10:43:27.063000
482	482	7	4	District 482	Hotel 482	2016-03-30 10:43:27.063000
483	483	4	4	District 483	Hotel 483	2016-03-30 10:43:27.063000
484	484	9	4	District 484	Hotel 484	2016-03-30 10:43:27.063000
485	485	1	4	District 485	Hotel 485	2016-03-30 10:43:27.063000
486	486	0	3	District 486	Hotel 486	2016-03-30 10:43:27.063000
487	487	2	3	District 487	Hotel 487	2016-03-30 10:43:27.063000
488	488	7	5	District 488	Hotel 488	2016-03-30 10:43:27.064000
489	489	9	5	District 489	Hotel 489	2016-03-30 10:43:27.064000
490	490	10	4	District 490	Hotel 490	2016-03-30 10:43:27.064000
491	491	2	3	District 491	Hotel 491	2016-03-30 10:43:27.064000
492	492	1	5	District 492	Hotel 492	2016-03-30 10:43:27.064000
493	493	1	5	District 493	Hotel 493	2016-03-30 10:43:27.064000
494	494	10	3	District 494	Hotel 494	2016-03-30 10:43:27.064000
495	495	5	5	District 495	Hotel 495	2016-03-30 10:43:27.064000
496	496	0	5	District 496	Hotel 496	2016-03-30 10:43:27.064000
497	497	10	3	District 497	Hotel 497	2016-03-30 10:43:27.064000
498	498	10	4	District 498	Hotel 498	2016-03-30 10:43:27.064000
499	499	5	3	District 499	Hotel 499	2016-03-30 10:43:27.064000
500	500	8	4	District 500	Hotel 500	2016-03-30 10:43:27.064000
501	501	4	5	District 501	Hotel 501	2016-03-30 10:43:27.064000
502	502	5	4	District 502	Hotel 502	2016-03-30 10:43:27.064000
503	503	0	5	District 503	Hotel 503	2016-03-30 10:43:27.064000
504	504	9	3	District 504	Hotel 504	2016-03-30 10:43:27.064000
505	505	9	3	District 505	Hotel 505	2016-03-30 10:43:27.064000
506	506	9	5	District 506	Hotel 506	2016-03-30 10:43:27.064000
507	507	5	4	District 507	Hotel 507	2016-03-30 10:43:27.064000
508	508	8	4	District 508	Hotel 508	2016-03-30 10:43:27.064000
509	509	1	4	District 509	Hotel 509	2016-03-30 10:43:27.064000
510	510	5	5	District 510	Hotel 510	2016-03-30 10:43:27.064000
511	511	3	5	District 511	Hotel 511	2016-03-30 10:43:27.064000
512	512	6	3	District 512	Hotel 512	2016-03-30 10:43:27.064000
513	513	8	4	District 513	Hotel 513	2016-03-30 10:43:27.064000
514	514	8	5	District 514	Hotel 514	2016-03-30 10:43:27.064000
515	515	6	3	District 515	Hotel 515	2016-03-30 10:43:27.064000
516	516	3	5	District 516	Hotel 516	2016-03-30 10:43:27.064000
517	517	2	4	District 517	Hotel 517	2016-03-30 10:43:27.064000
518	518	8	5	District 518	Hotel 518	2016-03-30 10:43:27.064000
519	519	1	5	District 519	Hotel 519	2016-03-30 10:43:27.064000
520	520	4	4	District 520	Hotel 520	2016-03-30 10:43:27.064000
521	521	8	5	District 521	Hotel 521	2016-03-30 10:43:27.064000
522	522	2	4	District 522	Hotel 522	2016-03-30 10:43:27.064000
523	523	3	5	District 523	Hotel 523	2016-03-30 10:43:27.064000
524	524	8	4	District 524	Hotel 524	2016-03-30 10:43:27.064000
525	525	3	5	District 525	Hotel 525	2016-03-30 10:43:27.064000
526	526	4	3	District 526	Hotel 526	2016-03-30 10:43:27.064000
527	527	5	4	District 527	Hotel 527	2016-03-30 10:43:27.064000
528	528	10	5	District 528	Hotel 528	2016-03-30 10:43:27.064000
529	529	0	3	District 529	Hotel 529	2016-03-30 10:43:27.064000
530	530	8	5	District 530	Hotel 530	2016-03-30 10:43:27.064000
531	531	10	4	District 531	Hotel 531	2016-03-30 10:43:27.064000
532	532	4	5	District 532	Hotel 532	2016-03-30 10:43:27.064000
533	533	7	5	District 533	Hotel 533	2016-03-30 10:43:27.064000
534	534	0	5	District 534	Hotel 534	2016-03-30 10:43:27.064000
535	535	2	3	District 535	Hotel 535	2016-03-30 10:43:27.064000
536	536	9	3	District 536	Hotel 536	2016-03-30 10:43:27.064000
537	537	9	3	District 537	Hotel 537	2016-03-30 10:43:27.064000
538	538	9	4	District 538	Hotel 538	2016-03-30 10:43:27.064000
539	539	1	3	District 539	Hotel 539	2016-03-30 10:43:27.064000
540	540	2	3	District 540	Hotel 540	2016-03-30 10:43:27.064000
541	541	7	3	District 541	Hotel 541	2016-03-30 10:43:27.064000
542	542	5	3	District 542	Hotel 542	2016-03-30 10:43:27.064000
543	543	9	3	District 543	Hotel 543	2016-03-30 10:43:27.064000
544	544	5	4	District 544	Hotel 544	2016-03-30 10:43:27.064000
545	545	2	3	District 545	Hotel 545	2016-03-30 10:43:27.064000
546	546	1	4	District 546	Hotel 546	2016-03-30 10:43:27.064000
547	547	10	3	District 547	Hotel 547	2016-03-30 10:43:27.064000
548	548	6	3	District 548	Hotel 548	2016-03-30 10:43:27.064000
549	549	9	5	District 549	Hotel 549	2016-03-30 10:43:27.064000
550	550	5	4	District 550	Hotel 550	2016-03-30 10:43:27.064000
551	551	1	4	District 551	Hotel 551	2016-03-30 10:43:27.064000
552	552	9	4	District 552	Hotel 552	2016-03-30 10:43:27.064000
553	553	2	5	District 553	Hotel 553	2016-03-30 10:43:27.064000
554	554	10	3	District 554	Hotel 554	2016-03-30 10:43:27.064000
555	555	3	4	District 555	Hotel 555	2016-03-30 10:43:27.064000
556	556	0	4	District 556	Hotel 556	2016-03-30 10:43:27.064000
557	557	9	4	District 557	Hotel 557	2016-03-30 10:43:27.064000
558	558	8	5	District 558	Hotel 558	2016-03-30 10:43:27.064000
559	559	4	4	District 559	Hotel 559	2016-03-30 10:43:27.064000
560	560	7	5	District 560	Hotel 560	2016-03-30 10:43:27.064000
561	561	8	4	District 561	Hotel 561	2016-03-30 10:43:27.065000
562	562	9	3	District 562	Hotel 562	2016-03-30 10:43:27.065000
563	563	0	5	District 563	Hotel 563	2016-03-30 10:43:27.065000
564	564	6	3	District 564	Hotel 564	2016-03-30 10:43:27.065000
565	565	0	3	District 565	Hotel 565	2016-03-30 10:43:27.065000
566	566	5	5	District 566	Hotel 566	2016-03-30 10:43:27.065000
567	567	1	4	District 567	Hotel 567	2016-03-30 10:43:27.065000
568	568	2	3	District 568	Hotel 568	2016-03-30 10:43:27.065000
569	569	0	4	District 569	Hotel 569	2016-03-30 10:43:27.065000
570	570	2	3	District 570	Hotel 570	2016-03-30 10:43:27.065000
571	571	9	5	District 571	Hotel 571	2016-03-30 10:43:27.065000
572	572	7	5	District 572	Hotel 572	2016-03-30 10:43:27.065000
573	573	8	4	District 573	Hotel 573	2016-03-30 10:43:27.065000
574	574	3	3	District 574	Hotel 574	2016-03-30 10:43:27.065000
575	575	4	4	District 575	Hotel 575	2016-03-30 10:43:27.065000
576	576	8	3	District 576	Hotel 576	2016-03-30 10:43:27.065000
577	577	2	4	District 577	Hotel 577	2016-03-30 10:43:27.065000
578	578	1	5	District 578	Hotel 578	2016-03-30 10:43:27.065000
579	579	1	3	District 579	Hotel 579	2016-03-30 10:43:27.065000
580	580	9	3	District 580	Hotel 580	2016-03-30 10:43:27.065000
581	581	9	5	District 581	Hotel 581	2016-03-30 10:43:27.065000
582	582	4	4	District 582	Hotel 582	2016-03-30 10:43:27.065000
583	583	6	5	District 583	Hotel 583	2016-03-30 10:43:27.065000
584	584	6	3	District 584	Hotel 584	2016-03-30 10:43:27.065000
585	585	5	3	District 585	Hotel 585	2016-03-30 10:43:27.065000
586	586	1	5	District 586	Hotel 586	2016-03-30 10:43:27.065000
587	587	5	3	District 587	Hotel 587	2016-03-30 10:43:27.065000
588	588	3	4	District 588	Hotel 588	2016-03-30 10:43:27.065000
589	589	7	3	District 589	Hotel 589	2016-03-30 10:43:27.065000
590	590	6	3	District 590	Hotel 590	2016-03-30 10:43:27.065000
591	591	2	3	District 591	Hotel 591	2016-03-30 10:43:27.065000
592	592	4	4	District 592	Hotel 592	2016-03-30 10:43:27.065000
593	593	8	4	District 593	Hotel 593	2016-03-30 10:43:27.065000
594	594	1	3	District 594	Hotel 594	2016-03-30 10:43:27.065000
595	595	1	3	District 595	Hotel 595	2016-03-30 10:43:27.065000
596	596	3	4	District 596	Hotel 596	2016-03-30 10:43:27.065000
597	597	2	4	District 597	Hotel 597	2016-03-30 10:43:27.065000
598	598	6	3	District 598	Hotel 598	2016-03-30 10:43:27.065000
599	599	1	5	District 599	Hotel 599	2016-03-30 10:43:27.065000
600	600	9	5	District 600	Hotel 600	2016-03-30 10:43:27.065000
601	601	0	3	District 601	Hotel 601	2016-03-30 10:43:27.065000
602	602	4	5	District 602	Hotel 602	2016-03-30 10:43:27.065000
603	603	0	5	District 603	Hotel 603	2016-03-30 10:43:27.065000
604	604	10	4	District 604	Hotel 604	2016-03-30 10:43:27.065000
605	605	0	5	District 605	Hotel 605	2016-03-30 10:43:27.066000
606	606	4	3	District 606	Hotel 606	2016-03-30 10:43:27.066000
607	607	8	4	District 607	Hotel 607	2016-03-30 10:43:27.066000
608	608	10	3	District 608	Hotel 608	2016-03-30 10:43:27.066000
609	609	0	4	District 609	Hotel 609	2016-03-30 10:43:27.066000
610	610	0	5	District 610	Hotel 610	2016-03-30 10:43:27.066000
611	611	7	5	District 611	Hotel 611	2016-03-30 10:43:27.066000
612	612	1	5	District 612	Hotel 612	2016-03-30 10:43:27.066000
613	613	4	4	District 613	Hotel 613	2016-03-30 10:43:27.066000
614	614	2	5	District 614	Hotel 614	2016-03-30 10:43:27.066000
615	615	10	3	District 615	Hotel 615	2016-03-30 10:43:27.066000
616	616	1	5	District 616	Hotel 616	2016-03-30 10:43:27.066000
617	617	9	3	District 617	Hotel 617	2016-03-30 10:43:27.066000
618	618	0	4	District 618	Hotel 618	2016-03-30 10:43:27.066000
619	619	0	4	District 619	Hotel 619	2016-03-30 10:43:27.066000
620	620	3	3	District 620	Hotel 620	2016-03-30 10:43:27.066000
621	621	9	3	District 621	Hotel 621	2016-03-30 10:43:27.066000
622	622	8	4	District 622	Hotel 622	2016-03-30 10:43:27.066000
623	623	2	5	District 623	Hotel 623	2016-03-30 10:43:27.066000
624	624	9	3	District 624	Hotel 624	2016-03-30 10:43:27.066000
625	625	7	3	District 625	Hotel 625	2016-03-30 10:43:27.066000
626	626	6	4	District 626	Hotel 626	2016-03-30 10:43:27.066000
627	627	4	5	District 627	Hotel 627	2016-03-30 10:43:27.066000
628	628	6	4	District 628	Hotel 628	2016-03-30 10:43:27.066000
629	629	1	4	District 629	Hotel 629	2016-03-30 10:43:27.066000
630	630	5	5	District 630	Hotel 630	2016-03-30 10:43:27.066000
631	631	9	4	District 631	Hotel 631	2016-03-30 10:43:27.066000
632	632	10	4	District 632	Hotel 632	2016-03-30 10:43:27.066000
633	633	7	5	District 633	Hotel 633	2016-03-30 10:43:27.066000
634	634	2	3	District 634	Hotel 634	2016-03-30 10:43:27.066000
635	635	2	5	District 635	Hotel 635	2016-03-30 10:43:27.066000
636	636	3	5	District 636	Hotel 636	2016-03-30 10:43:27.066000
637	637	9	4	District 637	Hotel 637	2016-03-30 10:43:27.066000
638	638	3	3	District 638	Hotel 638	2016-03-30 10:43:27.066000
639	639	7	3	District 639	Hotel 639	2016-03-30 10:43:27.066000
640	640	7	3	District 640	Hotel 640	2016-03-30 10:43:27.066000
641	641	2	3	District 641	Hotel 641	2016-03-30 10:43:27.066000
642	642	2	5	District 642	Hotel 642	2016-03-30 10:43:27.066000
643	643	7	3	District 643	Hotel 643	2016-03-30 10:43:27.066000
644	644	10	5	District 644	Hotel 644	2016-03-30 10:43:27.066000
645	645	9	3	District 645	Hotel 645	2016-03-30 10:43:27.066000
646	646	3	3	District 646	Hotel 646	2016-03-30 10:43:27.066000
647	647	7	4	District 647	Hotel 647	2016-03-30 10:43:27.066000
648	648	7	3	District 648	Hotel 648	2016-03-30 10:43:27.066000
649	649	5	3	District 649	Hotel 649	2016-03-30 10:43:27.066000
650	650	8	3	District 650	Hotel 650	2016-03-30 10:43:27.066000
651	651	10	3	District 651	Hotel 651	2016-03-30 10:43:27.066000
652	652	3	5	District 652	Hotel 652	2016-03-30 10:43:27.066000
653	653	8	4	District 653	Hotel 653	2016-03-30 10:43:27.066000
654	654	0	5	District 654	Hotel 654	2016-03-30 10:43:27.066000
655	655	7	5	District 655	Hotel 655	2016-03-30 10:43:27.066000
656	656	8	4	District 656	Hotel 656	2016-03-30 10:43:27.066000
657	657	1	3	District 657	Hotel 657	2016-03-30 10:43:27.066000
658	658	6	5	District 658	Hotel 658	2016-03-30 10:43:27.066000
659	659	4	4	District 659	Hotel 659	2016-03-30 10:43:27.066000
660	660	1	4	District 660	Hotel 660	2016-03-30 10:43:27.066000
661	661	6	4	District 661	Hotel 661	2016-03-30 10:43:27.066000
662	662	9	5	District 662	Hotel 662	2016-03-30 10:43:27.066000
663	663	5	5	District 663	Hotel 663	2016-03-30 10:43:27.066000
664	664	4	4	District 664	Hotel 664	2016-03-30 10:43:27.067000
665	665	10	5	District 665	Hotel 665	2016-03-30 10:43:27.067000
666	666	8	5	District 666	Hotel 666	2016-03-30 10:43:27.067000
667	667	8	3	District 667	Hotel 667	2016-03-30 10:43:27.067000
668	668	4	4	District 668	Hotel 668	2016-03-30 10:43:27.067000
669	669	5	5	District 669	Hotel 669	2016-03-30 10:43:27.067000
670	670	0	5	District 670	Hotel 670	2016-03-30 10:43:27.067000
671	671	3	3	District 671	Hotel 671	2016-03-30 10:43:27.067000
672	672	10	5	District 672	Hotel 672	2016-03-30 10:43:27.067000
673	673	6	5	District 673	Hotel 673	2016-03-30 10:43:27.067000
674	674	0	3	District 674	Hotel 674	2016-03-30 10:43:27.067000
675	675	2	4	District 675	Hotel 675	2016-03-30 10:43:27.067000
676	676	9	3	District 676	Hotel 676	2016-03-30 10:43:27.067000
677	677	3	5	District 677	Hotel 677	2016-03-30 10:43:27.067000
678	678	2	3	District 678	Hotel 678	2016-03-30 10:43:27.067000
679	679	1	4	District 679	Hotel 679	2016-03-30 10:43:27.067000
680	680	3	5	District 680	Hotel 680	2016-03-30 10:43:27.067000
681	681	9	5	District 681	Hotel 681	2016-03-30 10:43:27.067000
682	682	4	4	District 682	Hotel 682	2016-03-30 10:43:27.067000
683	683	1	4	District 683	Hotel 683	2016-03-30 10:43:27.067000
684	684	3	4	District 684	Hotel 684	2016-03-30 10:43:27.067000
685	685	8	4	District 685	Hotel 685	2016-03-30 10:43:27.067000
686	686	6	5	District 686	Hotel 686	2016-03-30 10:43:27.067000
687	687	8	4	District 687	Hotel 687	2016-03-30 10:43:27.067000
688	688	0	5	District 688	Hotel 688	2016-03-30 10:43:27.067000
689	689	4	3	District 689	Hotel 689	2016-03-30 10:43:27.067000
690	690	8	4	District 690	Hotel 690	2016-03-30 10:43:27.067000
691	691	5	4	District 691	Hotel 691	2016-03-30 10:43:27.067000
692	692	2	4	District 692	Hotel 692	2016-03-30 10:43:27.067000
693	693	2	3	District 693	Hotel 693	2016-03-30 10:43:27.067000
694	694	2	3	District 694	Hotel 694	2016-03-30 10:43:27.067000
695	695	2	4	District 695	Hotel 695	2016-03-30 10:43:27.067000
696	696	4	3	District 696	Hotel 696	2016-03-30 10:43:27.067000
697	697	5	4	District 697	Hotel 697	2016-03-30 10:43:27.067000
698	698	3	4	District 698	Hotel 698	2016-03-30 10:43:27.067000
699	699	4	4	District 699	Hotel 699	2016-03-30 10:43:27.067000
700	700	0	3	District 700	Hotel 700	2016-03-30 10:43:27.067000
701	701	1	5	District 701	Hotel 701	2016-03-30 10:43:27.067000
702	702	2	3	District 702	Hotel 702	2016-03-30 10:43:27.067000
703	703	7	5	District 703	Hotel 703	2016-03-30 10:43:27.067000
704	704	10	4	District 704	Hotel 704	2016-03-30 10:43:27.067000
705	705	5	3	District 705	Hotel 705	2016-03-30 10:43:27.067000
706	706	6	4	District 706	Hotel 706	2016-03-30 10:43:27.067000
707	707	10	3	District 707	Hotel 707	2016-03-30 10:43:27.067000
708	708	6	4	District 708	Hotel 708	2016-03-30 10:43:27.067000
709	709	7	3	District 709	Hotel 709	2016-03-30 10:43:27.067000
710	710	7	3	District 710	Hotel 710	2016-03-30 10:43:27.067000
711	711	0	5	District 711	Hotel 711	2016-03-30 10:43:27.067000
712	712	9	5	District 712	Hotel 712	2016-03-30 10:43:27.067000
713	713	10	4	District 713	Hotel 713	2016-03-30 10:43:27.067000
714	714	5	4	District 714	Hotel 714	2016-03-30 10:43:27.068000
715	715	6	3	District 715	Hotel 715	2016-03-30 10:43:27.068000
716	716	7	4	District 716	Hotel 716	2016-03-30 10:43:27.068000
717	717	4	3	District 717	Hotel 717	2016-03-30 10:43:27.068000
718	718	0	3	District 718	Hotel 718	2016-03-30 10:43:27.068000
719	719	5	4	District 719	Hotel 719	2016-03-30 10:43:27.068000
720	720	4	5	District 720	Hotel 720	2016-03-30 10:43:27.068000
721	721	0	3	District 721	Hotel 721	2016-03-30 10:43:27.068000
722	722	6	4	District 722	Hotel 722	2016-03-30 10:43:27.068000
723	723	8	3	District 723	Hotel 723	2016-03-30 10:43:27.068000
724	724	4	3	District 724	Hotel 724	2016-03-30 10:43:27.068000
725	725	0	3	District 725	Hotel 725	2016-03-30 10:43:27.068000
726	726	3	5	District 726	Hotel 726	2016-03-30 10:43:27.068000
727	727	5	3	District 727	Hotel 727	2016-03-30 10:43:27.068000
728	728	3	5	District 728	Hotel 728	2016-03-30 10:43:27.068000
729	729	4	3	District 729	Hotel 729	2016-03-30 10:43:27.068000
730	730	9	5	District 730	Hotel 730	2016-03-30 10:43:27.068000
731	731	3	4	District 731	Hotel 731	2016-03-30 10:43:27.068000
732	732	1	3	District 732	Hotel 732	2016-03-30 10:43:27.068000
733	733	10	4	District 733	Hotel 733	2016-03-30 10:43:27.068000
734	734	0	4	District 734	Hotel 734	2016-03-30 10:43:27.068000
735	735	9	3	District 735	Hotel 735	2016-03-30 10:43:27.068000
736	736	3	4	District 736	Hotel 736	2016-03-30 10:43:27.068000
737	737	7	5	District 737	Hotel 737	2016-03-30 10:43:27.068000
738	738	3	5	District 738	Hotel 738	2016-03-30 10:43:27.068000
739	739	5	5	District 739	Hotel 739	2016-03-30 10:43:27.068000
740	740	8	4	District 740	Hotel 740	2016-03-30 10:43:27.068000
741	741	4	4	District 741	Hotel 741	2016-03-30 10:43:27.068000
742	742	8	4	District 742	Hotel 742	2016-03-30 10:43:27.068000
743	743	2	5	District 743	Hotel 743	2016-03-30 10:43:27.068000
744	744	4	5	District 744	Hotel 744	2016-03-30 10:43:27.068000
745	745	6	4	District 745	Hotel 745	2016-03-30 10:43:27.068000
746	746	8	3	District 746	Hotel 746	2016-03-30 10:43:27.068000
747	747	10	4	District 747	Hotel 747	2016-03-30 10:43:27.068000
748	748	7	3	District 748	Hotel 748	2016-03-30 10:43:27.068000
749	749	4	5	District 749	Hotel 749	2016-03-30 10:43:27.068000
750	750	1	5	District 750	Hotel 750	2016-03-30 10:43:27.068000
751	751	3	5	District 751	Hotel 751	2016-03-30 10:43:27.068000
752	752	6	5	District 752	Hotel 752	2016-03-30 10:43:27.068000
753	753	4	4	District 753	Hotel 753	2016-03-30 10:43:27.068000
754	754	6	4	District 754	Hotel 754	2016-03-30 10:43:27.068000
755	755	7	5	District 755	Hotel 755	2016-03-30 10:43:27.068000
756	756	9	4	District 756	Hotel 756	2016-03-30 10:43:27.068000
757	757	7	5	District 757	Hotel 757	2016-03-30 10:43:27.068000
758	758	7	4	District 758	Hotel 758	2016-03-30 10:43:27.068000
759	759	1	3	District 759	Hotel 759	2016-03-30 10:43:27.068000
760	760	4	5	District 760	Hotel 760	2016-03-30 10:43:27.068000
761	761	8	3	District 761	Hotel 761	2016-03-30 10:43:27.068000
762	762	10	3	District 762	Hotel 762	2016-03-30 10:43:27.068000
763	763	10	3	District 763	Hotel 763	2016-03-30 10:43:27.068000
764	764	9	3	District 764	Hotel 764	2016-03-30 10:43:27.068000
765	765	10	3	District 765	Hotel 765	2016-03-30 10:43:27.068000
766	766	9	4	District 766	Hotel 766	2016-03-30 10:43:27.069000
767	767	5	5	District 767	Hotel 767	2016-03-30 10:43:27.069000
768	768	7	4	District 768	Hotel 768	2016-03-30 10:43:27.069000
769	769	2	5	District 769	Hotel 769	2016-03-30 10:43:27.069000
770	770	0	3	District 770	Hotel 770	2016-03-30 10:43:27.069000
771	771	7	5	District 771	Hotel 771	2016-03-30 10:43:27.069000
772	772	1	3	District 772	Hotel 772	2016-03-30 10:43:27.069000
773	773	0	5	District 773	Hotel 773	2016-03-30 10:43:27.069000
774	774	8	3	District 774	Hotel 774	2016-03-30 10:43:27.069000
775	775	2	4	District 775	Hotel 775	2016-03-30 10:43:27.069000
776	776	6	3	District 776	Hotel 776	2016-03-30 10:43:27.069000
777	777	9	3	District 777	Hotel 777	2016-03-30 10:43:27.069000
778	778	10	5	District 778	Hotel 778	2016-03-30 10:43:27.069000
779	779	7	5	District 779	Hotel 779	2016-03-30 10:43:27.069000
780	780	6	5	District 780	Hotel 780	2016-03-30 10:43:27.069000
781	781	5	3	District 781	Hotel 781	2016-03-30 10:43:27.069000
782	782	0	5	District 782	Hotel 782	2016-03-30 10:43:27.069000
783	783	7	4	District 783	Hotel 783	2016-03-30 10:43:27.069000
784	784	9	3	District 784	Hotel 784	2016-03-30 10:43:27.069000
785	785	3	5	District 785	Hotel 785	2016-03-30 10:43:27.069000
786	786	3	4	District 786	Hotel 786	2016-03-30 10:43:27.069000
787	787	5	3	District 787	Hotel 787	2016-03-30 10:43:27.069000
788	788	5	3	District 788	Hotel 788	2016-03-30 10:43:27.069000
789	789	4	5	District 789	Hotel 789	2016-03-30 10:43:27.069000
790	790	1	3	District 790	Hotel 790	2016-03-30 10:43:27.069000
791	791	7	4	District 791	Hotel 791	2016-03-30 10:43:27.069000
792	792	2	5	District 792	Hotel 792	2016-03-30 10:43:27.069000
793	793	9	4	District 793	Hotel 793	2016-03-30 10:43:27.069000
794	794	4	5	District 794	Hotel 794	2016-03-30 10:43:27.069000
795	795	9	5	District 795	Hotel 795	2016-03-30 10:43:27.069000
796	796	10	3	District 796	Hotel 796	2016-03-30 10:43:27.069000
797	797	10	3	District 797	Hotel 797	2016-03-30 10:43:27.069000
798	798	3	5	District 798	Hotel 798	2016-03-30 10:43:27.069000
799	799	6	4	District 799	Hotel 799	2016-03-30 10:43:27.069000
800	800	6	3	District 800	Hotel 800	2016-03-30 10:43:27.069000
801	801	10	5	District 801	Hotel 801	2016-03-30 10:43:27.069000
802	802	1	5	District 802	Hotel 802	2016-03-30 10:43:27.069000
803	803	5	5	District 803	Hotel 803	2016-03-30 10:43:27.069000
804	804	8	3	District 804	Hotel 804	2016-03-30 10:43:27.069000
805	805	1	5	District 805	Hotel 805	2016-03-30 10:43:27.069000
806	806	9	4	District 806	Hotel 806	2016-03-30 10:43:27.069000
807	807	10	5	District 807	Hotel 807	2016-03-30 10:43:27.069000
808	808	2	5	District 808	Hotel 808	2016-03-30 10:43:27.069000
809	809	10	4	District 809	Hotel 809	2016-03-30 10:43:27.069000
810	810	5	5	District 810	Hotel 810	2016-03-30 10:43:27.069000
811	811	10	5	District 811	Hotel 811	2016-03-30 10:43:27.069000
812	812	9	4	District 812	Hotel 812	2016-03-30 10:43:27.069000
813	813	4	3	District 813	Hotel 813	2016-03-30 10:43:27.069000
814	814	0	3	District 814	Hotel 814	2016-03-30 10:43:27.069000
815	815	6	3	District 815	Hotel 815	2016-03-30 10:43:27.069000
816	816	4	5	District 816	Hotel 816	2016-03-30 10:43:27.069000
817	817	4	5	District 817	Hotel 817	2016-03-30 10:43:27.069000
818	818	7	5	District 818	Hotel 818	2016-03-30 10:43:27.069000
819	819	7	5	District 819	Hotel 819	2016-03-30 10:43:27.069000
820	820	3	4	District 820	Hotel 820	2016-03-30 10:43:27.069000
821	821	8	4	District 821	Hotel 821	2016-03-30 10:43:27.069000
822	822	9	3	District 822	Hotel 822	2016-03-30 10:43:27.069000
823	823	2	3	District 823	Hotel 823	2016-03-30 10:43:27.069000
824	824	4	4	District 824	Hotel 824	2016-03-30 10:43:27.069000
825	825	6	4	District 825	Hotel 825	2016-03-30 10:43:27.069000
826	826	9	3	District 826	Hotel 826	2016-03-30 10:43:27.069000
827	827	2	5	District 827	Hotel 827	2016-03-30 10:43:27.069000
828	828	9	4	District 828	Hotel 828	2016-03-30 10:43:27.069000
829	829	5	3	District 829	Hotel 829	2016-03-30 10:43:27.069000
830	830	6	4	District 830	Hotel 830	2016-03-30 10:43:27.069000
831	831	3	3	District 831	Hotel 831	2016-03-30 10:43:27.069000
832	832	5	3	District 832	Hotel 832	2016-03-30 10:43:27.069000
833	833	6	4	District 833	Hotel 833	2016-03-30 10:43:27.069000
834	834	2	4	District 834	Hotel 834	2016-03-30 10:43:27.069000
835	835	7	5	District 835	Hotel 835	2016-03-30 10:43:27.069000
836	836	2	3	District 836	Hotel 836	2016-03-30 10:43:27.069000
837	837	9	5	District 837	Hotel 837	2016-03-30 10:43:27.069000
838	838	5	3	District 838	Hotel 838	2016-03-30 10:43:27.070000
839	839	4	4	District 839	Hotel 839	2016-03-30 10:43:27.070000
840	840	10	5	District 840	Hotel 840	2016-03-30 10:43:27.070000
841	841	4	3	District 841	Hotel 841	2016-03-30 10:43:27.070000
842	842	2	4	District 842	Hotel 842	2016-03-30 10:43:27.070000
843	843	0	4	District 843	Hotel 843	2016-03-30 10:43:27.070000
844	844	6	5	District 844	Hotel 844	2016-03-30 10:43:27.070000
845	845	4	3	District 845	Hotel 845	2016-03-30 10:43:27.070000
846	846	3	3	District 846	Hotel 846	2016-03-30 10:43:27.070000
847	847	10	4	District 847	Hotel 847	2016-03-30 10:43:27.070000
848	848	0	3	District 848	Hotel 848	2016-03-30 10:43:27.070000
849	849	5	5	District 849	Hotel 849	2016-03-30 10:43:27.070000
850	850	10	3	District 850	Hotel 850	2016-03-30 10:43:27.070000
851	851	4	4	District 851	Hotel 851	2016-03-30 10:43:27.070000
852	852	8	5	District 852	Hotel 852	2016-03-30 10:43:27.070000
853	853	1	5	District 853	Hotel 853	2016-03-30 10:43:27.070000
854	854	0	5	District 854	Hotel 854	2016-03-30 10:43:27.070000
855	855	7	4	District 855	Hotel 855	2016-03-30 10:43:27.070000
856	856	8	4	District 856	Hotel 856	2016-03-30 10:43:27.070000
857	857	0	3	District 857	Hotel 857	2016-03-30 10:43:27.070000
858	858	6	4	District 858	Hotel 858	2016-03-30 10:43:27.070000
859	859	4	3	District 859	Hotel 859	2016-03-30 10:43:27.070000
860	860	9	3	District 860	Hotel 860	2016-03-30 10:43:27.070000
861	861	2	5	District 861	Hotel 861	2016-03-30 10:43:27.070000
862	862	6	3	District 862	Hotel 862	2016-03-30 10:43:27.070000
863	863	4	3	District 863	Hotel 863	2016-03-30 10:43:27.070000
864	864	0	3	District 864	Hotel 864	2016-03-30 10:43:27.070000
865	865	6	3	District 865	Hotel 865	2016-03-30 10:43:27.070000
866	866	7	5	District 866	Hotel 866	2016-03-30 10:43:27.070000
867	867	1	3	District 867	Hotel 867	2016-03-30 10:43:27.070000
868	868	3	5	District 868	Hotel 868	2016-03-30 10:43:27.070000
869	869	1	3	District 869	Hotel 869	2016-03-30 10:43:27.070000
870	870	6	4	District 870	Hotel 870	2016-03-30 10:43:27.070000
871	871	4	3	District 871	Hotel 871	2016-03-30 10:43:27.070000
872	872	3	3	District 872	Hotel 872	2016-03-30 10:43:27.070000
873	873	10	5	District 873	Hotel 873	2016-03-30 10:43:27.070000
874	874	7	3	District 874	Hotel 874	2016-03-30 10:43:27.070000
875	875	5	5	District 875	Hotel 875	2016-03-30 10:43:27.070000
876	876	9	3	District 876	Hotel 876	2016-03-30 10:43:27.070000
877	877	4	4	District 877	Hotel 877	2016-03-30 10:43:27.070000
878	878	8	5	District 878	Hotel 878	2016-03-30 10:43:27.070000
879	879	8	4	District 879	Hotel 879	2016-03-30 10:43:27.070000
880	880	6	3	District 880	Hotel 880	2016-03-30 10:43:27.070000
881	881	5	3	District 881	Hotel 881	2016-03-30 10:43:27.070000
882	882	4	3	District 882	Hotel 882	2016-03-30 10:43:27.070000
883	883	9	5	District 883	Hotel 883	2016-03-30 10:43:27.070000
884	884	6	5	District 884	Hotel 884	2016-03-30 10:43:27.070000
885	885	7	5	District 885	Hotel 885	2016-03-30 10:43:27.070000
886	886	10	4	District 886	Hotel 886	2016-03-30 10:43:27.070000
887	887	2	4	District 887	Hotel 887	2016-03-30 10:43:27.070000
888	888	4	5	District 888	Hotel 888	2016-03-30 10:43:27.070000
889	889	3	5	District 889	Hotel 889	2016-03-30 10:43:27.070000
890	890	5	5	District 890	Hotel 890	2016-03-30 10:43:27.070000
891	891	9	5	District 891	Hotel 891	2016-03-30 10:43:27.070000
892	892	10	5	District 892	Hotel 892	2016-03-30 10:43:27.070000
893	893	2	3	District 893	Hotel 893	2016-03-30 10:43:27.070000
894	894	9	3	District 894	Hotel 894	2016-03-30 10:43:27.070000
895	895	7	5	District 895	Hotel 895	2016-03-30 10:43:27.070000
896	896	6	3	District 896	Hotel 896	2016-03-30 10:43:27.070000
897	897	8	4	District 897	Hotel 897	2016-03-30 10:43:27.070000
898	898	1	4	District 898	Hotel 898	2016-03-30 10:43:27.070000
899	899	1	4	District 899	Hotel 899	2016-03-30 10:43:27.070000
900	900	7	4	District 900	Hotel 900	2016-03-30 10:43:27.070000
901	901	7	4	District 901	Hotel 901	2016-03-30 10:43:27.070000
902	902	7	4	District 902	Hotel 902	2016-03-30 10:43:27.070000
903	903	1	5	District 903	Hotel 903	2016-03-30 10:43:27.070000
904	904	1	3	District 904	Hotel 904	2016-03-30 10:43:27.070000
905	905	3	5	District 905	Hotel 905	2016-03-30 10:43:27.070000
906	906	5	4	District 906	Hotel 906	2016-03-30 10:43:27.070000
907	907	0	4	District 907	Hotel 907	2016-03-30 10:43:27.070000
908	908	3	4	District 908	Hotel 908	2016-03-30 10:43:27.070000
909	909	5	4	District 909	Hotel 909	2016-03-30 10:43:27.070000
910	910	4	4	District 910	Hotel 910	2016-03-30 10:43:27.071000
911	911	2	5	District 911	Hotel 911	2016-03-30 10:43:27.071000
912	912	2	4	District 912	Hotel 912	2016-03-30 10:43:27.071000
913	913	0	5	District 913	Hotel 913	2016-03-30 10:43:27.071000
914	914	2	4	District 914	Hotel 914	2016-03-30 10:43:27.071000
915	915	10	4	District 915	Hotel 915	2016-03-30 10:43:27.071000
916	916	3	4	District 916	Hotel 916	2016-03-30 10:43:27.071000
917	917	5	5	District 917	Hotel 917	2016-03-30 10:43:27.071000
918	918	0	5	District 918	Hotel 918	2016-03-30 10:43:27.071000
919	919	2	3	District 919	Hotel 919	2016-03-30 10:43:27.071000
920	920	4	3	District 920	Hotel 920	2016-03-30 10:43:27.071000
921	921	1	3	District 921	Hotel 921	2016-03-30 10:43:27.071000
922	922	0	3	District 922	Hotel 922	2016-03-30 10:43:27.071000
923	923	1	3	District 923	Hotel 923	2016-03-30 10:43:27.071000
924	924	10	3	District 924	Hotel 924	2016-03-30 10:43:27.071000
925	925	4	5	District 925	Hotel 925	2016-03-30 10:43:27.071000
926	926	2	4	District 926	Hotel 926	2016-03-30 10:43:27.071000
927	927	1	3	District 927	Hotel 927	2016-03-30 10:43:27.071000
928	928	7	3	District 928	Hotel 928	2016-03-30 10:43:27.071000
929	929	0	4	District 929	Hotel 929	2016-03-30 10:43:27.071000
930	930	1	4	District 930	Hotel 930	2016-03-30 10:43:27.071000
931	931	2	4	District 931	Hotel 931	2016-03-30 10:43:27.071000
932	932	3	5	District 932	Hotel 932	2016-03-30 10:43:27.071000
933	933	7	5	District 933	Hotel 933	2016-03-30 10:43:27.071000
934	934	10	4	District 934	Hotel 934	2016-03-30 10:43:27.071000
935	935	5	3	District 935	Hotel 935	2016-03-30 10:43:27.071000
936	936	3	5	District 936	Hotel 936	2016-03-30 10:43:27.071000
937	937	3	4	District 937	Hotel 937	2016-03-30 10:43:27.071000
938	938	0	5	District 938	Hotel 938	2016-03-30 10:43:27.071000
939	939	6	3	District 939	Hotel 939	2016-03-30 10:43:27.071000
940	940	9	3	District 940	Hotel 940	2016-03-30 10:43:27.071000
941	941	4	5	District 941	Hotel 941	2016-03-30 10:43:27.071000
942	942	1	5	District 942	Hotel 942	2016-03-30 10:43:27.071000
943	943	1	3	District 943	Hotel 943	2016-03-30 10:43:27.071000
944	944	2	3	District 944	Hotel 944	2016-03-30 10:43:27.071000
945	945	3	3	District 945	Hotel 945	2016-03-30 10:43:27.071000
946	946	0	4	District 946	Hotel 946	2016-03-30 10:43:27.071000
947	947	9	3	District 947	Hotel 947	2016-03-30 10:43:27.071000
948	948	0	5	District 948	Hotel 948	2016-03-30 10:43:27.071000
949	949	1	3	District 949	Hotel 949	2016-03-30 10:43:27.071000
950	950	7	3	District 950	Hotel 950	2016-03-30 10:43:27.071000
951	951	1	3	District 951	Hotel 951	2016-03-30 10:43:27.071000
952	952	2	5	District 952	Hotel 952	2016-03-30 10:43:27.071000
953	953	6	3	District 953	Hotel 953	2016-03-30 10:43:27.071000
954	954	7	4	District 954	Hotel 954	2016-03-30 10:43:27.071000
955	955	8	3	District 955	Hotel 955	2016-03-30 10:43:27.071000
956	956	5	4	District 956	Hotel 956	2016-03-30 10:43:27.071000
957	957	3	5	District 957	Hotel 957	2016-03-30 10:43:27.071000
958	958	10	4	District 958	Hotel 958	2016-03-30 10:43:27.071000
959	959	5	3	District 959	Hotel 959	2016-03-30 10:43:27.071000
960	960	4	3	District 960	Hotel 960	2016-03-30 10:43:27.071000
961	961	1	4	District 961	Hotel 961	2016-03-30 10:43:27.071000
962	962	7	3	District 962	Hotel 962	2016-03-30 10:43:27.071000
963	963	0	5	District 963	Hotel 963	2016-03-30 10:43:27.071000
964	964	8	3	District 964	Hotel 964	2016-03-30 10:43:27.071000
965	965	10	3	District 965	Hotel 965	2016-03-30 10:43:27.071000
966	966	4	4	District 966	Hotel 966	2016-03-30 10:43:27.071000
967	967	4	5	District 967	Hotel 967	2016-03-30 10:43:27.071000
968	968	4	4	District 968	Hotel 968	2016-03-30 10:43:27.071000
969	969	9	4	District 969	Hotel 969	2016-03-30 10:43:27.071000
970	970	10	4	District 970	Hotel 970	2016-03-30 10:43:27.071000
971	971	6	5	District 971	Hotel 971	2016-03-30 10:43:27.071000
972	972	8	3	District 972	Hotel 972	2016-03-30 10:43:27.071000
973	973	5	5	District 973	Hotel 973	2016-03-30 10:43:27.071000
974	974	7	5	District 974	Hotel 974	2016-03-30 10:43:27.071000
975	975	6	3	District 975	Hotel 975	2016-03-30 10:43:27.071000
976	976	6	5	District 976	Hotel 976	2016-03-30 10:43:27.071000
977	977	1	4	District 977	Hotel 977	2016-03-30 10:43:27.071000
978	978	9	3	District 978	Hotel 978	2016-03-30 10:43:27.071000
979	979	10	3	District 979	Hotel 979	2016-03-30 10:43:27.071000
980	980	3	3	District 980	Hotel 980	2016-03-30 10:43:27.071000
981	981	0	3	District 981	Hotel 981	2016-03-30 10:43:27.071000
982	982	8	3	District 982	Hotel 982	2016-03-30 10:43:27.071000
983	983	4	5	District 983	Hotel 983	2016-03-30 10:43:27.072000
984	984	1	3	District 984	Hotel 984	2016-03-30 10:43:27.072000
985	985	8	3	District 985	Hotel 985	2016-03-30 10:43:27.072000
986	986	0	3	District 986	Hotel 986	2016-03-30 10:43:27.072000
987	987	2	5	District 987	Hotel 987	2016-03-30 10:43:27.072000
988	988	9	5	District 988	Hotel 988	2016-03-30 10:43:27.072000
989	989	2	3	District 989	Hotel 989	2016-03-30 10:43:27.072000
990	990	10	5	District 990	Hotel 990	2016-03-30 10:43:27.072000
991	991	8	3	District 991	Hotel 991	2016-03-30 10:43:27.072000
992	992	2	3	District 992	Hotel 992	2016-03-30 10:43:27.072000
993	993	2	5	District 993	Hotel 993	2016-03-30 10:43:27.072000
994	994	1	3	District 994	Hotel 994	2016-03-30 10:43:27.072000
995	995	8	4	District 995	Hotel 995	2016-03-30 10:43:27.072000
996	996	3	5	District 996	Hotel 996	2016-03-30 10:43:27.072000
997	997	0	3	District 997	Hotel 997	2016-03-30 10:43:27.072000
998	998	9	3	District 998	Hotel 998	2016-03-30 10:43:27.072000
999	999	2	5	District 999	Hotel 999	2016-03-30 10:43:27.072000
