0	0	0	Hotel 0	url	3	44.4	55.5	url	True	None	District 0	255	2016-03-30 10:43:42.327000
1	0	1	Hotel 1	url	3	44.4	55.5	url	True	None	District 1	369	2016-03-30 10:43:42.327000
2	0	2	Hotel 2	url	10	44.4	55.5	url	True	None	District 2	291	2016-03-30 10:43:42.328000
3	0	3	Hotel 3	url	9	44.4	55.5	url	True	None	District 3	88	2016-03-30 10:43:42.328000
4	0	4	Hotel 4	url	2	44.4	55.5	url	True	None	District 4	442	2016-03-30 10:43:42.328000
5	0	5	Hotel 5	url	0	44.4	55.5	url	True	None	District 5	780	2016-03-30 10:43:42.328000
6	0	6	Hotel 6	url	2	44.4	55.5	url	True	None	District 6	618	2016-03-30 10:43:42.328000
7	0	7	Hotel 7	url	6	44.4	55.5	url	True	None	District 7	730	2016-03-30 10:43:42.328000
8	0	8	Hotel 8	url	1	44.4	55.5	url	True	None	District 8	662	2016-03-30 10:43:42.328000
9	0	9	Hotel 9	url	3	44.4	55.5	url	True	None	District 9	583	2016-03-30 10:43:42.328000
10	0	10	Hotel 10	url	7	44.4	55.5	url	True	None	District 10	301	2016-03-30 10:43:42.328000
11	0	11	Hotel 11	url	7	44.4	55.5	url	True	None	District 11	169	2016-03-30 10:43:42.328000
12	0	12	Hotel 12	url	9	44.4	55.5	url	True	None	District 12	1	2016-03-30 10:43:42.328000
13	0	13	Hotel 13	url	1	44.4	55.5	url	True	None	District 13	278	2016-03-30 10:43:42.328000
14	0	14	Hotel 14	url	6	44.4	55.5	url	True	None	District 14	914	2016-03-30 10:43:42.328000
15	0	15	Hotel 15	url	1	44.4	55.5	url	True	None	District 15	872	2016-03-30 10:43:42.328000
16	0	16	Hotel 16	url	1	44.4	55.5	url	True	None	District 16	409	2016-03-30 10:43:42.328000
17	0	17	Hotel 17	url	10	44.4	55.5	url	True	None	District 17	379	2016-03-30 10:43:42.328000
18	0	18	Hotel 18	url	1	44.4	55.5	url	True	None	District 18	84	2016-03-30 10:43:42.328000
19	0	19	Hotel 19	url	5	44.4	55.5	url	True	None	District 19	436	2016-03-30 10:43:42.328000
20	0	20	Hotel 20	url	5	44.4	55.5	url	True	None	District 20	75	2016-03-30 10:43:42.328000
21	0	21	Hotel 21	url	4	44.4	55.5	url	True	None	District 21	202	2016-03-30 10:43:42.328000
22	0	22	Hotel 22	url	9	44.4	55.5	url	True	None	District 22	486	2016-03-30 10:43:42.329000
23	0	23	Hotel 23	url	0	44.4	55.5	url	True	None	District 23	904	2016-03-30 10:43:42.329000
24	0	24	Hotel 24	url	9	44.4	55.5	url	True	None	District 24	82	2016-03-30 10:43:42.329000
25	0	25	Hotel 25	url	9	44.4	55.5	url	True	None	District 25	225	2016-03-30 10:43:42.329000
26	0	26	Hotel 26	url	3	44.4	55.5	url	True	None	District 26	2	2016-03-30 10:43:42.329000
27	0	27	Hotel 27	url	9	44.4	55.5	url	True	None	District 27	533	2016-03-30 10:43:42.329000
28	0	28	Hotel 28	url	4	44.4	55.5	url	True	None	District 28	134	2016-03-30 10:43:42.329000
29	0	29	Hotel 29	url	5	44.4	55.5	url	True	None	District 29	249	2016-03-30 10:43:42.329000
30	0	30	Hotel 30	url	3	44.4	55.5	url	True	None	District 30	413	2016-03-30 10:43:42.329000
31	0	31	Hotel 31	url	0	44.4	55.5	url	True	None	District 31	874	2016-03-30 10:43:42.329000
32	0	32	Hotel 32	url	10	44.4	55.5	url	True	None	District 32	611	2016-03-30 10:43:42.329000
33	0	33	Hotel 33	url	4	44.4	55.5	url	True	None	District 33	162	2016-03-30 10:43:42.329000
34	0	34	Hotel 34	url	4	44.4	55.5	url	True	None	District 34	223	2016-03-30 10:43:42.329000
35	0	35	Hotel 35	url	3	44.4	55.5	url	True	None	District 35	594	2016-03-30 10:43:42.329000
36	0	36	Hotel 36	url	3	44.4	55.5	url	True	None	District 36	626	2016-03-30 10:43:42.329000
37	0	37	Hotel 37	url	7	44.4	55.5	url	True	None	District 37	301	2016-03-30 10:43:42.329000
38	0	38	Hotel 38	url	4	44.4	55.5	url	True	None	District 38	292	2016-03-30 10:43:42.329000
39	0	39	Hotel 39	url	10	44.4	55.5	url	True	None	District 39	137	2016-03-30 10:43:42.329000
40	0	40	Hotel 40	url	7	44.4	55.5	url	True	None	District 40	401	2016-03-30 10:43:42.329000
41	0	41	Hotel 41	url	2	44.4	55.5	url	True	None	District 41	878	2016-03-30 10:43:42.329000
42	0	42	Hotel 42	url	3	44.4	55.5	url	True	None	District 42	187	2016-03-30 10:43:42.329000
43	0	43	Hotel 43	url	5	44.4	55.5	url	True	None	District 43	988	2016-03-30 10:43:42.329000
44	0	44	Hotel 44	url	6	44.4	55.5	url	True	None	District 44	940	2016-03-30 10:43:42.329000
45	0	45	Hotel 45	url	8	44.4	55.5	url	True	None	District 45	974	2016-03-30 10:43:42.329000
46	0	46	Hotel 46	url	1	44.4	55.5	url	True	None	District 46	743	2016-03-30 10:43:42.329000
47	0	47	Hotel 47	url	3	44.4	55.5	url	True	None	District 47	901	2016-03-30 10:43:42.329000
48	0	48	Hotel 48	url	5	44.4	55.5	url	True	None	District 48	963	2016-03-30 10:43:42.329000
49	0	49	Hotel 49	url	4	44.4	55.5	url	True	None	District 49	236	2016-03-30 10:43:42.329000
50	0	50	Hotel 50	url	0	44.4	55.5	url	True	None	District 50	825	2016-03-30 10:43:42.329000
51	0	51	Hotel 51	url	1	44.4	55.5	url	True	None	District 51	919	2016-03-30 10:43:42.329000
52	0	52	Hotel 52	url	8	44.4	55.5	url	True	None	District 52	815	2016-03-30 10:43:42.329000
53	0	53	Hotel 53	url	0	44.4	55.5	url	True	None	District 53	379	2016-03-30 10:43:42.329000
54	0	54	Hotel 54	url	5	44.4	55.5	url	True	None	District 54	619	2016-03-30 10:43:42.329000
55	0	55	Hotel 55	url	4	44.4	55.5	url	True	None	District 55	721	2016-03-30 10:43:42.329000
56	0	56	Hotel 56	url	9	44.4	55.5	url	True	None	District 56	543	2016-03-30 10:43:42.329000
57	0	57	Hotel 57	url	6	44.4	55.5	url	True	None	District 57	966	2016-03-30 10:43:42.330000
58	0	58	Hotel 58	url	5	44.4	55.5	url	True	None	District 58	566	2016-03-30 10:43:42.330000
59	0	59	Hotel 59	url	9	44.4	55.5	url	True	None	District 59	52	2016-03-30 10:43:42.330000
60	0	60	Hotel 60	url	9	44.4	55.5	url	True	None	District 60	21	2016-03-30 10:43:42.330000
61	0	61	Hotel 61	url	10	44.4	55.5	url	True	None	District 61	928	2016-03-30 10:43:42.330000
62	0	62	Hotel 62	url	1	44.4	55.5	url	True	None	District 62	359	2016-03-30 10:43:42.330000
63	0	63	Hotel 63	url	6	44.4	55.5	url	True	None	District 63	204	2016-03-30 10:43:42.330000
64	0	64	Hotel 64	url	3	44.4	55.5	url	True	None	District 64	817	2016-03-30 10:43:42.330000
65	0	65	Hotel 65	url	8	44.4	55.5	url	True	None	District 65	781	2016-03-30 10:43:42.330000
66	0	66	Hotel 66	url	9	44.4	55.5	url	True	None	District 66	206	2016-03-30 10:43:42.330000
67	0	67	Hotel 67	url	2	44.4	55.5	url	True	None	District 67	473	2016-03-30 10:43:42.330000
68	0	68	Hotel 68	url	6	44.4	55.5	url	True	None	District 68	873	2016-03-30 10:43:42.330000
69	0	69	Hotel 69	url	6	44.4	55.5	url	True	None	District 69	474	2016-03-30 10:43:42.330000
70	0	70	Hotel 70	url	7	44.4	55.5	url	True	None	District 70	130	2016-03-30 10:43:42.330000
71	0	71	Hotel 71	url	10	44.4	55.5	url	True	None	District 71	459	2016-03-30 10:43:42.330000
72	0	72	Hotel 72	url	10	44.4	55.5	url	True	None	District 72	10	2016-03-30 10:43:42.330000
73	0	73	Hotel 73	url	2	44.4	55.5	url	True	None	District 73	698	2016-03-30 10:43:42.330000
74	0	74	Hotel 74	url	9	44.4	55.5	url	True	None	District 74	848	2016-03-30 10:43:42.330000
75	0	75	Hotel 75	url	5	44.4	55.5	url	True	None	District 75	783	2016-03-30 10:43:42.330000
76	0	76	Hotel 76	url	4	44.4	55.5	url	True	None	District 76	1	2016-03-30 10:43:42.330000
77	0	77	Hotel 77	url	1	44.4	55.5	url	True	None	District 77	208	2016-03-30 10:43:42.330000
78	0	78	Hotel 78	url	10	44.4	55.5	url	True	None	District 78	949	2016-03-30 10:43:42.330000
79	0	79	Hotel 79	url	10	44.4	55.5	url	True	None	District 79	680	2016-03-30 10:43:42.330000
80	0	80	Hotel 80	url	5	44.4	55.5	url	True	None	District 80	761	2016-03-30 10:43:42.330000
81	0	81	Hotel 81	url	0	44.4	55.5	url	True	None	District 81	694	2016-03-30 10:43:42.330000
82	0	82	Hotel 82	url	8	44.4	55.5	url	True	None	District 82	919	2016-03-30 10:43:42.330000
83	0	83	Hotel 83	url	6	44.4	55.5	url	True	None	District 83	530	2016-03-30 10:43:42.330000
84	0	84	Hotel 84	url	0	44.4	55.5	url	True	None	District 84	20	2016-03-30 10:43:42.330000
85	0	85	Hotel 85	url	6	44.4	55.5	url	True	None	District 85	461	2016-03-30 10:43:42.330000
86	0	86	Hotel 86	url	2	44.4	55.5	url	True	None	District 86	863	2016-03-30 10:43:42.331000
87	0	87	Hotel 87	url	7	44.4	55.5	url	True	None	District 87	861	2016-03-30 10:43:42.331000
88	0	88	Hotel 88	url	4	44.4	55.5	url	True	None	District 88	666	2016-03-30 10:43:42.331000
89	0	89	Hotel 89	url	4	44.4	55.5	url	True	None	District 89	728	2016-03-30 10:43:42.331000
90	0	90	Hotel 90	url	5	44.4	55.5	url	True	None	District 90	649	2016-03-30 10:43:42.331000
91	0	91	Hotel 91	url	10	44.4	55.5	url	True	None	District 91	246	2016-03-30 10:43:42.331000
92	0	92	Hotel 92	url	10	44.4	55.5	url	True	None	District 92	339	2016-03-30 10:43:42.331000
93	0	93	Hotel 93	url	1	44.4	55.5	url	True	None	District 93	610	2016-03-30 10:43:42.331000
94	0	94	Hotel 94	url	10	44.4	55.5	url	True	None	District 94	831	2016-03-30 10:43:42.331000
95	0	95	Hotel 95	url	4	44.4	55.5	url	True	None	District 95	324	2016-03-30 10:43:42.331000
96	0	96	Hotel 96	url	2	44.4	55.5	url	True	None	District 96	179	2016-03-30 10:43:42.331000
97	0	97	Hotel 97	url	6	44.4	55.5	url	True	None	District 97	227	2016-03-30 10:43:42.331000
98	0	98	Hotel 98	url	2	44.4	55.5	url	True	None	District 98	330	2016-03-30 10:43:42.331000
99	0	99	Hotel 99	url	5	44.4	55.5	url	True	None	District 99	380	2016-03-30 10:43:42.331000
100	0	100	Hotel 100	url	5	44.4	55.5	url	True	None	District 100	685	2016-03-30 10:43:42.331000
101	0	101	Hotel 101	url	4	44.4	55.5	url	True	None	District 101	466	2016-03-30 10:43:42.331000
102	0	102	Hotel 102	url	3	44.4	55.5	url	True	None	District 102	524	2016-03-30 10:43:42.331000
103	0	103	Hotel 103	url	5	44.4	55.5	url	True	None	District 103	763	2016-03-30 10:43:42.331000
104	0	104	Hotel 104	url	3	44.4	55.5	url	True	None	District 104	370	2016-03-30 10:43:42.331000
105	0	105	Hotel 105	url	0	44.4	55.5	url	True	None	District 105	799	2016-03-30 10:43:42.331000
106	0	106	Hotel 106	url	7	44.4	55.5	url	True	None	District 106	427	2016-03-30 10:43:42.331000
107	0	107	Hotel 107	url	8	44.4	55.5	url	True	None	District 107	797	2016-03-30 10:43:42.331000
108	0	108	Hotel 108	url	5	44.4	55.5	url	True	None	District 108	391	2016-03-30 10:43:42.331000
109	0	109	Hotel 109	url	7	44.4	55.5	url	True	None	District 109	974	2016-03-30 10:43:42.331000
110	0	110	Hotel 110	url	4	44.4	55.5	url	True	None	District 110	110	2016-03-30 10:43:42.331000
111	0	111	Hotel 111	url	3	44.4	55.5	url	True	None	District 111	399	2016-03-30 10:43:42.331000
112	0	112	Hotel 112	url	9	44.4	55.5	url	True	None	District 112	769	2016-03-30 10:43:42.331000
113	0	113	Hotel 113	url	4	44.4	55.5	url	True	None	District 113	263	2016-03-30 10:43:42.331000
114	0	114	Hotel 114	url	3	44.4	55.5	url	True	None	District 114	812	2016-03-30 10:43:42.331000
115	0	115	Hotel 115	url	4	44.4	55.5	url	True	None	District 115	645	2016-03-30 10:43:42.331000
116	0	116	Hotel 116	url	8	44.4	55.5	url	True	None	District 116	521	2016-03-30 10:43:42.331000
117	0	117	Hotel 117	url	0	44.4	55.5	url	True	None	District 117	894	2016-03-30 10:43:42.331000
118	0	118	Hotel 118	url	10	44.4	55.5	url	True	None	District 118	825	2016-03-30 10:43:42.331000
119	0	119	Hotel 119	url	4	44.4	55.5	url	True	None	District 119	498	2016-03-30 10:43:42.331000
120	0	120	Hotel 120	url	4	44.4	55.5	url	True	None	District 120	69	2016-03-30 10:43:42.331000
121	0	121	Hotel 121	url	5	44.4	55.5	url	True	None	District 121	866	2016-03-30 10:43:42.331000
122	0	122	Hotel 122	url	8	44.4	55.5	url	True	None	District 122	87	2016-03-30 10:43:42.331000
123	0	123	Hotel 123	url	7	44.4	55.5	url	True	None	District 123	463	2016-03-30 10:43:42.332000
124	0	124	Hotel 124	url	2	44.4	55.5	url	True	None	District 124	421	2016-03-30 10:43:42.332000
125	0	125	Hotel 125	url	8	44.4	55.5	url	True	None	District 125	819	2016-03-30 10:43:42.332000
126	0	126	Hotel 126	url	7	44.4	55.5	url	True	None	District 126	820	2016-03-30 10:43:42.332000
127	0	127	Hotel 127	url	0	44.4	55.5	url	True	None	District 127	366	2016-03-30 10:43:42.332000
128	0	128	Hotel 128	url	4	44.4	55.5	url	True	None	District 128	873	2016-03-30 10:43:42.332000
129	0	129	Hotel 129	url	6	44.4	55.5	url	True	None	District 129	443	2016-03-30 10:43:42.332000
130	0	130	Hotel 130	url	9	44.4	55.5	url	True	None	District 130	815	2016-03-30 10:43:42.332000
131	0	131	Hotel 131	url	3	44.4	55.5	url	True	None	District 131	863	2016-03-30 10:43:42.332000
132	0	132	Hotel 132	url	1	44.4	55.5	url	True	None	District 132	100	2016-03-30 10:43:42.332000
133	0	133	Hotel 133	url	6	44.4	55.5	url	True	None	District 133	477	2016-03-30 10:43:42.332000
134	0	134	Hotel 134	url	0	44.4	55.5	url	True	None	District 134	371	2016-03-30 10:43:42.332000
135	0	135	Hotel 135	url	7	44.4	55.5	url	True	None	District 135	662	2016-03-30 10:43:42.333000
136	0	136	Hotel 136	url	2	44.4	55.5	url	True	None	District 136	233	2016-03-30 10:43:42.333000
137	0	137	Hotel 137	url	9	44.4	55.5	url	True	None	District 137	715	2016-03-30 10:43:42.333000
138	0	138	Hotel 138	url	6	44.4	55.5	url	True	None	District 138	650	2016-03-30 10:43:42.333000
139	0	139	Hotel 139	url	4	44.4	55.5	url	True	None	District 139	565	2016-03-30 10:43:42.333000
140	0	140	Hotel 140	url	9	44.4	55.5	url	True	None	District 140	823	2016-03-30 10:43:42.333000
141	0	141	Hotel 141	url	3	44.4	55.5	url	True	None	District 141	331	2016-03-30 10:43:42.333000
142	0	142	Hotel 142	url	3	44.4	55.5	url	True	None	District 142	219	2016-03-30 10:43:42.333000
143	0	143	Hotel 143	url	4	44.4	55.5	url	True	None	District 143	888	2016-03-30 10:43:42.333000
144	0	144	Hotel 144	url	0	44.4	55.5	url	True	None	District 144	993	2016-03-30 10:43:42.333000
145	0	145	Hotel 145	url	10	44.4	55.5	url	True	None	District 145	175	2016-03-30 10:43:42.333000
146	0	146	Hotel 146	url	2	44.4	55.5	url	True	None	District 146	608	2016-03-30 10:43:42.333000
147	0	147	Hotel 147	url	7	44.4	55.5	url	True	None	District 147	66	2016-03-30 10:43:42.333000
148	0	148	Hotel 148	url	5	44.4	55.5	url	True	None	District 148	729	2016-03-30 10:43:42.333000
149	0	149	Hotel 149	url	2	44.4	55.5	url	True	None	District 149	804	2016-03-30 10:43:42.333000
150	0	150	Hotel 150	url	0	44.4	55.5	url	True	None	District 150	934	2016-03-30 10:43:42.333000
151	0	151	Hotel 151	url	1	44.4	55.5	url	True	None	District 151	251	2016-03-30 10:43:42.333000
152	0	152	Hotel 152	url	6	44.4	55.5	url	True	None	District 152	640	2016-03-30 10:43:42.333000
153	0	153	Hotel 153	url	3	44.4	55.5	url	True	None	District 153	125	2016-03-30 10:43:42.333000
154	0	154	Hotel 154	url	4	44.4	55.5	url	True	None	District 154	497	2016-03-30 10:43:42.333000
155	0	155	Hotel 155	url	0	44.4	55.5	url	True	None	District 155	262	2016-03-30 10:43:42.333000
156	0	156	Hotel 156	url	2	44.4	55.5	url	True	None	District 156	106	2016-03-30 10:43:42.334000
157	0	157	Hotel 157	url	5	44.4	55.5	url	True	None	District 157	462	2016-03-30 10:43:42.334000
158	0	158	Hotel 158	url	10	44.4	55.5	url	True	None	District 158	91	2016-03-30 10:43:42.334000
159	0	159	Hotel 159	url	9	44.4	55.5	url	True	None	District 159	451	2016-03-30 10:43:42.334000
160	0	160	Hotel 160	url	8	44.4	55.5	url	True	None	District 160	496	2016-03-30 10:43:42.334000
161	0	161	Hotel 161	url	9	44.4	55.5	url	True	None	District 161	21	2016-03-30 10:43:42.334000
162	0	162	Hotel 162	url	0	44.4	55.5	url	True	None	District 162	307	2016-03-30 10:43:42.334000
163	0	163	Hotel 163	url	6	44.4	55.5	url	True	None	District 163	683	2016-03-30 10:43:42.334000
164	0	164	Hotel 164	url	1	44.4	55.5	url	True	None	District 164	322	2016-03-30 10:43:42.334000
165	0	165	Hotel 165	url	8	44.4	55.5	url	True	None	District 165	394	2016-03-30 10:43:42.334000
166	0	166	Hotel 166	url	7	44.4	55.5	url	True	None	District 166	958	2016-03-30 10:43:42.334000
167	0	167	Hotel 167	url	10	44.4	55.5	url	True	None	District 167	140	2016-03-30 10:43:42.334000
168	0	168	Hotel 168	url	6	44.4	55.5	url	True	None	District 168	687	2016-03-30 10:43:42.334000
169	0	169	Hotel 169	url	10	44.4	55.5	url	True	None	District 169	69	2016-03-30 10:43:42.334000
170	0	170	Hotel 170	url	10	44.4	55.5	url	True	None	District 170	722	2016-03-30 10:43:42.334000
171	0	171	Hotel 171	url	2	44.4	55.5	url	True	None	District 171	365	2016-03-30 10:43:42.334000
172	0	172	Hotel 172	url	3	44.4	55.5	url	True	None	District 172	799	2016-03-30 10:43:42.334000
173	0	173	Hotel 173	url	4	44.4	55.5	url	True	None	District 173	487	2016-03-30 10:43:42.335000
174	0	174	Hotel 174	url	3	44.4	55.5	url	True	None	District 174	820	2016-03-30 10:43:42.335000
175	0	175	Hotel 175	url	2	44.4	55.5	url	True	None	District 175	545	2016-03-30 10:43:42.335000
176	0	176	Hotel 176	url	5	44.4	55.5	url	True	None	District 176	58	2016-03-30 10:43:42.335000
177	0	177	Hotel 177	url	10	44.4	55.5	url	True	None	District 177	19	2016-03-30 10:43:42.335000
178	0	178	Hotel 178	url	9	44.4	55.5	url	True	None	District 178	916	2016-03-30 10:43:42.335000
179	0	179	Hotel 179	url	1	44.4	55.5	url	True	None	District 179	437	2016-03-30 10:43:42.335000
180	0	180	Hotel 180	url	0	44.4	55.5	url	True	None	District 180	273	2016-03-30 10:43:42.335000
181	0	181	Hotel 181	url	9	44.4	55.5	url	True	None	District 181	581	2016-03-30 10:43:42.335000
182	0	182	Hotel 182	url	2	44.4	55.5	url	True	None	District 182	844	2016-03-30 10:43:42.335000
183	0	183	Hotel 183	url	2	44.4	55.5	url	True	None	District 183	698	2016-03-30 10:43:42.335000
184	0	184	Hotel 184	url	10	44.4	55.5	url	True	None	District 184	582	2016-03-30 10:43:42.335000
185	0	185	Hotel 185	url	6	44.4	55.5	url	True	None	District 185	474	2016-03-30 10:43:42.335000
186	0	186	Hotel 186	url	10	44.4	55.5	url	True	None	District 186	831	2016-03-30 10:43:42.335000
187	0	187	Hotel 187	url	2	44.4	55.5	url	True	None	District 187	939	2016-03-30 10:43:42.335000
188	0	188	Hotel 188	url	0	44.4	55.5	url	True	None	District 188	273	2016-03-30 10:43:42.335000
189	0	189	Hotel 189	url	3	44.4	55.5	url	True	None	District 189	115	2016-03-30 10:43:42.335000
190	0	190	Hotel 190	url	2	44.4	55.5	url	True	None	District 190	748	2016-03-30 10:43:42.335000
191	0	191	Hotel 191	url	6	44.4	55.5	url	True	None	District 191	888	2016-03-30 10:43:42.336000
192	0	192	Hotel 192	url	5	44.4	55.5	url	True	None	District 192	291	2016-03-30 10:43:42.336000
193	0	193	Hotel 193	url	1	44.4	55.5	url	True	None	District 193	62	2016-03-30 10:43:42.336000
194	0	194	Hotel 194	url	0	44.4	55.5	url	True	None	District 194	423	2016-03-30 10:43:42.336000
195	0	195	Hotel 195	url	9	44.4	55.5	url	True	None	District 195	23	2016-03-30 10:43:42.336000
196	0	196	Hotel 196	url	7	44.4	55.5	url	True	None	District 196	109	2016-03-30 10:43:42.336000
197	0	197	Hotel 197	url	9	44.4	55.5	url	True	None	District 197	17	2016-03-30 10:43:42.337000
198	0	198	Hotel 198	url	4	44.4	55.5	url	True	None	District 198	68	2016-03-30 10:43:42.337000
199	0	199	Hotel 199	url	5	44.4	55.5	url	True	None	District 199	259	2016-03-30 10:43:42.337000
200	0	200	Hotel 200	url	10	44.4	55.5	url	True	None	District 200	407	2016-03-30 10:43:42.337000
201	0	201	Hotel 201	url	8	44.4	55.5	url	True	None	District 201	639	2016-03-30 10:43:42.337000
202	0	202	Hotel 202	url	9	44.4	55.5	url	True	None	District 202	186	2016-03-30 10:43:42.337000
203	0	203	Hotel 203	url	1	44.4	55.5	url	True	None	District 203	226	2016-03-30 10:43:42.337000
204	0	204	Hotel 204	url	1	44.4	55.5	url	True	None	District 204	489	2016-03-30 10:43:42.337000
205	0	205	Hotel 205	url	4	44.4	55.5	url	True	None	District 205	414	2016-03-30 10:43:42.337000
206	0	206	Hotel 206	url	2	44.4	55.5	url	True	None	District 206	800	2016-03-30 10:43:42.337000
207	0	207	Hotel 207	url	5	44.4	55.5	url	True	None	District 207	211	2016-03-30 10:43:42.337000
208	0	208	Hotel 208	url	6	44.4	55.5	url	True	None	District 208	964	2016-03-30 10:43:42.337000
209	0	209	Hotel 209	url	6	44.4	55.5	url	True	None	District 209	879	2016-03-30 10:43:42.337000
210	0	210	Hotel 210	url	3	44.4	55.5	url	True	None	District 210	537	2016-03-30 10:43:42.337000
211	0	211	Hotel 211	url	8	44.4	55.5	url	True	None	District 211	83	2016-03-30 10:43:42.337000
212	0	212	Hotel 212	url	1	44.4	55.5	url	True	None	District 212	8	2016-03-30 10:43:42.337000
213	0	213	Hotel 213	url	7	44.4	55.5	url	True	None	District 213	141	2016-03-30 10:43:42.337000
214	0	214	Hotel 214	url	4	44.4	55.5	url	True	None	District 214	356	2016-03-30 10:43:42.337000
215	0	215	Hotel 215	url	1	44.4	55.5	url	True	None	District 215	245	2016-03-30 10:43:42.337000
216	0	216	Hotel 216	url	7	44.4	55.5	url	True	None	District 216	81	2016-03-30 10:43:42.337000
217	0	217	Hotel 217	url	1	44.4	55.5	url	True	None	District 217	152	2016-03-30 10:43:42.337000
218	0	218	Hotel 218	url	5	44.4	55.5	url	True	None	District 218	811	2016-03-30 10:43:42.337000
219	0	219	Hotel 219	url	6	44.4	55.5	url	True	None	District 219	366	2016-03-30 10:43:42.338000
220	0	220	Hotel 220	url	5	44.4	55.5	url	True	None	District 220	680	2016-03-30 10:43:42.338000
221	0	221	Hotel 221	url	4	44.4	55.5	url	True	None	District 221	666	2016-03-30 10:43:42.338000
222	0	222	Hotel 222	url	10	44.4	55.5	url	True	None	District 222	348	2016-03-30 10:43:42.338000
223	0	223	Hotel 223	url	5	44.4	55.5	url	True	None	District 223	568	2016-03-30 10:43:42.338000
224	0	224	Hotel 224	url	8	44.4	55.5	url	True	None	District 224	305	2016-03-30 10:43:42.338000
225	0	225	Hotel 225	url	10	44.4	55.5	url	True	None	District 225	322	2016-03-30 10:43:42.338000
226	0	226	Hotel 226	url	0	44.4	55.5	url	True	None	District 226	859	2016-03-30 10:43:42.338000
227	0	227	Hotel 227	url	9	44.4	55.5	url	True	None	District 227	943	2016-03-30 10:43:42.338000
228	0	228	Hotel 228	url	3	44.4	55.5	url	True	None	District 228	28	2016-03-30 10:43:42.338000
229	0	229	Hotel 229	url	3	44.4	55.5	url	True	None	District 229	36	2016-03-30 10:43:42.338000
230	0	230	Hotel 230	url	5	44.4	55.5	url	True	None	District 230	285	2016-03-30 10:43:42.338000
231	0	231	Hotel 231	url	10	44.4	55.5	url	True	None	District 231	90	2016-03-30 10:43:42.338000
232	0	232	Hotel 232	url	3	44.4	55.5	url	True	None	District 232	197	2016-03-30 10:43:42.338000
233	0	233	Hotel 233	url	3	44.4	55.5	url	True	None	District 233	31	2016-03-30 10:43:42.338000
234	0	234	Hotel 234	url	8	44.4	55.5	url	True	None	District 234	115	2016-03-30 10:43:42.338000
235	0	235	Hotel 235	url	4	44.4	55.5	url	True	None	District 235	653	2016-03-30 10:43:42.338000
236	0	236	Hotel 236	url	4	44.4	55.5	url	True	None	District 236	962	2016-03-30 10:43:42.338000
237	0	237	Hotel 237	url	7	44.4	55.5	url	True	None	District 237	723	2016-03-30 10:43:42.338000
238	0	238	Hotel 238	url	7	44.4	55.5	url	True	None	District 238	831	2016-03-30 10:43:42.338000
239	0	239	Hotel 239	url	2	44.4	55.5	url	True	None	District 239	850	2016-03-30 10:43:42.338000
240	0	240	Hotel 240	url	3	44.4	55.5	url	True	None	District 240	739	2016-03-30 10:43:42.338000
241	0	241	Hotel 241	url	8	44.4	55.5	url	True	None	District 241	909	2016-03-30 10:43:42.338000
242	0	242	Hotel 242	url	6	44.4	55.5	url	True	None	District 242	360	2016-03-30 10:43:42.338000
243	0	243	Hotel 243	url	4	44.4	55.5	url	True	None	District 243	766	2016-03-30 10:43:42.338000
244	0	244	Hotel 244	url	8	44.4	55.5	url	True	None	District 244	692	2016-03-30 10:43:42.338000
245	0	245	Hotel 245	url	8	44.4	55.5	url	True	None	District 245	615	2016-03-30 10:43:42.338000
246	0	246	Hotel 246	url	8	44.4	55.5	url	True	None	District 246	825	2016-03-30 10:43:42.338000
247	0	247	Hotel 247	url	4	44.4	55.5	url	True	None	District 247	544	2016-03-30 10:43:42.338000
248	0	248	Hotel 248	url	5	44.4	55.5	url	True	None	District 248	202	2016-03-30 10:43:42.338000
249	0	249	Hotel 249	url	10	44.4	55.5	url	True	None	District 249	877	2016-03-30 10:43:42.338000
250	0	250	Hotel 250	url	4	44.4	55.5	url	True	None	District 250	450	2016-03-30 10:43:42.338000
251	0	251	Hotel 251	url	5	44.4	55.5	url	True	None	District 251	58	2016-03-30 10:43:42.338000
252	0	252	Hotel 252	url	10	44.4	55.5	url	True	None	District 252	248	2016-03-30 10:43:42.338000
253	0	253	Hotel 253	url	6	44.4	55.5	url	True	None	District 253	429	2016-03-30 10:43:42.338000
254	0	254	Hotel 254	url	0	44.4	55.5	url	True	None	District 254	803	2016-03-30 10:43:42.338000
255	0	255	Hotel 255	url	8	44.4	55.5	url	True	None	District 255	88	2016-03-30 10:43:42.338000
256	0	256	Hotel 256	url	4	44.4	55.5	url	True	None	District 256	50	2016-03-30 10:43:42.338000
257	0	257	Hotel 257	url	4	44.4	55.5	url	True	None	District 257	174	2016-03-30 10:43:42.338000
258	0	258	Hotel 258	url	7	44.4	55.5	url	True	None	District 258	453	2016-03-30 10:43:42.338000
259	0	259	Hotel 259	url	6	44.4	55.5	url	True	None	District 259	100	2016-03-30 10:43:42.339000
260	0	260	Hotel 260	url	9	44.4	55.5	url	True	None	District 260	870	2016-03-30 10:43:42.339000
261	0	261	Hotel 261	url	3	44.4	55.5	url	True	None	District 261	886	2016-03-30 10:43:42.339000
262	0	262	Hotel 262	url	5	44.4	55.5	url	True	None	District 262	455	2016-03-30 10:43:42.339000
263	0	263	Hotel 263	url	7	44.4	55.5	url	True	None	District 263	491	2016-03-30 10:43:42.339000
264	0	264	Hotel 264	url	4	44.4	55.5	url	True	None	District 264	568	2016-03-30 10:43:42.339000
265	0	265	Hotel 265	url	3	44.4	55.5	url	True	None	District 265	496	2016-03-30 10:43:42.339000
266	0	266	Hotel 266	url	1	44.4	55.5	url	True	None	District 266	745	2016-03-30 10:43:42.339000
267	0	267	Hotel 267	url	9	44.4	55.5	url	True	None	District 267	875	2016-03-30 10:43:42.339000
268	0	268	Hotel 268	url	2	44.4	55.5	url	True	None	District 268	39	2016-03-30 10:43:42.339000
269	0	269	Hotel 269	url	3	44.4	55.5	url	True	None	District 269	785	2016-03-30 10:43:42.339000
270	0	270	Hotel 270	url	6	44.4	55.5	url	True	None	District 270	204	2016-03-30 10:43:42.339000
271	0	271	Hotel 271	url	9	44.4	55.5	url	True	None	District 271	842	2016-03-30 10:43:42.339000
272	0	272	Hotel 272	url	10	44.4	55.5	url	True	None	District 272	915	2016-03-30 10:43:42.339000
273	0	273	Hotel 273	url	6	44.4	55.5	url	True	None	District 273	700	2016-03-30 10:43:42.339000
274	0	274	Hotel 274	url	2	44.4	55.5	url	True	None	District 274	352	2016-03-30 10:43:42.339000
275	0	275	Hotel 275	url	1	44.4	55.5	url	True	None	District 275	829	2016-03-30 10:43:42.339000
276	0	276	Hotel 276	url	7	44.4	55.5	url	True	None	District 276	212	2016-03-30 10:43:42.339000
277	0	277	Hotel 277	url	8	44.4	55.5	url	True	None	District 277	901	2016-03-30 10:43:42.339000
278	0	278	Hotel 278	url	4	44.4	55.5	url	True	None	District 278	397	2016-03-30 10:43:42.339000
279	0	279	Hotel 279	url	10	44.4	55.5	url	True	None	District 279	91	2016-03-30 10:43:42.339000
280	0	280	Hotel 280	url	0	44.4	55.5	url	True	None	District 280	388	2016-03-30 10:43:42.339000
281	0	281	Hotel 281	url	1	44.4	55.5	url	True	None	District 281	635	2016-03-30 10:43:42.339000
282	0	282	Hotel 282	url	6	44.4	55.5	url	True	None	District 282	790	2016-03-30 10:43:42.339000
283	0	283	Hotel 283	url	6	44.4	55.5	url	True	None	District 283	724	2016-03-30 10:43:42.339000
284	0	284	Hotel 284	url	3	44.4	55.5	url	True	None	District 284	502	2016-03-30 10:43:42.339000
285	0	285	Hotel 285	url	8	44.4	55.5	url	True	None	District 285	204	2016-03-30 10:43:42.339000
286	0	286	Hotel 286	url	2	44.4	55.5	url	True	None	District 286	541	2016-03-30 10:43:42.339000
287	0	287	Hotel 287	url	0	44.4	55.5	url	True	None	District 287	315	2016-03-30 10:43:42.339000
288	0	288	Hotel 288	url	0	44.4	55.5	url	True	None	District 288	563	2016-03-30 10:43:42.339000
289	0	289	Hotel 289	url	3	44.4	55.5	url	True	None	District 289	756	2016-03-30 10:43:42.339000
290	0	290	Hotel 290	url	7	44.4	55.5	url	True	None	District 290	247	2016-03-30 10:43:42.339000
291	0	291	Hotel 291	url	5	44.4	55.5	url	True	None	District 291	694	2016-03-30 10:43:42.339000
292	0	292	Hotel 292	url	6	44.4	55.5	url	True	None	District 292	780	2016-03-30 10:43:42.339000
293	0	293	Hotel 293	url	9	44.4	55.5	url	True	None	District 293	951	2016-03-30 10:43:42.339000
294	0	294	Hotel 294	url	1	44.4	55.5	url	True	None	District 294	381	2016-03-30 10:43:42.339000
295	0	295	Hotel 295	url	0	44.4	55.5	url	True	None	District 295	101	2016-03-30 10:43:42.339000
296	0	296	Hotel 296	url	7	44.4	55.5	url	True	None	District 296	207	2016-03-30 10:43:42.339000
297	0	297	Hotel 297	url	6	44.4	55.5	url	True	None	District 297	729	2016-03-30 10:43:42.339000
298	0	298	Hotel 298	url	6	44.4	55.5	url	True	None	District 298	806	2016-03-30 10:43:42.339000
299	0	299	Hotel 299	url	0	44.4	55.5	url	True	None	District 299	186	2016-03-30 10:43:42.339000
300	0	300	Hotel 300	url	10	44.4	55.5	url	True	None	District 300	10	2016-03-30 10:43:42.339000
301	0	301	Hotel 301	url	8	44.4	55.5	url	True	None	District 301	783	2016-03-30 10:43:42.339000
302	0	302	Hotel 302	url	8	44.4	55.5	url	True	None	District 302	497	2016-03-30 10:43:42.339000
303	0	303	Hotel 303	url	0	44.4	55.5	url	True	None	District 303	490	2016-03-30 10:43:42.339000
304	0	304	Hotel 304	url	7	44.4	55.5	url	True	None	District 304	183	2016-03-30 10:43:42.339000
305	0	305	Hotel 305	url	2	44.4	55.5	url	True	None	District 305	698	2016-03-30 10:43:42.339000
306	0	306	Hotel 306	url	7	44.4	55.5	url	True	None	District 306	238	2016-03-30 10:43:42.339000
307	0	307	Hotel 307	url	8	44.4	55.5	url	True	None	District 307	49	2016-03-30 10:43:42.339000
308	0	308	Hotel 308	url	0	44.4	55.5	url	True	None	District 308	423	2016-03-30 10:43:42.339000
309	0	309	Hotel 309	url	3	44.4	55.5	url	True	None	District 309	337	2016-03-30 10:43:42.339000
310	0	310	Hotel 310	url	5	44.4	55.5	url	True	None	District 310	912	2016-03-30 10:43:42.339000
311	0	311	Hotel 311	url	7	44.4	55.5	url	True	None	District 311	142	2016-03-30 10:43:42.339000
312	0	312	Hotel 312	url	6	44.4	55.5	url	True	None	District 312	847	2016-03-30 10:43:42.340000
313	0	313	Hotel 313	url	10	44.4	55.5	url	True	None	District 313	401	2016-03-30 10:43:42.340000
314	0	314	Hotel 314	url	4	44.4	55.5	url	True	None	District 314	159	2016-03-30 10:43:42.340000
315	0	315	Hotel 315	url	9	44.4	55.5	url	True	None	District 315	83	2016-03-30 10:43:42.340000
316	0	316	Hotel 316	url	5	44.4	55.5	url	True	None	District 316	427	2016-03-30 10:43:42.340000
317	0	317	Hotel 317	url	4	44.4	55.5	url	True	None	District 317	342	2016-03-30 10:43:42.340000
318	0	318	Hotel 318	url	8	44.4	55.5	url	True	None	District 318	470	2016-03-30 10:43:42.340000
319	0	319	Hotel 319	url	10	44.4	55.5	url	True	None	District 319	344	2016-03-30 10:43:42.340000
320	0	320	Hotel 320	url	1	44.4	55.5	url	True	None	District 320	930	2016-03-30 10:43:42.340000
321	0	321	Hotel 321	url	6	44.4	55.5	url	True	None	District 321	46	2016-03-30 10:43:42.340000
322	0	322	Hotel 322	url	6	44.4	55.5	url	True	None	District 322	7	2016-03-30 10:43:42.340000
323	0	323	Hotel 323	url	0	44.4	55.5	url	True	None	District 323	273	2016-03-30 10:43:42.340000
324	0	324	Hotel 324	url	4	44.4	55.5	url	True	None	District 324	359	2016-03-30 10:43:42.340000
325	0	325	Hotel 325	url	3	44.4	55.5	url	True	None	District 325	580	2016-03-30 10:43:42.340000
326	0	326	Hotel 326	url	7	44.4	55.5	url	True	None	District 326	895	2016-03-30 10:43:42.340000
327	0	327	Hotel 327	url	8	44.4	55.5	url	True	None	District 327	605	2016-03-30 10:43:42.340000
328	0	328	Hotel 328	url	3	44.4	55.5	url	True	None	District 328	548	2016-03-30 10:43:42.340000
329	0	329	Hotel 329	url	3	44.4	55.5	url	True	None	District 329	120	2016-03-30 10:43:42.340000
330	0	330	Hotel 330	url	5	44.4	55.5	url	True	None	District 330	446	2016-03-30 10:43:42.340000
331	0	331	Hotel 331	url	5	44.4	55.5	url	True	None	District 331	588	2016-03-30 10:43:42.340000
332	0	332	Hotel 332	url	7	44.4	55.5	url	True	None	District 332	906	2016-03-30 10:43:42.340000
333	0	333	Hotel 333	url	0	44.4	55.5	url	True	None	District 333	243	2016-03-30 10:43:42.340000
334	0	334	Hotel 334	url	8	44.4	55.5	url	True	None	District 334	253	2016-03-30 10:43:42.340000
335	0	335	Hotel 335	url	2	44.4	55.5	url	True	None	District 335	423	2016-03-30 10:43:42.340000
336	0	336	Hotel 336	url	4	44.4	55.5	url	True	None	District 336	693	2016-03-30 10:43:42.340000
337	0	337	Hotel 337	url	3	44.4	55.5	url	True	None	District 337	994	2016-03-30 10:43:42.340000
338	0	338	Hotel 338	url	6	44.4	55.5	url	True	None	District 338	718	2016-03-30 10:43:42.340000
339	0	339	Hotel 339	url	10	44.4	55.5	url	True	None	District 339	460	2016-03-30 10:43:42.340000
340	0	340	Hotel 340	url	1	44.4	55.5	url	True	None	District 340	150	2016-03-30 10:43:42.340000
341	0	341	Hotel 341	url	10	44.4	55.5	url	True	None	District 341	175	2016-03-30 10:43:42.340000
342	0	342	Hotel 342	url	0	44.4	55.5	url	True	None	District 342	516	2016-03-30 10:43:42.340000
343	0	343	Hotel 343	url	5	44.4	55.5	url	True	None	District 343	977	2016-03-30 10:43:42.340000
344	0	344	Hotel 344	url	2	44.4	55.5	url	True	None	District 344	671	2016-03-30 10:43:42.340000
345	0	345	Hotel 345	url	4	44.4	55.5	url	True	None	District 345	206	2016-03-30 10:43:42.340000
346	0	346	Hotel 346	url	1	44.4	55.5	url	True	None	District 346	918	2016-03-30 10:43:42.340000
347	0	347	Hotel 347	url	3	44.4	55.5	url	True	None	District 347	561	2016-03-30 10:43:42.340000
348	0	348	Hotel 348	url	10	44.4	55.5	url	True	None	District 348	328	2016-03-30 10:43:42.340000
349	0	349	Hotel 349	url	2	44.4	55.5	url	True	None	District 349	448	2016-03-30 10:43:42.340000
350	0	350	Hotel 350	url	0	44.4	55.5	url	True	None	District 350	904	2016-03-30 10:43:42.340000
351	0	351	Hotel 351	url	7	44.4	55.5	url	True	None	District 351	796	2016-03-30 10:43:42.340000
352	0	352	Hotel 352	url	0	44.4	55.5	url	True	None	District 352	652	2016-03-30 10:43:42.340000
353	0	353	Hotel 353	url	0	44.4	55.5	url	True	None	District 353	822	2016-03-30 10:43:42.340000
354	0	354	Hotel 354	url	1	44.4	55.5	url	True	None	District 354	352	2016-03-30 10:43:42.340000
355	0	355	Hotel 355	url	10	44.4	55.5	url	True	None	District 355	627	2016-03-30 10:43:42.341000
356	0	356	Hotel 356	url	6	44.4	55.5	url	True	None	District 356	809	2016-03-30 10:43:42.341000
357	0	357	Hotel 357	url	9	44.4	55.5	url	True	None	District 357	501	2016-03-30 10:43:42.341000
358	0	358	Hotel 358	url	1	44.4	55.5	url	True	None	District 358	771	2016-03-30 10:43:42.341000
359	0	359	Hotel 359	url	9	44.4	55.5	url	True	None	District 359	121	2016-03-30 10:43:42.341000
360	0	360	Hotel 360	url	6	44.4	55.5	url	True	None	District 360	20	2016-03-30 10:43:42.341000
361	0	361	Hotel 361	url	5	44.4	55.5	url	True	None	District 361	258	2016-03-30 10:43:42.341000
362	0	362	Hotel 362	url	10	44.4	55.5	url	True	None	District 362	748	2016-03-30 10:43:42.341000
363	0	363	Hotel 363	url	6	44.4	55.5	url	True	None	District 363	729	2016-03-30 10:43:42.341000
364	0	364	Hotel 364	url	0	44.4	55.5	url	True	None	District 364	949	2016-03-30 10:43:42.341000
365	0	365	Hotel 365	url	8	44.4	55.5	url	True	None	District 365	366	2016-03-30 10:43:42.341000
366	0	366	Hotel 366	url	5	44.4	55.5	url	True	None	District 366	976	2016-03-30 10:43:42.341000
367	0	367	Hotel 367	url	1	44.4	55.5	url	True	None	District 367	61	2016-03-30 10:43:42.341000
368	0	368	Hotel 368	url	0	44.4	55.5	url	True	None	District 368	211	2016-03-30 10:43:42.341000
369	0	369	Hotel 369	url	9	44.4	55.5	url	True	None	District 369	929	2016-03-30 10:43:42.341000
370	0	370	Hotel 370	url	5	44.4	55.5	url	True	None	District 370	224	2016-03-30 10:43:42.341000
371	0	371	Hotel 371	url	1	44.4	55.5	url	True	None	District 371	100	2016-03-30 10:43:42.341000
372	0	372	Hotel 372	url	1	44.4	55.5	url	True	None	District 372	551	2016-03-30 10:43:42.341000
373	0	373	Hotel 373	url	1	44.4	55.5	url	True	None	District 373	755	2016-03-30 10:43:42.341000
374	0	374	Hotel 374	url	10	44.4	55.5	url	True	None	District 374	575	2016-03-30 10:43:42.341000
375	0	375	Hotel 375	url	3	44.4	55.5	url	True	None	District 375	111	2016-03-30 10:43:42.341000
376	0	376	Hotel 376	url	3	44.4	55.5	url	True	None	District 376	525	2016-03-30 10:43:42.341000
377	0	377	Hotel 377	url	10	44.4	55.5	url	True	None	District 377	22	2016-03-30 10:43:42.341000
378	0	378	Hotel 378	url	10	44.4	55.5	url	True	None	District 378	334	2016-03-30 10:43:42.341000
379	0	379	Hotel 379	url	5	44.4	55.5	url	True	None	District 379	34	2016-03-30 10:43:42.341000
380	0	380	Hotel 380	url	4	44.4	55.5	url	True	None	District 380	983	2016-03-30 10:43:42.342000
381	0	381	Hotel 381	url	8	44.4	55.5	url	True	None	District 381	53	2016-03-30 10:43:42.342000
382	0	382	Hotel 382	url	9	44.4	55.5	url	True	None	District 382	491	2016-03-30 10:43:42.342000
383	0	383	Hotel 383	url	1	44.4	55.5	url	True	None	District 383	961	2016-03-30 10:43:42.342000
384	0	384	Hotel 384	url	0	44.4	55.5	url	True	None	District 384	280	2016-03-30 10:43:42.342000
385	0	385	Hotel 385	url	9	44.4	55.5	url	True	None	District 385	751	2016-03-30 10:43:42.342000
386	0	386	Hotel 386	url	1	44.4	55.5	url	True	None	District 386	204	2016-03-30 10:43:42.342000
387	0	387	Hotel 387	url	8	44.4	55.5	url	True	None	District 387	232	2016-03-30 10:43:42.342000
388	0	388	Hotel 388	url	5	44.4	55.5	url	True	None	District 388	125	2016-03-30 10:43:42.342000
389	0	389	Hotel 389	url	4	44.4	55.5	url	True	None	District 389	927	2016-03-30 10:43:42.342000
390	0	390	Hotel 390	url	4	44.4	55.5	url	True	None	District 390	787	2016-03-30 10:43:42.342000
391	0	391	Hotel 391	url	2	44.4	55.5	url	True	None	District 391	796	2016-03-30 10:43:42.342000
392	0	392	Hotel 392	url	0	44.4	55.5	url	True	None	District 392	880	2016-03-30 10:43:42.342000
393	0	393	Hotel 393	url	9	44.4	55.5	url	True	None	District 393	821	2016-03-30 10:43:42.342000
394	0	394	Hotel 394	url	3	44.4	55.5	url	True	None	District 394	529	2016-03-30 10:43:42.342000
395	0	395	Hotel 395	url	0	44.4	55.5	url	True	None	District 395	737	2016-03-30 10:43:42.342000
396	0	396	Hotel 396	url	0	44.4	55.5	url	True	None	District 396	263	2016-03-30 10:43:42.342000
397	0	397	Hotel 397	url	9	44.4	55.5	url	True	None	District 397	144	2016-03-30 10:43:42.342000
398	0	398	Hotel 398	url	8	44.4	55.5	url	True	None	District 398	216	2016-03-30 10:43:42.342000
399	0	399	Hotel 399	url	2	44.4	55.5	url	True	None	District 399	910	2016-03-30 10:43:42.342000
400	0	400	Hotel 400	url	8	44.4	55.5	url	True	None	District 400	67	2016-03-30 10:43:42.342000
401	0	401	Hotel 401	url	6	44.4	55.5	url	True	None	District 401	767	2016-03-30 10:43:42.342000
402	0	402	Hotel 402	url	0	44.4	55.5	url	True	None	District 402	405	2016-03-30 10:43:42.342000
403	0	403	Hotel 403	url	9	44.4	55.5	url	True	None	District 403	401	2016-03-30 10:43:42.343000
404	0	404	Hotel 404	url	9	44.4	55.5	url	True	None	District 404	470	2016-03-30 10:43:42.343000
405	0	405	Hotel 405	url	6	44.4	55.5	url	True	None	District 405	692	2016-03-30 10:43:42.343000
406	0	406	Hotel 406	url	1	44.4	55.5	url	True	None	District 406	482	2016-03-30 10:43:42.343000
407	0	407	Hotel 407	url	1	44.4	55.5	url	True	None	District 407	900	2016-03-30 10:43:42.343000
408	0	408	Hotel 408	url	2	44.4	55.5	url	True	None	District 408	100	2016-03-30 10:43:42.343000
409	0	409	Hotel 409	url	8	44.4	55.5	url	True	None	District 409	257	2016-03-30 10:43:42.343000
410	0	410	Hotel 410	url	1	44.4	55.5	url	True	None	District 410	792	2016-03-30 10:43:42.343000
411	0	411	Hotel 411	url	7	44.4	55.5	url	True	None	District 411	843	2016-03-30 10:43:42.343000
412	0	412	Hotel 412	url	10	44.4	55.5	url	True	None	District 412	573	2016-03-30 10:43:42.343000
413	0	413	Hotel 413	url	5	44.4	55.5	url	True	None	District 413	869	2016-03-30 10:43:42.343000
414	0	414	Hotel 414	url	4	44.4	55.5	url	True	None	District 414	259	2016-03-30 10:43:42.343000
415	0	415	Hotel 415	url	8	44.4	55.5	url	True	None	District 415	999	2016-03-30 10:43:42.343000
416	0	416	Hotel 416	url	5	44.4	55.5	url	True	None	District 416	73	2016-03-30 10:43:42.343000
417	0	417	Hotel 417	url	3	44.4	55.5	url	True	None	District 417	174	2016-03-30 10:43:42.343000
418	0	418	Hotel 418	url	10	44.4	55.5	url	True	None	District 418	77	2016-03-30 10:43:42.343000
419	0	419	Hotel 419	url	0	44.4	55.5	url	True	None	District 419	770	2016-03-30 10:43:42.343000
420	0	420	Hotel 420	url	9	44.4	55.5	url	True	None	District 420	721	2016-03-30 10:43:42.343000
421	0	421	Hotel 421	url	2	44.4	55.5	url	True	None	District 421	598	2016-03-30 10:43:42.343000
422	0	422	Hotel 422	url	9	44.4	55.5	url	True	None	District 422	816	2016-03-30 10:43:42.343000
423	0	423	Hotel 423	url	3	44.4	55.5	url	True	None	District 423	949	2016-03-30 10:43:42.343000
424	0	424	Hotel 424	url	6	44.4	55.5	url	True	None	District 424	548	2016-03-30 10:43:42.343000
425	0	425	Hotel 425	url	4	44.4	55.5	url	True	None	District 425	408	2016-03-30 10:43:42.343000
426	0	426	Hotel 426	url	4	44.4	55.5	url	True	None	District 426	977	2016-03-30 10:43:42.343000
427	0	427	Hotel 427	url	6	44.4	55.5	url	True	None	District 427	161	2016-03-30 10:43:42.343000
428	0	428	Hotel 428	url	6	44.4	55.5	url	True	None	District 428	649	2016-03-30 10:43:42.343000
429	0	429	Hotel 429	url	2	44.4	55.5	url	True	None	District 429	103	2016-03-30 10:43:42.343000
430	0	430	Hotel 430	url	0	44.4	55.5	url	True	None	District 430	645	2016-03-30 10:43:42.343000
431	0	431	Hotel 431	url	7	44.4	55.5	url	True	None	District 431	964	2016-03-30 10:43:42.343000
432	0	432	Hotel 432	url	4	44.4	55.5	url	True	None	District 432	954	2016-03-30 10:43:42.343000
433	0	433	Hotel 433	url	3	44.4	55.5	url	True	None	District 433	637	2016-03-30 10:43:42.343000
434	0	434	Hotel 434	url	1	44.4	55.5	url	True	None	District 434	840	2016-03-30 10:43:42.343000
435	0	435	Hotel 435	url	0	44.4	55.5	url	True	None	District 435	620	2016-03-30 10:43:42.343000
436	0	436	Hotel 436	url	8	44.4	55.5	url	True	None	District 436	832	2016-03-30 10:43:42.344000
437	0	437	Hotel 437	url	8	44.4	55.5	url	True	None	District 437	156	2016-03-30 10:43:42.344000
438	0	438	Hotel 438	url	8	44.4	55.5	url	True	None	District 438	3	2016-03-30 10:43:42.344000
439	0	439	Hotel 439	url	3	44.4	55.5	url	True	None	District 439	802	2016-03-30 10:43:42.344000
440	0	440	Hotel 440	url	3	44.4	55.5	url	True	None	District 440	975	2016-03-30 10:43:42.344000
441	0	441	Hotel 441	url	9	44.4	55.5	url	True	None	District 441	174	2016-03-30 10:43:42.344000
442	0	442	Hotel 442	url	3	44.4	55.5	url	True	None	District 442	971	2016-03-30 10:43:42.344000
443	0	443	Hotel 443	url	6	44.4	55.5	url	True	None	District 443	565	2016-03-30 10:43:42.344000
444	0	444	Hotel 444	url	4	44.4	55.5	url	True	None	District 444	864	2016-03-30 10:43:42.344000
445	0	445	Hotel 445	url	4	44.4	55.5	url	True	None	District 445	251	2016-03-30 10:43:42.344000
446	0	446	Hotel 446	url	0	44.4	55.5	url	True	None	District 446	81	2016-03-30 10:43:42.344000
447	0	447	Hotel 447	url	1	44.4	55.5	url	True	None	District 447	75	2016-03-30 10:43:42.344000
448	0	448	Hotel 448	url	8	44.4	55.5	url	True	None	District 448	20	2016-03-30 10:43:42.344000
449	0	449	Hotel 449	url	9	44.4	55.5	url	True	None	District 449	855	2016-03-30 10:43:42.344000
450	0	450	Hotel 450	url	8	44.4	55.5	url	True	None	District 450	367	2016-03-30 10:43:42.344000
451	0	451	Hotel 451	url	1	44.4	55.5	url	True	None	District 451	749	2016-03-30 10:43:42.344000
452	0	452	Hotel 452	url	0	44.4	55.5	url	True	None	District 452	469	2016-03-30 10:43:42.344000
453	0	453	Hotel 453	url	3	44.4	55.5	url	True	None	District 453	702	2016-03-30 10:43:42.344000
454	0	454	Hotel 454	url	10	44.4	55.5	url	True	None	District 454	452	2016-03-30 10:43:42.344000
455	0	455	Hotel 455	url	2	44.4	55.5	url	True	None	District 455	663	2016-03-30 10:43:42.344000
456	0	456	Hotel 456	url	8	44.4	55.5	url	True	None	District 456	693	2016-03-30 10:43:42.344000
457	0	457	Hotel 457	url	10	44.4	55.5	url	True	None	District 457	438	2016-03-30 10:43:42.344000
458	0	458	Hotel 458	url	10	44.4	55.5	url	True	None	District 458	284	2016-03-30 10:43:42.344000
459	0	459	Hotel 459	url	1	44.4	55.5	url	True	None	District 459	358	2016-03-30 10:43:42.344000
460	0	460	Hotel 460	url	5	44.4	55.5	url	True	None	District 460	149	2016-03-30 10:43:42.344000
461	0	461	Hotel 461	url	3	44.4	55.5	url	True	None	District 461	260	2016-03-30 10:43:42.344000
462	0	462	Hotel 462	url	10	44.4	55.5	url	True	None	District 462	410	2016-03-30 10:43:42.344000
463	0	463	Hotel 463	url	6	44.4	55.5	url	True	None	District 463	26	2016-03-30 10:43:42.344000
464	0	464	Hotel 464	url	6	44.4	55.5	url	True	None	District 464	205	2016-03-30 10:43:42.345000
465	0	465	Hotel 465	url	7	44.4	55.5	url	True	None	District 465	875	2016-03-30 10:43:42.345000
466	0	466	Hotel 466	url	10	44.4	55.5	url	True	None	District 466	561	2016-03-30 10:43:42.345000
467	0	467	Hotel 467	url	6	44.4	55.5	url	True	None	District 467	13	2016-03-30 10:43:42.345000
468	0	468	Hotel 468	url	6	44.4	55.5	url	True	None	District 468	608	2016-03-30 10:43:42.345000
469	0	469	Hotel 469	url	2	44.4	55.5	url	True	None	District 469	57	2016-03-30 10:43:42.345000
470	0	470	Hotel 470	url	1	44.4	55.5	url	True	None	District 470	43	2016-03-30 10:43:42.345000
471	0	471	Hotel 471	url	4	44.4	55.5	url	True	None	District 471	882	2016-03-30 10:43:42.345000
472	0	472	Hotel 472	url	6	44.4	55.5	url	True	None	District 472	944	2016-03-30 10:43:42.345000
473	0	473	Hotel 473	url	3	44.4	55.5	url	True	None	District 473	126	2016-03-30 10:43:42.345000
474	0	474	Hotel 474	url	7	44.4	55.5	url	True	None	District 474	233	2016-03-30 10:43:42.345000
475	0	475	Hotel 475	url	6	44.4	55.5	url	True	None	District 475	163	2016-03-30 10:43:42.345000
476	0	476	Hotel 476	url	10	44.4	55.5	url	True	None	District 476	612	2016-03-30 10:43:42.345000
477	0	477	Hotel 477	url	4	44.4	55.5	url	True	None	District 477	213	2016-03-30 10:43:42.345000
478	0	478	Hotel 478	url	0	44.4	55.5	url	True	None	District 478	319	2016-03-30 10:43:42.345000
479	0	479	Hotel 479	url	10	44.4	55.5	url	True	None	District 479	975	2016-03-30 10:43:42.345000
480	0	480	Hotel 480	url	8	44.4	55.5	url	True	None	District 480	259	2016-03-30 10:43:42.345000
481	0	481	Hotel 481	url	7	44.4	55.5	url	True	None	District 481	98	2016-03-30 10:43:42.345000
482	0	482	Hotel 482	url	4	44.4	55.5	url	True	None	District 482	33	2016-03-30 10:43:42.345000
483	0	483	Hotel 483	url	9	44.4	55.5	url	True	None	District 483	90	2016-03-30 10:43:42.345000
484	0	484	Hotel 484	url	4	44.4	55.5	url	True	None	District 484	809	2016-03-30 10:43:42.345000
485	0	485	Hotel 485	url	3	44.4	55.5	url	True	None	District 485	486	2016-03-30 10:43:42.345000
486	0	486	Hotel 486	url	9	44.4	55.5	url	True	None	District 486	190	2016-03-30 10:43:42.345000
487	0	487	Hotel 487	url	7	44.4	55.5	url	True	None	District 487	840	2016-03-30 10:43:42.345000
488	0	488	Hotel 488	url	1	44.4	55.5	url	True	None	District 488	54	2016-03-30 10:43:42.345000
489	0	489	Hotel 489	url	3	44.4	55.5	url	True	None	District 489	535	2016-03-30 10:43:42.345000
490	0	490	Hotel 490	url	10	44.4	55.5	url	True	None	District 490	316	2016-03-30 10:43:42.345000
491	0	491	Hotel 491	url	2	44.4	55.5	url	True	None	District 491	660	2016-03-30 10:43:42.345000
492	0	492	Hotel 492	url	4	44.4	55.5	url	True	None	District 492	121	2016-03-30 10:43:42.345000
493	0	493	Hotel 493	url	3	44.4	55.5	url	True	None	District 493	174	2016-03-30 10:43:42.345000
494	0	494	Hotel 494	url	2	44.4	55.5	url	True	None	District 494	354	2016-03-30 10:43:42.345000
495	0	495	Hotel 495	url	9	44.4	55.5	url	True	None	District 495	202	2016-03-30 10:43:42.345000
496	0	496	Hotel 496	url	3	44.4	55.5	url	True	None	District 496	9	2016-03-30 10:43:42.346000
497	0	497	Hotel 497	url	7	44.4	55.5	url	True	None	District 497	349	2016-03-30 10:43:42.346000
498	0	498	Hotel 498	url	10	44.4	55.5	url	True	None	District 498	360	2016-03-30 10:43:42.346000
499	0	499	Hotel 499	url	0	44.4	55.5	url	True	None	District 499	104	2016-03-30 10:43:42.346000
500	0	500	Hotel 500	url	9	44.4	55.5	url	True	None	District 500	794	2016-03-30 10:43:42.346000
501	0	501	Hotel 501	url	5	44.4	55.5	url	True	None	District 501	620	2016-03-30 10:43:42.346000
502	0	502	Hotel 502	url	3	44.4	55.5	url	True	None	District 502	147	2016-03-30 10:43:42.346000
503	0	503	Hotel 503	url	8	44.4	55.5	url	True	None	District 503	550	2016-03-30 10:43:42.346000
504	0	504	Hotel 504	url	8	44.4	55.5	url	True	None	District 504	725	2016-03-30 10:43:42.346000
505	0	505	Hotel 505	url	3	44.4	55.5	url	True	None	District 505	402	2016-03-30 10:43:42.346000
506	0	506	Hotel 506	url	1	44.4	55.5	url	True	None	District 506	940	2016-03-30 10:43:42.346000
507	0	507	Hotel 507	url	5	44.4	55.5	url	True	None	District 507	18	2016-03-30 10:43:42.346000
508	0	508	Hotel 508	url	1	44.4	55.5	url	True	None	District 508	79	2016-03-30 10:43:42.346000
509	0	509	Hotel 509	url	0	44.4	55.5	url	True	None	District 509	916	2016-03-30 10:43:42.346000
510	0	510	Hotel 510	url	9	44.4	55.5	url	True	None	District 510	428	2016-03-30 10:43:42.346000
511	0	511	Hotel 511	url	1	44.4	55.5	url	True	None	District 511	936	2016-03-30 10:43:42.346000
512	0	512	Hotel 512	url	4	44.4	55.5	url	True	None	District 512	757	2016-03-30 10:43:42.346000
513	0	513	Hotel 513	url	1	44.4	55.5	url	True	None	District 513	231	2016-03-30 10:43:42.346000
514	0	514	Hotel 514	url	10	44.4	55.5	url	True	None	District 514	125	2016-03-30 10:43:42.346000
515	0	515	Hotel 515	url	3	44.4	55.5	url	True	None	District 515	396	2016-03-30 10:43:42.346000
516	0	516	Hotel 516	url	10	44.4	55.5	url	True	None	District 516	453	2016-03-30 10:43:42.346000
517	0	517	Hotel 517	url	7	44.4	55.5	url	True	None	District 517	762	2016-03-30 10:43:42.346000
518	0	518	Hotel 518	url	9	44.4	55.5	url	True	None	District 518	456	2016-03-30 10:43:42.346000
519	0	519	Hotel 519	url	10	44.4	55.5	url	True	None	District 519	529	2016-03-30 10:43:42.346000
520	0	520	Hotel 520	url	2	44.4	55.5	url	True	None	District 520	247	2016-03-30 10:43:42.346000
521	0	521	Hotel 521	url	10	44.4	55.5	url	True	None	District 521	393	2016-03-30 10:43:42.346000
522	0	522	Hotel 522	url	9	44.4	55.5	url	True	None	District 522	70	2016-03-30 10:43:42.346000
523	0	523	Hotel 523	url	4	44.4	55.5	url	True	None	District 523	765	2016-03-30 10:43:42.346000
524	0	524	Hotel 524	url	0	44.4	55.5	url	True	None	District 524	35	2016-03-30 10:43:42.346000
525	0	525	Hotel 525	url	0	44.4	55.5	url	True	None	District 525	760	2016-03-30 10:43:42.346000
526	0	526	Hotel 526	url	3	44.4	55.5	url	True	None	District 526	658	2016-03-30 10:43:42.346000
527	0	527	Hotel 527	url	8	44.4	55.5	url	True	None	District 527	993	2016-03-30 10:43:42.346000
528	0	528	Hotel 528	url	6	44.4	55.5	url	True	None	District 528	538	2016-03-30 10:43:42.346000
529	0	529	Hotel 529	url	1	44.4	55.5	url	True	None	District 529	758	2016-03-30 10:43:42.346000
530	0	530	Hotel 530	url	5	44.4	55.5	url	True	None	District 530	538	2016-03-30 10:43:42.346000
531	0	531	Hotel 531	url	6	44.4	55.5	url	True	None	District 531	214	2016-03-30 10:43:42.347000
532	0	532	Hotel 532	url	5	44.4	55.5	url	True	None	District 532	166	2016-03-30 10:43:42.347000
533	0	533	Hotel 533	url	5	44.4	55.5	url	True	None	District 533	386	2016-03-30 10:43:42.347000
534	0	534	Hotel 534	url	4	44.4	55.5	url	True	None	District 534	44	2016-03-30 10:43:42.347000
535	0	535	Hotel 535	url	10	44.4	55.5	url	True	None	District 535	316	2016-03-30 10:43:42.347000
536	0	536	Hotel 536	url	2	44.4	55.5	url	True	None	District 536	335	2016-03-30 10:43:42.347000
537	0	537	Hotel 537	url	1	44.4	55.5	url	True	None	District 537	981	2016-03-30 10:43:42.347000
538	0	538	Hotel 538	url	8	44.4	55.5	url	True	None	District 538	139	2016-03-30 10:43:42.347000
539	0	539	Hotel 539	url	1	44.4	55.5	url	True	None	District 539	846	2016-03-30 10:43:42.347000
540	0	540	Hotel 540	url	7	44.4	55.5	url	True	None	District 540	881	2016-03-30 10:43:42.347000
541	0	541	Hotel 541	url	6	44.4	55.5	url	True	None	District 541	624	2016-03-30 10:43:42.347000
542	0	542	Hotel 542	url	1	44.4	55.5	url	True	None	District 542	90	2016-03-30 10:43:42.347000
543	0	543	Hotel 543	url	7	44.4	55.5	url	True	None	District 543	757	2016-03-30 10:43:42.347000
544	0	544	Hotel 544	url	2	44.4	55.5	url	True	None	District 544	347	2016-03-30 10:43:42.347000
545	0	545	Hotel 545	url	8	44.4	55.5	url	True	None	District 545	836	2016-03-30 10:43:42.347000
546	0	546	Hotel 546	url	6	44.4	55.5	url	True	None	District 546	153	2016-03-30 10:43:42.347000
547	0	547	Hotel 547	url	1	44.4	55.5	url	True	None	District 547	139	2016-03-30 10:43:42.347000
548	0	548	Hotel 548	url	9	44.4	55.5	url	True	None	District 548	534	2016-03-30 10:43:42.347000
549	0	549	Hotel 549	url	5	44.4	55.5	url	True	None	District 549	460	2016-03-30 10:43:42.347000
550	0	550	Hotel 550	url	1	44.4	55.5	url	True	None	District 550	733	2016-03-30 10:43:42.347000
551	0	551	Hotel 551	url	7	44.4	55.5	url	True	None	District 551	119	2016-03-30 10:43:42.347000
552	0	552	Hotel 552	url	1	44.4	55.5	url	True	None	District 552	169	2016-03-30 10:43:42.347000
553	0	553	Hotel 553	url	8	44.4	55.5	url	True	None	District 553	154	2016-03-30 10:43:42.347000
554	0	554	Hotel 554	url	1	44.4	55.5	url	True	None	District 554	42	2016-03-30 10:43:42.347000
555	0	555	Hotel 555	url	5	44.4	55.5	url	True	None	District 555	61	2016-03-30 10:43:42.347000
556	0	556	Hotel 556	url	5	44.4	55.5	url	True	None	District 556	691	2016-03-30 10:43:42.347000
557	0	557	Hotel 557	url	4	44.4	55.5	url	True	None	District 557	165	2016-03-30 10:43:42.347000
558	0	558	Hotel 558	url	1	44.4	55.5	url	True	None	District 558	312	2016-03-30 10:43:42.347000
559	0	559	Hotel 559	url	9	44.4	55.5	url	True	None	District 559	630	2016-03-30 10:43:42.347000
560	0	560	Hotel 560	url	6	44.4	55.5	url	True	None	District 560	917	2016-03-30 10:43:42.347000
561	0	561	Hotel 561	url	8	44.4	55.5	url	True	None	District 561	910	2016-03-30 10:43:42.347000
562	0	562	Hotel 562	url	0	44.4	55.5	url	True	None	District 562	154	2016-03-30 10:43:42.347000
563	0	563	Hotel 563	url	5	44.4	55.5	url	True	None	District 563	928	2016-03-30 10:43:42.347000
564	0	564	Hotel 564	url	1	44.4	55.5	url	True	None	District 564	713	2016-03-30 10:43:42.347000
565	0	565	Hotel 565	url	9	44.4	55.5	url	True	None	District 565	674	2016-03-30 10:43:42.347000
566	0	566	Hotel 566	url	2	44.4	55.5	url	True	None	District 566	438	2016-03-30 10:43:42.348000
567	0	567	Hotel 567	url	5	44.4	55.5	url	True	None	District 567	424	2016-03-30 10:43:42.348000
568	0	568	Hotel 568	url	5	44.4	55.5	url	True	None	District 568	118	2016-03-30 10:43:42.348000
569	0	569	Hotel 569	url	8	44.4	55.5	url	True	None	District 569	224	2016-03-30 10:43:42.348000
570	0	570	Hotel 570	url	8	44.4	55.5	url	True	None	District 570	913	2016-03-30 10:43:42.348000
571	0	571	Hotel 571	url	7	44.4	55.5	url	True	None	District 571	464	2016-03-30 10:43:42.348000
572	0	572	Hotel 572	url	6	44.4	55.5	url	True	None	District 572	725	2016-03-30 10:43:42.348000
573	0	573	Hotel 573	url	6	44.4	55.5	url	True	None	District 573	497	2016-03-30 10:43:42.348000
574	0	574	Hotel 574	url	5	44.4	55.5	url	True	None	District 574	735	2016-03-30 10:43:42.348000
575	0	575	Hotel 575	url	0	44.4	55.5	url	True	None	District 575	326	2016-03-30 10:43:42.348000
576	0	576	Hotel 576	url	4	44.4	55.5	url	True	None	District 576	132	2016-03-30 10:43:42.348000
577	0	577	Hotel 577	url	1	44.4	55.5	url	True	None	District 577	787	2016-03-30 10:43:42.348000
578	0	578	Hotel 578	url	3	44.4	55.5	url	True	None	District 578	530	2016-03-30 10:43:42.348000
579	0	579	Hotel 579	url	6	44.4	55.5	url	True	None	District 579	405	2016-03-30 10:43:42.348000
580	0	580	Hotel 580	url	4	44.4	55.5	url	True	None	District 580	33	2016-03-30 10:43:42.348000
581	0	581	Hotel 581	url	9	44.4	55.5	url	True	None	District 581	244	2016-03-30 10:43:42.348000
582	0	582	Hotel 582	url	1	44.4	55.5	url	True	None	District 582	445	2016-03-30 10:43:42.348000
583	0	583	Hotel 583	url	2	44.4	55.5	url	True	None	District 583	713	2016-03-30 10:43:42.348000
584	0	584	Hotel 584	url	0	44.4	55.5	url	True	None	District 584	446	2016-03-30 10:43:42.348000
585	0	585	Hotel 585	url	9	44.4	55.5	url	True	None	District 585	717	2016-03-30 10:43:42.348000
586	0	586	Hotel 586	url	6	44.4	55.5	url	True	None	District 586	303	2016-03-30 10:43:42.348000
587	0	587	Hotel 587	url	9	44.4	55.5	url	True	None	District 587	546	2016-03-30 10:43:42.348000
588	0	588	Hotel 588	url	9	44.4	55.5	url	True	None	District 588	573	2016-03-30 10:43:42.348000
589	0	589	Hotel 589	url	5	44.4	55.5	url	True	None	District 589	294	2016-03-30 10:43:42.348000
590	0	590	Hotel 590	url	5	44.4	55.5	url	True	None	District 590	806	2016-03-30 10:43:42.348000
591	0	591	Hotel 591	url	0	44.4	55.5	url	True	None	District 591	801	2016-03-30 10:43:42.348000
592	0	592	Hotel 592	url	8	44.4	55.5	url	True	None	District 592	593	2016-03-30 10:43:42.348000
593	0	593	Hotel 593	url	1	44.4	55.5	url	True	None	District 593	98	2016-03-30 10:43:42.348000
594	0	594	Hotel 594	url	6	44.4	55.5	url	True	None	District 594	510	2016-03-30 10:43:42.348000
595	0	595	Hotel 595	url	4	44.4	55.5	url	True	None	District 595	143	2016-03-30 10:43:42.348000
596	0	596	Hotel 596	url	8	44.4	55.5	url	True	None	District 596	350	2016-03-30 10:43:42.349000
597	0	597	Hotel 597	url	1	44.4	55.5	url	True	None	District 597	726	2016-03-30 10:43:42.349000
598	0	598	Hotel 598	url	9	44.4	55.5	url	True	None	District 598	918	2016-03-30 10:43:42.349000
599	0	599	Hotel 599	url	5	44.4	55.5	url	True	None	District 599	572	2016-03-30 10:43:42.349000
600	0	600	Hotel 600	url	5	44.4	55.5	url	True	None	District 600	770	2016-03-30 10:43:42.349000
601	0	601	Hotel 601	url	2	44.4	55.5	url	True	None	District 601	618	2016-03-30 10:43:42.349000
602	0	602	Hotel 602	url	8	44.4	55.5	url	True	None	District 602	3	2016-03-30 10:43:42.349000
603	0	603	Hotel 603	url	0	44.4	55.5	url	True	None	District 603	665	2016-03-30 10:43:42.349000
604	0	604	Hotel 604	url	2	44.4	55.5	url	True	None	District 604	860	2016-03-30 10:43:42.349000
605	0	605	Hotel 605	url	10	44.4	55.5	url	True	None	District 605	952	2016-03-30 10:43:42.349000
606	0	606	Hotel 606	url	1	44.4	55.5	url	True	None	District 606	667	2016-03-30 10:43:42.349000
607	0	607	Hotel 607	url	5	44.4	55.5	url	True	None	District 607	358	2016-03-30 10:43:42.349000
608	0	608	Hotel 608	url	8	44.4	55.5	url	True	None	District 608	233	2016-03-30 10:43:42.349000
609	0	609	Hotel 609	url	3	44.4	55.5	url	True	None	District 609	690	2016-03-30 10:43:42.349000
610	0	610	Hotel 610	url	0	44.4	55.5	url	True	None	District 610	945	2016-03-30 10:43:42.349000
611	0	611	Hotel 611	url	4	44.4	55.5	url	True	None	District 611	434	2016-03-30 10:43:42.349000
612	0	612	Hotel 612	url	8	44.4	55.5	url	True	None	District 612	389	2016-03-30 10:43:42.349000
613	0	613	Hotel 613	url	8	44.4	55.5	url	True	None	District 613	309	2016-03-30 10:43:42.349000
614	0	614	Hotel 614	url	5	44.4	55.5	url	True	None	District 614	168	2016-03-30 10:43:42.349000
615	0	615	Hotel 615	url	4	44.4	55.5	url	True	None	District 615	607	2016-03-30 10:43:42.349000
616	0	616	Hotel 616	url	9	44.4	55.5	url	True	None	District 616	43	2016-03-30 10:43:42.349000
617	0	617	Hotel 617	url	4	44.4	55.5	url	True	None	District 617	944	2016-03-30 10:43:42.349000
618	0	618	Hotel 618	url	0	44.4	55.5	url	True	None	District 618	464	2016-03-30 10:43:42.349000
619	0	619	Hotel 619	url	4	44.4	55.5	url	True	None	District 619	480	2016-03-30 10:43:42.349000
620	0	620	Hotel 620	url	8	44.4	55.5	url	True	None	District 620	406	2016-03-30 10:43:42.349000
621	0	621	Hotel 621	url	9	44.4	55.5	url	True	None	District 621	335	2016-03-30 10:43:42.349000
622	0	622	Hotel 622	url	2	44.4	55.5	url	True	None	District 622	734	2016-03-30 10:43:42.349000
623	0	623	Hotel 623	url	2	44.4	55.5	url	True	None	District 623	180	2016-03-30 10:43:42.349000
624	0	624	Hotel 624	url	1	44.4	55.5	url	True	None	District 624	847	2016-03-30 10:43:42.349000
625	0	625	Hotel 625	url	1	44.4	55.5	url	True	None	District 625	144	2016-03-30 10:43:42.350000
626	0	626	Hotel 626	url	0	44.4	55.5	url	True	None	District 626	465	2016-03-30 10:43:42.350000
627	0	627	Hotel 627	url	10	44.4	55.5	url	True	None	District 627	245	2016-03-30 10:43:42.350000
628	0	628	Hotel 628	url	2	44.4	55.5	url	True	None	District 628	872	2016-03-30 10:43:42.350000
629	0	629	Hotel 629	url	3	44.4	55.5	url	True	None	District 629	426	2016-03-30 10:43:42.350000
630	0	630	Hotel 630	url	1	44.4	55.5	url	True	None	District 630	49	2016-03-30 10:43:42.350000
631	0	631	Hotel 631	url	10	44.4	55.5	url	True	None	District 631	307	2016-03-30 10:43:42.350000
632	0	632	Hotel 632	url	2	44.4	55.5	url	True	None	District 632	679	2016-03-30 10:43:42.350000
633	0	633	Hotel 633	url	2	44.4	55.5	url	True	None	District 633	621	2016-03-30 10:43:42.350000
634	0	634	Hotel 634	url	3	44.4	55.5	url	True	None	District 634	776	2016-03-30 10:43:42.350000
635	0	635	Hotel 635	url	4	44.4	55.5	url	True	None	District 635	380	2016-03-30 10:43:42.350000
636	0	636	Hotel 636	url	2	44.4	55.5	url	True	None	District 636	467	2016-03-30 10:43:42.350000
637	0	637	Hotel 637	url	4	44.4	55.5	url	True	None	District 637	586	2016-03-30 10:43:42.350000
638	0	638	Hotel 638	url	0	44.4	55.5	url	True	None	District 638	633	2016-03-30 10:43:42.350000
639	0	639	Hotel 639	url	0	44.4	55.5	url	True	None	District 639	584	2016-03-30 10:43:42.350000
640	0	640	Hotel 640	url	8	44.4	55.5	url	True	None	District 640	831	2016-03-30 10:43:42.350000
641	0	641	Hotel 641	url	7	44.4	55.5	url	True	None	District 641	996	2016-03-30 10:43:42.350000
642	0	642	Hotel 642	url	1	44.4	55.5	url	True	None	District 642	491	2016-03-30 10:43:42.350000
643	0	643	Hotel 643	url	1	44.4	55.5	url	True	None	District 643	223	2016-03-30 10:43:42.350000
644	0	644	Hotel 644	url	4	44.4	55.5	url	True	None	District 644	637	2016-03-30 10:43:42.350000
645	0	645	Hotel 645	url	2	44.4	55.5	url	True	None	District 645	159	2016-03-30 10:43:42.350000
646	0	646	Hotel 646	url	2	44.4	55.5	url	True	None	District 646	452	2016-03-30 10:43:42.350000
647	0	647	Hotel 647	url	2	44.4	55.5	url	True	None	District 647	930	2016-03-30 10:43:42.350000
648	0	648	Hotel 648	url	1	44.4	55.5	url	True	None	District 648	662	2016-03-30 10:43:42.350000
649	0	649	Hotel 649	url	8	44.4	55.5	url	True	None	District 649	294	2016-03-30 10:43:42.350000
650	0	650	Hotel 650	url	4	44.4	55.5	url	True	None	District 650	972	2016-03-30 10:43:42.350000
651	0	651	Hotel 651	url	8	44.4	55.5	url	True	None	District 651	220	2016-03-30 10:43:42.350000
652	0	652	Hotel 652	url	5	44.4	55.5	url	True	None	District 652	877	2016-03-30 10:43:42.350000
653	0	653	Hotel 653	url	7	44.4	55.5	url	True	None	District 653	848	2016-03-30 10:43:42.350000
654	0	654	Hotel 654	url	3	44.4	55.5	url	True	None	District 654	824	2016-03-30 10:43:42.350000
655	0	655	Hotel 655	url	5	44.4	55.5	url	True	None	District 655	551	2016-03-30 10:43:42.350000
656	0	656	Hotel 656	url	5	44.4	55.5	url	True	None	District 656	50	2016-03-30 10:43:42.351000
657	0	657	Hotel 657	url	3	44.4	55.5	url	True	None	District 657	312	2016-03-30 10:43:42.351000
658	0	658	Hotel 658	url	4	44.4	55.5	url	True	None	District 658	291	2016-03-30 10:43:42.351000
659	0	659	Hotel 659	url	2	44.4	55.5	url	True	None	District 659	203	2016-03-30 10:43:42.351000
660	0	660	Hotel 660	url	3	44.4	55.5	url	True	None	District 660	753	2016-03-30 10:43:42.351000
661	0	661	Hotel 661	url	7	44.4	55.5	url	True	None	District 661	723	2016-03-30 10:43:42.351000
662	0	662	Hotel 662	url	4	44.4	55.5	url	True	None	District 662	127	2016-03-30 10:43:42.351000
663	0	663	Hotel 663	url	0	44.4	55.5	url	True	None	District 663	210	2016-03-30 10:43:42.351000
664	0	664	Hotel 664	url	7	44.4	55.5	url	True	None	District 664	624	2016-03-30 10:43:42.351000
665	0	665	Hotel 665	url	1	44.4	55.5	url	True	None	District 665	45	2016-03-30 10:43:42.351000
666	0	666	Hotel 666	url	3	44.4	55.5	url	True	None	District 666	996	2016-03-30 10:43:42.351000
667	0	667	Hotel 667	url	0	44.4	55.5	url	True	None	District 667	410	2016-03-30 10:43:42.351000
668	0	668	Hotel 668	url	9	44.4	55.5	url	True	None	District 668	793	2016-03-30 10:43:42.351000
669	0	669	Hotel 669	url	7	44.4	55.5	url	True	None	District 669	127	2016-03-30 10:43:42.351000
670	0	670	Hotel 670	url	9	44.4	55.5	url	True	None	District 670	635	2016-03-30 10:43:42.351000
671	0	671	Hotel 671	url	9	44.4	55.5	url	True	None	District 671	471	2016-03-30 10:43:42.351000
672	0	672	Hotel 672	url	5	44.4	55.5	url	True	None	District 672	59	2016-03-30 10:43:42.351000
673	0	673	Hotel 673	url	10	44.4	55.5	url	True	None	District 673	737	2016-03-30 10:43:42.351000
674	0	674	Hotel 674	url	7	44.4	55.5	url	True	None	District 674	181	2016-03-30 10:43:42.351000
675	0	675	Hotel 675	url	6	44.4	55.5	url	True	None	District 675	19	2016-03-30 10:43:42.351000
676	0	676	Hotel 676	url	0	44.4	55.5	url	True	None	District 676	668	2016-03-30 10:43:42.351000
677	0	677	Hotel 677	url	9	44.4	55.5	url	True	None	District 677	571	2016-03-30 10:43:42.351000
678	0	678	Hotel 678	url	10	44.4	55.5	url	True	None	District 678	350	2016-03-30 10:43:42.351000
679	0	679	Hotel 679	url	10	44.4	55.5	url	True	None	District 679	196	2016-03-30 10:43:42.351000
680	0	680	Hotel 680	url	4	44.4	55.5	url	True	None	District 680	933	2016-03-30 10:43:42.351000
681	0	681	Hotel 681	url	1	44.4	55.5	url	True	None	District 681	46	2016-03-30 10:43:42.352000
682	0	682	Hotel 682	url	8	44.4	55.5	url	True	None	District 682	348	2016-03-30 10:43:42.352000
683	0	683	Hotel 683	url	5	44.4	55.5	url	True	None	District 683	814	2016-03-30 10:43:42.352000
684	0	684	Hotel 684	url	0	44.4	55.5	url	True	None	District 684	880	2016-03-30 10:43:42.352000
685	0	685	Hotel 685	url	7	44.4	55.5	url	True	None	District 685	277	2016-03-30 10:43:42.352000
686	0	686	Hotel 686	url	2	44.4	55.5	url	True	None	District 686	982	2016-03-30 10:43:42.352000
687	0	687	Hotel 687	url	1	44.4	55.5	url	True	None	District 687	526	2016-03-30 10:43:42.352000
688	0	688	Hotel 688	url	10	44.4	55.5	url	True	None	District 688	338	2016-03-30 10:43:42.352000
689	0	689	Hotel 689	url	7	44.4	55.5	url	True	None	District 689	627	2016-03-30 10:43:42.352000
690	0	690	Hotel 690	url	8	44.4	55.5	url	True	None	District 690	545	2016-03-30 10:43:42.352000
691	0	691	Hotel 691	url	7	44.4	55.5	url	True	None	District 691	792	2016-03-30 10:43:42.352000
692	0	692	Hotel 692	url	2	44.4	55.5	url	True	None	District 692	542	2016-03-30 10:43:42.352000
693	0	693	Hotel 693	url	9	44.4	55.5	url	True	None	District 693	380	2016-03-30 10:43:42.352000
694	0	694	Hotel 694	url	8	44.4	55.5	url	True	None	District 694	951	2016-03-30 10:43:42.352000
695	0	695	Hotel 695	url	8	44.4	55.5	url	True	None	District 695	161	2016-03-30 10:43:42.352000
696	0	696	Hotel 696	url	9	44.4	55.5	url	True	None	District 696	974	2016-03-30 10:43:42.352000
697	0	697	Hotel 697	url	6	44.4	55.5	url	True	None	District 697	226	2016-03-30 10:43:42.352000
698	0	698	Hotel 698	url	9	44.4	55.5	url	True	None	District 698	661	2016-03-30 10:43:42.352000
699	0	699	Hotel 699	url	8	44.4	55.5	url	True	None	District 699	411	2016-03-30 10:43:42.352000
700	0	700	Hotel 700	url	6	44.4	55.5	url	True	None	District 700	256	2016-03-30 10:43:42.352000
701	0	701	Hotel 701	url	2	44.4	55.5	url	True	None	District 701	294	2016-03-30 10:43:42.352000
702	0	702	Hotel 702	url	2	44.4	55.5	url	True	None	District 702	867	2016-03-30 10:43:42.352000
703	0	703	Hotel 703	url	8	44.4	55.5	url	True	None	District 703	162	2016-03-30 10:43:42.352000
704	0	704	Hotel 704	url	9	44.4	55.5	url	True	None	District 704	655	2016-03-30 10:43:42.352000
705	0	705	Hotel 705	url	10	44.4	55.5	url	True	None	District 705	779	2016-03-30 10:43:42.352000
706	0	706	Hotel 706	url	0	44.4	55.5	url	True	None	District 706	150	2016-03-30 10:43:42.352000
707	0	707	Hotel 707	url	9	44.4	55.5	url	True	None	District 707	814	2016-03-30 10:43:42.352000
708	0	708	Hotel 708	url	6	44.4	55.5	url	True	None	District 708	494	2016-03-30 10:43:42.352000
709	0	709	Hotel 709	url	9	44.4	55.5	url	True	None	District 709	240	2016-03-30 10:43:42.352000
710	0	710	Hotel 710	url	8	44.4	55.5	url	True	None	District 710	243	2016-03-30 10:43:42.352000
711	0	711	Hotel 711	url	6	44.4	55.5	url	True	None	District 711	808	2016-03-30 10:43:42.352000
712	0	712	Hotel 712	url	2	44.4	55.5	url	True	None	District 712	848	2016-03-30 10:43:42.352000
713	0	713	Hotel 713	url	4	44.4	55.5	url	True	None	District 713	539	2016-03-30 10:43:42.352000
714	0	714	Hotel 714	url	5	44.4	55.5	url	True	None	District 714	714	2016-03-30 10:43:42.353000
715	0	715	Hotel 715	url	1	44.4	55.5	url	True	None	District 715	341	2016-03-30 10:43:42.353000
716	0	716	Hotel 716	url	1	44.4	55.5	url	True	None	District 716	350	2016-03-30 10:43:42.353000
717	0	717	Hotel 717	url	1	44.4	55.5	url	True	None	District 717	926	2016-03-30 10:43:42.353000
718	0	718	Hotel 718	url	8	44.4	55.5	url	True	None	District 718	436	2016-03-30 10:43:42.353000
719	0	719	Hotel 719	url	2	44.4	55.5	url	True	None	District 719	500	2016-03-30 10:43:42.353000
720	0	720	Hotel 720	url	1	44.4	55.5	url	True	None	District 720	448	2016-03-30 10:43:42.353000
721	0	721	Hotel 721	url	0	44.4	55.5	url	True	None	District 721	194	2016-03-30 10:43:42.353000
722	0	722	Hotel 722	url	4	44.4	55.5	url	True	None	District 722	987	2016-03-30 10:43:42.353000
723	0	723	Hotel 723	url	3	44.4	55.5	url	True	None	District 723	942	2016-03-30 10:43:42.353000
724	0	724	Hotel 724	url	7	44.4	55.5	url	True	None	District 724	432	2016-03-30 10:43:42.353000
725	0	725	Hotel 725	url	1	44.4	55.5	url	True	None	District 725	207	2016-03-30 10:43:42.353000
726	0	726	Hotel 726	url	1	44.4	55.5	url	True	None	District 726	712	2016-03-30 10:43:42.353000
727	0	727	Hotel 727	url	4	44.4	55.5	url	True	None	District 727	886	2016-03-30 10:43:42.353000
728	0	728	Hotel 728	url	1	44.4	55.5	url	True	None	District 728	706	2016-03-30 10:43:42.353000
729	0	729	Hotel 729	url	8	44.4	55.5	url	True	None	District 729	780	2016-03-30 10:43:42.353000
730	0	730	Hotel 730	url	1	44.4	55.5	url	True	None	District 730	722	2016-03-30 10:43:42.353000
731	0	731	Hotel 731	url	7	44.4	55.5	url	True	None	District 731	406	2016-03-30 10:43:42.353000
732	0	732	Hotel 732	url	8	44.4	55.5	url	True	None	District 732	561	2016-03-30 10:43:42.353000
733	0	733	Hotel 733	url	5	44.4	55.5	url	True	None	District 733	403	2016-03-30 10:43:42.353000
734	0	734	Hotel 734	url	0	44.4	55.5	url	True	None	District 734	795	2016-03-30 10:43:42.353000
735	0	735	Hotel 735	url	6	44.4	55.5	url	True	None	District 735	695	2016-03-30 10:43:42.353000
736	0	736	Hotel 736	url	6	44.4	55.5	url	True	None	District 736	958	2016-03-30 10:43:42.353000
737	0	737	Hotel 737	url	6	44.4	55.5	url	True	None	District 737	921	2016-03-30 10:43:42.353000
738	0	738	Hotel 738	url	5	44.4	55.5	url	True	None	District 738	560	2016-03-30 10:43:42.353000
739	0	739	Hotel 739	url	8	44.4	55.5	url	True	None	District 739	759	2016-03-30 10:43:42.353000
740	0	740	Hotel 740	url	6	44.4	55.5	url	True	None	District 740	702	2016-03-30 10:43:42.353000
741	0	741	Hotel 741	url	0	44.4	55.5	url	True	None	District 741	512	2016-03-30 10:43:42.353000
742	0	742	Hotel 742	url	7	44.4	55.5	url	True	None	District 742	629	2016-03-30 10:43:42.353000
743	0	743	Hotel 743	url	2	44.4	55.5	url	True	None	District 743	197	2016-03-30 10:43:42.353000
744	0	744	Hotel 744	url	6	44.4	55.5	url	True	None	District 744	665	2016-03-30 10:43:42.353000
745	0	745	Hotel 745	url	7	44.4	55.5	url	True	None	District 745	577	2016-03-30 10:43:42.353000
746	0	746	Hotel 746	url	8	44.4	55.5	url	True	None	District 746	357	2016-03-30 10:43:42.354000
747	0	747	Hotel 747	url	7	44.4	55.5	url	True	None	District 747	220	2016-03-30 10:43:42.354000
748	0	748	Hotel 748	url	10	44.4	55.5	url	True	None	District 748	374	2016-03-30 10:43:42.354000
749	0	749	Hotel 749	url	4	44.4	55.5	url	True	None	District 749	521	2016-03-30 10:43:42.354000
750	0	750	Hotel 750	url	6	44.4	55.5	url	True	None	District 750	24	2016-03-30 10:43:42.354000
751	0	751	Hotel 751	url	8	44.4	55.5	url	True	None	District 751	189	2016-03-30 10:43:42.354000
752	0	752	Hotel 752	url	9	44.4	55.5	url	True	None	District 752	459	2016-03-30 10:43:42.354000
753	0	753	Hotel 753	url	3	44.4	55.5	url	True	None	District 753	493	2016-03-30 10:43:42.354000
754	0	754	Hotel 754	url	0	44.4	55.5	url	True	None	District 754	738	2016-03-30 10:43:42.354000
755	0	755	Hotel 755	url	9	44.4	55.5	url	True	None	District 755	22	2016-03-30 10:43:42.354000
756	0	756	Hotel 756	url	3	44.4	55.5	url	True	None	District 756	61	2016-03-30 10:43:42.354000
757	0	757	Hotel 757	url	3	44.4	55.5	url	True	None	District 757	500	2016-03-30 10:43:42.354000
758	0	758	Hotel 758	url	0	44.4	55.5	url	True	None	District 758	717	2016-03-30 10:43:42.354000
759	0	759	Hotel 759	url	6	44.4	55.5	url	True	None	District 759	21	2016-03-30 10:43:42.354000
760	0	760	Hotel 760	url	9	44.4	55.5	url	True	None	District 760	599	2016-03-30 10:43:42.354000
761	0	761	Hotel 761	url	8	44.4	55.5	url	True	None	District 761	422	2016-03-30 10:43:42.354000
762	0	762	Hotel 762	url	7	44.4	55.5	url	True	None	District 762	64	2016-03-30 10:43:42.354000
763	0	763	Hotel 763	url	2	44.4	55.5	url	True	None	District 763	673	2016-03-30 10:43:42.354000
764	0	764	Hotel 764	url	8	44.4	55.5	url	True	None	District 764	638	2016-03-30 10:43:42.354000
765	0	765	Hotel 765	url	10	44.4	55.5	url	True	None	District 765	702	2016-03-30 10:43:42.354000
766	0	766	Hotel 766	url	3	44.4	55.5	url	True	None	District 766	72	2016-03-30 10:43:42.354000
767	0	767	Hotel 767	url	3	44.4	55.5	url	True	None	District 767	453	2016-03-30 10:43:42.354000
768	0	768	Hotel 768	url	1	44.4	55.5	url	True	None	District 768	826	2016-03-30 10:43:42.354000
769	0	769	Hotel 769	url	7	44.4	55.5	url	True	None	District 769	254	2016-03-30 10:43:42.354000
770	0	770	Hotel 770	url	8	44.4	55.5	url	True	None	District 770	829	2016-03-30 10:43:42.354000
771	0	771	Hotel 771	url	3	44.4	55.5	url	True	None	District 771	436	2016-03-30 10:43:42.354000
772	0	772	Hotel 772	url	4	44.4	55.5	url	True	None	District 772	920	2016-03-30 10:43:42.354000
773	0	773	Hotel 773	url	7	44.4	55.5	url	True	None	District 773	272	2016-03-30 10:43:42.354000
774	0	774	Hotel 774	url	2	44.4	55.5	url	True	None	District 774	118	2016-03-30 10:43:42.354000
775	0	775	Hotel 775	url	10	44.4	55.5	url	True	None	District 775	984	2016-03-30 10:43:42.354000
776	0	776	Hotel 776	url	1	44.4	55.5	url	True	None	District 776	651	2016-03-30 10:43:42.354000
777	0	777	Hotel 777	url	2	44.4	55.5	url	True	None	District 777	58	2016-03-30 10:43:42.354000
778	0	778	Hotel 778	url	7	44.4	55.5	url	True	None	District 778	731	2016-03-30 10:43:42.354000
779	0	779	Hotel 779	url	5	44.4	55.5	url	True	None	District 779	444	2016-03-30 10:43:42.354000
780	0	780	Hotel 780	url	3	44.4	55.5	url	True	None	District 780	692	2016-03-30 10:43:42.354000
781	0	781	Hotel 781	url	9	44.4	55.5	url	True	None	District 781	998	2016-03-30 10:43:42.355000
782	0	782	Hotel 782	url	5	44.4	55.5	url	True	None	District 782	612	2016-03-30 10:43:42.355000
783	0	783	Hotel 783	url	8	44.4	55.5	url	True	None	District 783	303	2016-03-30 10:43:42.355000
784	0	784	Hotel 784	url	7	44.4	55.5	url	True	None	District 784	742	2016-03-30 10:43:42.355000
785	0	785	Hotel 785	url	2	44.4	55.5	url	True	None	District 785	129	2016-03-30 10:43:42.355000
786	0	786	Hotel 786	url	9	44.4	55.5	url	True	None	District 786	984	2016-03-30 10:43:42.355000
787	0	787	Hotel 787	url	2	44.4	55.5	url	True	None	District 787	437	2016-03-30 10:43:42.355000
788	0	788	Hotel 788	url	6	44.4	55.5	url	True	None	District 788	879	2016-03-30 10:43:42.355000
789	0	789	Hotel 789	url	6	44.4	55.5	url	True	None	District 789	392	2016-03-30 10:43:42.355000
790	0	790	Hotel 790	url	2	44.4	55.5	url	True	None	District 790	628	2016-03-30 10:43:42.355000
791	0	791	Hotel 791	url	5	44.4	55.5	url	True	None	District 791	141	2016-03-30 10:43:42.355000
792	0	792	Hotel 792	url	0	44.4	55.5	url	True	None	District 792	869	2016-03-30 10:43:42.355000
793	0	793	Hotel 793	url	3	44.4	55.5	url	True	None	District 793	944	2016-03-30 10:43:42.355000
794	0	794	Hotel 794	url	5	44.4	55.5	url	True	None	District 794	289	2016-03-30 10:43:42.355000
795	0	795	Hotel 795	url	2	44.4	55.5	url	True	None	District 795	806	2016-03-30 10:43:42.355000
796	0	796	Hotel 796	url	8	44.4	55.5	url	True	None	District 796	682	2016-03-30 10:43:42.355000
797	0	797	Hotel 797	url	7	44.4	55.5	url	True	None	District 797	144	2016-03-30 10:43:42.355000
798	0	798	Hotel 798	url	7	44.4	55.5	url	True	None	District 798	522	2016-03-30 10:43:42.355000
799	0	799	Hotel 799	url	8	44.4	55.5	url	True	None	District 799	87	2016-03-30 10:43:42.355000
800	0	800	Hotel 800	url	5	44.4	55.5	url	True	None	District 800	39	2016-03-30 10:43:42.355000
801	0	801	Hotel 801	url	0	44.4	55.5	url	True	None	District 801	27	2016-03-30 10:43:42.355000
802	0	802	Hotel 802	url	8	44.4	55.5	url	True	None	District 802	564	2016-03-30 10:43:42.355000
803	0	803	Hotel 803	url	5	44.4	55.5	url	True	None	District 803	968	2016-03-30 10:43:42.355000
804	0	804	Hotel 804	url	4	44.4	55.5	url	True	None	District 804	409	2016-03-30 10:43:42.355000
805	0	805	Hotel 805	url	0	44.4	55.5	url	True	None	District 805	984	2016-03-30 10:43:42.355000
806	0	806	Hotel 806	url	10	44.4	55.5	url	True	None	District 806	705	2016-03-30 10:43:42.355000
807	0	807	Hotel 807	url	5	44.4	55.5	url	True	None	District 807	9	2016-03-30 10:43:42.355000
808	0	808	Hotel 808	url	6	44.4	55.5	url	True	None	District 808	264	2016-03-30 10:43:42.355000
809	0	809	Hotel 809	url	7	44.4	55.5	url	True	None	District 809	91	2016-03-30 10:43:42.355000
810	0	810	Hotel 810	url	4	44.4	55.5	url	True	None	District 810	25	2016-03-30 10:43:42.355000
811	0	811	Hotel 811	url	9	44.4	55.5	url	True	None	District 811	646	2016-03-30 10:43:42.355000
812	0	812	Hotel 812	url	5	44.4	55.5	url	True	None	District 812	83	2016-03-30 10:43:42.355000
813	0	813	Hotel 813	url	7	44.4	55.5	url	True	None	District 813	368	2016-03-30 10:43:42.355000
814	0	814	Hotel 814	url	8	44.4	55.5	url	True	None	District 814	700	2016-03-30 10:43:42.355000
815	0	815	Hotel 815	url	9	44.4	55.5	url	True	None	District 815	660	2016-03-30 10:43:42.356000
816	0	816	Hotel 816	url	4	44.4	55.5	url	True	None	District 816	191	2016-03-30 10:43:42.356000
817	0	817	Hotel 817	url	0	44.4	55.5	url	True	None	District 817	99	2016-03-30 10:43:42.356000
818	0	818	Hotel 818	url	5	44.4	55.5	url	True	None	District 818	885	2016-03-30 10:43:42.356000
819	0	819	Hotel 819	url	6	44.4	55.5	url	True	None	District 819	401	2016-03-30 10:43:42.356000
820	0	820	Hotel 820	url	2	44.4	55.5	url	True	None	District 820	712	2016-03-30 10:43:42.356000
821	0	821	Hotel 821	url	3	44.4	55.5	url	True	None	District 821	65	2016-03-30 10:43:42.356000
822	0	822	Hotel 822	url	2	44.4	55.5	url	True	None	District 822	65	2016-03-30 10:43:42.356000
823	0	823	Hotel 823	url	5	44.4	55.5	url	True	None	District 823	203	2016-03-30 10:43:42.356000
824	0	824	Hotel 824	url	10	44.4	55.5	url	True	None	District 824	466	2016-03-30 10:43:42.356000
825	0	825	Hotel 825	url	8	44.4	55.5	url	True	None	District 825	504	2016-03-30 10:43:42.356000
826	0	826	Hotel 826	url	9	44.4	55.5	url	True	None	District 826	286	2016-03-30 10:43:42.356000
827	0	827	Hotel 827	url	6	44.4	55.5	url	True	None	District 827	117	2016-03-30 10:43:42.356000
828	0	828	Hotel 828	url	6	44.4	55.5	url	True	None	District 828	902	2016-03-30 10:43:42.356000
829	0	829	Hotel 829	url	8	44.4	55.5	url	True	None	District 829	33	2016-03-30 10:43:42.356000
830	0	830	Hotel 830	url	9	44.4	55.5	url	True	None	District 830	336	2016-03-30 10:43:42.356000
831	0	831	Hotel 831	url	2	44.4	55.5	url	True	None	District 831	641	2016-03-30 10:43:42.356000
832	0	832	Hotel 832	url	1	44.4	55.5	url	True	None	District 832	219	2016-03-30 10:43:42.356000
833	0	833	Hotel 833	url	3	44.4	55.5	url	True	None	District 833	342	2016-03-30 10:43:42.356000
834	0	834	Hotel 834	url	8	44.4	55.5	url	True	None	District 834	140	2016-03-30 10:43:42.356000
835	0	835	Hotel 835	url	4	44.4	55.5	url	True	None	District 835	240	2016-03-30 10:43:42.356000
836	0	836	Hotel 836	url	10	44.4	55.5	url	True	None	District 836	923	2016-03-30 10:43:42.356000
837	0	837	Hotel 837	url	4	44.4	55.5	url	True	None	District 837	190	2016-03-30 10:43:42.356000
838	0	838	Hotel 838	url	9	44.4	55.5	url	True	None	District 838	936	2016-03-30 10:43:42.356000
839	0	839	Hotel 839	url	7	44.4	55.5	url	True	None	District 839	965	2016-03-30 10:43:42.356000
840	0	840	Hotel 840	url	1	44.4	55.5	url	True	None	District 840	135	2016-03-30 10:43:42.356000
841	0	841	Hotel 841	url	8	44.4	55.5	url	True	None	District 841	536	2016-03-30 10:43:42.356000
842	0	842	Hotel 842	url	4	44.4	55.5	url	True	None	District 842	103	2016-03-30 10:43:42.356000
843	0	843	Hotel 843	url	3	44.4	55.5	url	True	None	District 843	636	2016-03-30 10:43:42.356000
844	0	844	Hotel 844	url	4	44.4	55.5	url	True	None	District 844	850	2016-03-30 10:43:42.356000
845	0	845	Hotel 845	url	0	44.4	55.5	url	True	None	District 845	233	2016-03-30 10:43:42.356000
846	0	846	Hotel 846	url	6	44.4	55.5	url	True	None	District 846	125	2016-03-30 10:43:42.356000
847	0	847	Hotel 847	url	9	44.4	55.5	url	True	None	District 847	586	2016-03-30 10:43:42.356000
848	0	848	Hotel 848	url	9	44.4	55.5	url	True	None	District 848	965	2016-03-30 10:43:42.356000
849	0	849	Hotel 849	url	6	44.4	55.5	url	True	None	District 849	615	2016-03-30 10:43:42.357000
850	0	850	Hotel 850	url	9	44.4	55.5	url	True	None	District 850	458	2016-03-30 10:43:42.357000
851	0	851	Hotel 851	url	10	44.4	55.5	url	True	None	District 851	124	2016-03-30 10:43:42.357000
852	0	852	Hotel 852	url	0	44.4	55.5	url	True	None	District 852	937	2016-03-30 10:43:42.357000
853	0	853	Hotel 853	url	0	44.4	55.5	url	True	None	District 853	744	2016-03-30 10:43:42.357000
854	0	854	Hotel 854	url	7	44.4	55.5	url	True	None	District 854	750	2016-03-30 10:43:42.357000
855	0	855	Hotel 855	url	3	44.4	55.5	url	True	None	District 855	795	2016-03-30 10:43:42.357000
856	0	856	Hotel 856	url	10	44.4	55.5	url	True	None	District 856	534	2016-03-30 10:43:42.357000
857	0	857	Hotel 857	url	7	44.4	55.5	url	True	None	District 857	632	2016-03-30 10:43:42.357000
858	0	858	Hotel 858	url	0	44.4	55.5	url	True	None	District 858	813	2016-03-30 10:43:42.357000
859	0	859	Hotel 859	url	6	44.4	55.5	url	True	None	District 859	956	2016-03-30 10:43:42.357000
860	0	860	Hotel 860	url	2	44.4	55.5	url	True	None	District 860	21	2016-03-30 10:43:42.357000
861	0	861	Hotel 861	url	4	44.4	55.5	url	True	None	District 861	551	2016-03-30 10:43:42.357000
862	0	862	Hotel 862	url	0	44.4	55.5	url	True	None	District 862	729	2016-03-30 10:43:42.357000
863	0	863	Hotel 863	url	4	44.4	55.5	url	True	None	District 863	373	2016-03-30 10:43:42.357000
864	0	864	Hotel 864	url	9	44.4	55.5	url	True	None	District 864	374	2016-03-30 10:43:42.357000
865	0	865	Hotel 865	url	2	44.4	55.5	url	True	None	District 865	857	2016-03-30 10:43:42.357000
866	0	866	Hotel 866	url	8	44.4	55.5	url	True	None	District 866	73	2016-03-30 10:43:42.357000
867	0	867	Hotel 867	url	5	44.4	55.5	url	True	None	District 867	992	2016-03-30 10:43:42.357000
868	0	868	Hotel 868	url	2	44.4	55.5	url	True	None	District 868	131	2016-03-30 10:43:42.357000
869	0	869	Hotel 869	url	1	44.4	55.5	url	True	None	District 869	206	2016-03-30 10:43:42.357000
870	0	870	Hotel 870	url	4	44.4	55.5	url	True	None	District 870	279	2016-03-30 10:43:42.357000
871	0	871	Hotel 871	url	8	44.4	55.5	url	True	None	District 871	4	2016-03-30 10:43:42.357000
872	0	872	Hotel 872	url	5	44.4	55.5	url	True	None	District 872	842	2016-03-30 10:43:42.357000
873	0	873	Hotel 873	url	0	44.4	55.5	url	True	None	District 873	503	2016-03-30 10:43:42.357000
874	0	874	Hotel 874	url	3	44.4	55.5	url	True	None	District 874	839	2016-03-30 10:43:42.357000
875	0	875	Hotel 875	url	10	44.4	55.5	url	True	None	District 875	855	2016-03-30 10:43:42.357000
876	0	876	Hotel 876	url	8	44.4	55.5	url	True	None	District 876	914	2016-03-30 10:43:42.357000
877	0	877	Hotel 877	url	6	44.4	55.5	url	True	None	District 877	754	2016-03-30 10:43:42.357000
878	0	878	Hotel 878	url	0	44.4	55.5	url	True	None	District 878	421	2016-03-30 10:43:42.357000
879	0	879	Hotel 879	url	1	44.4	55.5	url	True	None	District 879	763	2016-03-30 10:43:42.357000
880	0	880	Hotel 880	url	6	44.4	55.5	url	True	None	District 880	62	2016-03-30 10:43:42.357000
881	0	881	Hotel 881	url	6	44.4	55.5	url	True	None	District 881	169	2016-03-30 10:43:42.357000
882	0	882	Hotel 882	url	2	44.4	55.5	url	True	None	District 882	428	2016-03-30 10:43:42.357000
883	0	883	Hotel 883	url	3	44.4	55.5	url	True	None	District 883	818	2016-03-30 10:43:42.357000
884	0	884	Hotel 884	url	1	44.4	55.5	url	True	None	District 884	224	2016-03-30 10:43:42.358000
885	0	885	Hotel 885	url	3	44.4	55.5	url	True	None	District 885	895	2016-03-30 10:43:42.358000
886	0	886	Hotel 886	url	2	44.4	55.5	url	True	None	District 886	171	2016-03-30 10:43:42.358000
887	0	887	Hotel 887	url	9	44.4	55.5	url	True	None	District 887	230	2016-03-30 10:43:42.358000
888	0	888	Hotel 888	url	10	44.4	55.5	url	True	None	District 888	830	2016-03-30 10:43:42.358000
889	0	889	Hotel 889	url	10	44.4	55.5	url	True	None	District 889	153	2016-03-30 10:43:42.358000
890	0	890	Hotel 890	url	10	44.4	55.5	url	True	None	District 890	535	2016-03-30 10:43:42.358000
891	0	891	Hotel 891	url	1	44.4	55.5	url	True	None	District 891	859	2016-03-30 10:43:42.358000
892	0	892	Hotel 892	url	4	44.4	55.5	url	True	None	District 892	312	2016-03-30 10:43:42.358000
893	0	893	Hotel 893	url	9	44.4	55.5	url	True	None	District 893	513	2016-03-30 10:43:42.358000
894	0	894	Hotel 894	url	4	44.4	55.5	url	True	None	District 894	609	2016-03-30 10:43:42.358000
895	0	895	Hotel 895	url	8	44.4	55.5	url	True	None	District 895	805	2016-03-30 10:43:42.358000
896	0	896	Hotel 896	url	4	44.4	55.5	url	True	None	District 896	74	2016-03-30 10:43:42.358000
897	0	897	Hotel 897	url	5	44.4	55.5	url	True	None	District 897	576	2016-03-30 10:43:42.358000
898	0	898	Hotel 898	url	6	44.4	55.5	url	True	None	District 898	692	2016-03-30 10:43:42.358000
899	0	899	Hotel 899	url	8	44.4	55.5	url	True	None	District 899	262	2016-03-30 10:43:42.358000
900	0	900	Hotel 900	url	1	44.4	55.5	url	True	None	District 900	523	2016-03-30 10:43:42.358000
901	0	901	Hotel 901	url	7	44.4	55.5	url	True	None	District 901	242	2016-03-30 10:43:42.358000
902	0	902	Hotel 902	url	2	44.4	55.5	url	True	None	District 902	161	2016-03-30 10:43:42.358000
903	0	903	Hotel 903	url	2	44.4	55.5	url	True	None	District 903	724	2016-03-30 10:43:42.358000
904	0	904	Hotel 904	url	7	44.4	55.5	url	True	None	District 904	441	2016-03-30 10:43:42.358000
905	0	905	Hotel 905	url	3	44.4	55.5	url	True	None	District 905	185	2016-03-30 10:43:42.358000
906	0	906	Hotel 906	url	8	44.4	55.5	url	True	None	District 906	337	2016-03-30 10:43:42.358000
907	0	907	Hotel 907	url	8	44.4	55.5	url	True	None	District 907	530	2016-03-30 10:43:42.358000
908	0	908	Hotel 908	url	10	44.4	55.5	url	True	None	District 908	229	2016-03-30 10:43:42.358000
909	0	909	Hotel 909	url	2	44.4	55.5	url	True	None	District 909	116	2016-03-30 10:43:42.358000
910	0	910	Hotel 910	url	2	44.4	55.5	url	True	None	District 910	961	2016-03-30 10:43:42.358000
911	0	911	Hotel 911	url	4	44.4	55.5	url	True	None	District 911	650	2016-03-30 10:43:42.358000
912	0	912	Hotel 912	url	5	44.4	55.5	url	True	None	District 912	424	2016-03-30 10:43:42.358000
913	0	913	Hotel 913	url	2	44.4	55.5	url	True	None	District 913	531	2016-03-30 10:43:42.358000
914	0	914	Hotel 914	url	10	44.4	55.5	url	True	None	District 914	605	2016-03-30 10:43:42.358000
915	0	915	Hotel 915	url	10	44.4	55.5	url	True	None	District 915	246	2016-03-30 10:43:42.358000
916	0	916	Hotel 916	url	9	44.4	55.5	url	True	None	District 916	322	2016-03-30 10:43:42.358000
917	0	917	Hotel 917	url	3	44.4	55.5	url	True	None	District 917	165	2016-03-30 10:43:42.358000
918	0	918	Hotel 918	url	2	44.4	55.5	url	True	None	District 918	348	2016-03-30 10:43:42.358000
919	0	919	Hotel 919	url	5	44.4	55.5	url	True	None	District 919	402	2016-03-30 10:43:42.358000
920	0	920	Hotel 920	url	2	44.4	55.5	url	True	None	District 920	461	2016-03-30 10:43:42.359000
921	0	921	Hotel 921	url	7	44.4	55.5	url	True	None	District 921	21	2016-03-30 10:43:42.359000
922	0	922	Hotel 922	url	6	44.4	55.5	url	True	None	District 922	892	2016-03-30 10:43:42.359000
923	0	923	Hotel 923	url	10	44.4	55.5	url	True	None	District 923	806	2016-03-30 10:43:42.359000
924	0	924	Hotel 924	url	2	44.4	55.5	url	True	None	District 924	478	2016-03-30 10:43:42.359000
925	0	925	Hotel 925	url	7	44.4	55.5	url	True	None	District 925	839	2016-03-30 10:43:42.359000
926	0	926	Hotel 926	url	9	44.4	55.5	url	True	None	District 926	278	2016-03-30 10:43:42.359000
927	0	927	Hotel 927	url	8	44.4	55.5	url	True	None	District 927	99	2016-03-30 10:43:42.359000
928	0	928	Hotel 928	url	0	44.4	55.5	url	True	None	District 928	276	2016-03-30 10:43:42.359000
929	0	929	Hotel 929	url	1	44.4	55.5	url	True	None	District 929	526	2016-03-30 10:43:42.359000
930	0	930	Hotel 930	url	9	44.4	55.5	url	True	None	District 930	59	2016-03-30 10:43:42.359000
931	0	931	Hotel 931	url	3	44.4	55.5	url	True	None	District 931	405	2016-03-30 10:43:42.359000
932	0	932	Hotel 932	url	2	44.4	55.5	url	True	None	District 932	52	2016-03-30 10:43:42.359000
933	0	933	Hotel 933	url	0	44.4	55.5	url	True	None	District 933	468	2016-03-30 10:43:42.359000
934	0	934	Hotel 934	url	2	44.4	55.5	url	True	None	District 934	896	2016-03-30 10:43:42.359000
935	0	935	Hotel 935	url	3	44.4	55.5	url	True	None	District 935	311	2016-03-30 10:43:42.359000
936	0	936	Hotel 936	url	10	44.4	55.5	url	True	None	District 936	473	2016-03-30 10:43:42.359000
937	0	937	Hotel 937	url	8	44.4	55.5	url	True	None	District 937	52	2016-03-30 10:43:42.359000
938	0	938	Hotel 938	url	5	44.4	55.5	url	True	None	District 938	551	2016-03-30 10:43:42.359000
939	0	939	Hotel 939	url	2	44.4	55.5	url	True	None	District 939	468	2016-03-30 10:43:42.359000
940	0	940	Hotel 940	url	0	44.4	55.5	url	True	None	District 940	263	2016-03-30 10:43:42.359000
941	0	941	Hotel 941	url	8	44.4	55.5	url	True	None	District 941	476	2016-03-30 10:43:42.359000
942	0	942	Hotel 942	url	2	44.4	55.5	url	True	None	District 942	198	2016-03-30 10:43:42.359000
943	0	943	Hotel 943	url	0	44.4	55.5	url	True	None	District 943	32	2016-03-30 10:43:42.359000
944	0	944	Hotel 944	url	4	44.4	55.5	url	True	None	District 944	691	2016-03-30 10:43:42.359000
945	0	945	Hotel 945	url	7	44.4	55.5	url	True	None	District 945	756	2016-03-30 10:43:42.359000
946	0	946	Hotel 946	url	2	44.4	55.5	url	True	None	District 946	298	2016-03-30 10:43:42.359000
947	0	947	Hotel 947	url	5	44.4	55.5	url	True	None	District 947	319	2016-03-30 10:43:42.359000
948	0	948	Hotel 948	url	9	44.4	55.5	url	True	None	District 948	829	2016-03-30 10:43:42.359000
949	0	949	Hotel 949	url	4	44.4	55.5	url	True	None	District 949	231	2016-03-30 10:43:42.359000
950	0	950	Hotel 950	url	5	44.4	55.5	url	True	None	District 950	915	2016-03-30 10:43:42.359000
951	0	951	Hotel 951	url	1	44.4	55.5	url	True	None	District 951	474	2016-03-30 10:43:42.359000
952	0	952	Hotel 952	url	6	44.4	55.5	url	True	None	District 952	288	2016-03-30 10:43:42.359000
953	0	953	Hotel 953	url	8	44.4	55.5	url	True	None	District 953	469	2016-03-30 10:43:42.359000
954	0	954	Hotel 954	url	8	44.4	55.5	url	True	None	District 954	804	2016-03-30 10:43:42.359000
955	0	955	Hotel 955	url	3	44.4	55.5	url	True	None	District 955	522	2016-03-30 10:43:42.359000
956	0	956	Hotel 956	url	10	44.4	55.5	url	True	None	District 956	975	2016-03-30 10:43:42.359000
957	0	957	Hotel 957	url	5	44.4	55.5	url	True	None	District 957	712	2016-03-30 10:43:42.359000
958	0	958	Hotel 958	url	2	44.4	55.5	url	True	None	District 958	303	2016-03-30 10:43:42.359000
959	0	959	Hotel 959	url	8	44.4	55.5	url	True	None	District 959	765	2016-03-30 10:43:42.359000
960	0	960	Hotel 960	url	5	44.4	55.5	url	True	None	District 960	759	2016-03-30 10:43:42.359000
961	0	961	Hotel 961	url	3	44.4	55.5	url	True	None	District 961	974	2016-03-30 10:43:42.359000
962	0	962	Hotel 962	url	1	44.4	55.5	url	True	None	District 962	712	2016-03-30 10:43:42.359000
963	0	963	Hotel 963	url	1	44.4	55.5	url	True	None	District 963	63	2016-03-30 10:43:42.359000
964	0	964	Hotel 964	url	9	44.4	55.5	url	True	None	District 964	590	2016-03-30 10:43:42.360000
965	0	965	Hotel 965	url	3	44.4	55.5	url	True	None	District 965	930	2016-03-30 10:43:42.360000
966	0	966	Hotel 966	url	5	44.4	55.5	url	True	None	District 966	829	2016-03-30 10:43:42.360000
967	0	967	Hotel 967	url	1	44.4	55.5	url	True	None	District 967	579	2016-03-30 10:43:42.360000
968	0	968	Hotel 968	url	1	44.4	55.5	url	True	None	District 968	688	2016-03-30 10:43:42.360000
969	0	969	Hotel 969	url	3	44.4	55.5	url	True	None	District 969	374	2016-03-30 10:43:42.360000
970	0	970	Hotel 970	url	8	44.4	55.5	url	True	None	District 970	304	2016-03-30 10:43:42.360000
971	0	971	Hotel 971	url	0	44.4	55.5	url	True	None	District 971	32	2016-03-30 10:43:42.360000
972	0	972	Hotel 972	url	8	44.4	55.5	url	True	None	District 972	217	2016-03-30 10:43:42.360000
973	0	973	Hotel 973	url	9	44.4	55.5	url	True	None	District 973	518	2016-03-30 10:43:42.360000
974	0	974	Hotel 974	url	7	44.4	55.5	url	True	None	District 974	92	2016-03-30 10:43:42.360000
975	0	975	Hotel 975	url	2	44.4	55.5	url	True	None	District 975	180	2016-03-30 10:43:42.360000
976	0	976	Hotel 976	url	10	44.4	55.5	url	True	None	District 976	505	2016-03-30 10:43:42.360000
977	0	977	Hotel 977	url	10	44.4	55.5	url	True	None	District 977	595	2016-03-30 10:43:42.360000
978	0	978	Hotel 978	url	9	44.4	55.5	url	True	None	District 978	293	2016-03-30 10:43:42.360000
979	0	979	Hotel 979	url	3	44.4	55.5	url	True	None	District 979	245	2016-03-30 10:43:42.360000
980	0	980	Hotel 980	url	3	44.4	55.5	url	True	None	District 980	5	2016-03-30 10:43:42.360000
981	0	981	Hotel 981	url	6	44.4	55.5	url	True	None	District 981	644	2016-03-30 10:43:42.360000
982	0	982	Hotel 982	url	7	44.4	55.5	url	True	None	District 982	783	2016-03-30 10:43:42.360000
983	0	983	Hotel 983	url	3	44.4	55.5	url	True	None	District 983	598	2016-03-30 10:43:42.360000
984	0	984	Hotel 984	url	2	44.4	55.5	url	True	None	District 984	18	2016-03-30 10:43:42.360000
985	0	985	Hotel 985	url	4	44.4	55.5	url	True	None	District 985	526	2016-03-30 10:43:42.360000
986	0	986	Hotel 986	url	2	44.4	55.5	url	True	None	District 986	806	2016-03-30 10:43:42.360000
987	0	987	Hotel 987	url	3	44.4	55.5	url	True	None	District 987	51	2016-03-30 10:43:42.360000
988	0	988	Hotel 988	url	6	44.4	55.5	url	True	None	District 988	558	2016-03-30 10:43:42.360000
989	0	989	Hotel 989	url	1	44.4	55.5	url	True	None	District 989	446	2016-03-30 10:43:42.360000
990	0	990	Hotel 990	url	3	44.4	55.5	url	True	None	District 990	87	2016-03-30 10:43:42.360000
991	0	991	Hotel 991	url	7	44.4	55.5	url	True	None	District 991	629	2016-03-30 10:43:42.360000
992	0	992	Hotel 992	url	6	44.4	55.5	url	True	None	District 992	983	2016-03-30 10:43:42.360000
993	0	993	Hotel 993	url	10	44.4	55.5	url	True	None	District 993	150	2016-03-30 10:43:42.360000
994	0	994	Hotel 994	url	6	44.4	55.5	url	True	None	District 994	393	2016-03-30 10:43:42.361000
995	0	995	Hotel 995	url	10	44.4	55.5	url	True	None	District 995	459	2016-03-30 10:43:42.361000
996	0	996	Hotel 996	url	0	44.4	55.5	url	True	None	District 996	85	2016-03-30 10:43:42.361000
997	0	997	Hotel 997	url	5	44.4	55.5	url	True	None	District 997	285	2016-03-30 10:43:42.361000
998	0	998	Hotel 998	url	0	44.4	55.5	url	True	None	District 998	327	2016-03-30 10:43:42.361000
999	0	999	Hotel 999	url	2	44.4	55.5	url	True	None	District 999	537	2016-03-30 10:43:42.361000
