1	20151231	99	7783	7.6	37161	42095	8158	48863	36016	22493	3.4	3.9	1.4	0.9	5.6	0.6
1	20160101	99	7783	7.6	37161	42098	8158	48880	36020	22493	3.4	3.9	1.4	0.9	5.6	0.6
1	20151227	99	7782	7.5	37129	42059	8150	48863	36001	22469	3.4	3.9	1.1	0.9	5.6	0.6
1	20151228	99	7782	7.5	37129	42059	8150	48863	36001	22469	3.4	3.9	1.1	0.9	5.6	0.6
1	20151230	99	7782	7.4	37153	42075	8151	48863	36001	22493	3.4	3.9	1.3	0.9	5.6	0.6
1	20151220	98	7781	7.5	37095	42059	8135	48863	35981	22408	3.4	3.4	1.2	1.3	5.7	0.4
1	20151221	98	7781	7.5	37095	42059	8135	48863	35981	22408	3.4	3.4	1.2	1.3	5.7	0.6
1	20151222	98	7781	7.5	37109	42059	8135	48863	35981	22408	3.4	3.5	1.2	1.2	5.7	0.8
1	20151223	98	7781	7.5	37109	42059	8135	48863	35998	22430	3.4	3.5	1.2	0.9	5.4	0.8
1	20151224	98	7781	7.5	37129	42059	8135	48863	35998	22430	3.4	3.5	1.2	0.9	5.4	0.8
1	20151225	98	7781	7.5	37129	42059	8147	48863	35998	22445	3.4	3.7	1.1	0.9	5.6	0.8
1	20151226	99	7781	7.5	37129	42059	8150	48863	36001	22445	3.4	3.9	1.1	0.9	5.6	0.8
1	20151207	94	7780	7.4	37050	42013	8098	48843	35981	22365	3.2	3.8	1.1	1.8	5.6	0.8
1	20151208	94	7780	7.2	37050	42034	8109	48843	35981	22365	3.2	3.8	1.1	1.8	5.6	0.6
1	20151209	94	7780	7.3	37050	42034	8109	48843	35981	22365	3.2	3.8	1.1	1.8	5.6	0.6
1	20151210	94	7780	7.2	37050	42034	8109	48843	35981	22376	3.2	3.8	1.1	1.8	5.5	0.5
1	20151211	95	7780	7.2	37064	42034	8109	48843	35981	22376	3.1	3.8	1.1	1.8	5.5	0.2
1	20151212	95	7780	7.2	37064	42034	8121	48843	35981	22379	3.2	3.8	1.1	1.8	5.5	0.2
1	20151213	95	7780	7.5	37088	42034	8121	48857	35981	22389	3.2	3.8	1.3	1.8	5.5	0.2
1	20151214	96	7780	7.5	37088	42034	8121	48857	35981	22403	3.4	3.8	1.3	1.8	5.5	0.4
1	20151215	96	7780	7.5	37088	42043	8121	48857	35981	22403	3.4	3.8	1.3	1.8	5.5	0.4
1	20151216	97	7780	7.5	37095	42043	8121	48857	35981	22403	3.4	3.9	1.2	1.8	5.5	0.4
1	20151217	98	7780	7.5	37095	42043	8121	48857	35981	22403	3.6	3.9	1.2	1.8	5.5	0.4
1	20151218	98	7780	7.5	37095	42059	8121	48857	35981	22408	3.6	3.9	1.2	1.5	5.5	0.4
1	20151219	98	7780	7.5	37095	42059	8135	48863	35981	22408	3.6	3.6	1.2	1.5	5.5	0.4
1	20151205	94	7779	7.4	37050	41997	8081	48843	35981	22359	3.2	3.6	1.0	1.7	5.6	0.7
1	20151206	94	7779	7.4	37050	42013	8081	48843	35981	22365	3.2	3.8	1.1	1.7	5.6	0.7
1	20151126	92	7778	7.2	37037	41946	8045	48811	35928	22328	3.2	4.1	0.5	1.7	5.6	1.0
1	20151127	92	7778	7.2	37037	41946	8047	48811	35928	22334	3.2	3.8	0.5	1.7	5.4	1.0
1	20151128	93	7778	7.2	37037	41970	8064	48811	35928	22334	3.2	3.8	0.5	1.7	5.4	0.9
1	20151129	93	7778	7.2	37037	41989	8064	48811	35928	22334	3.2	3.8	0.7	1.7	5.4	0.9
1	20151130	93	7778	7.2	37050	41997	8064	48811	35928	22334	3.4	3.8	0.7	1.7	5.4	0.9
1	20151201	93	7778	7.2	37050	41997	8064	48821	35942	22341	3.2	3.5	0.9	1.6	5.4	0.9
1	20151202	93	7778	7.4	37050	41997	8081	48821	35950	22347	3.2	3.3	0.9	1.7	5.4	0.9
1	20151203	93	7778	7.4	37050	41997	8081	48821	35960	22359	3.2	3.3	0.9	1.7	5.4	0.9
1	20151204	94	7778	7.4	37050	41997	8081	48821	35960	22359	3.2	3.3	1.0	1.7	5.6	0.9
1	20151120	90	7777	7.1	36999	41933	8012	48798	35912	22309	3.2	4.5	0.5	1.7	5.3	0.8
1	20151121	90	7777	7.1	37013	41933	8032	48798	35928	22309	3.2	4.5	0.5	1.7	5.3	0.8
1	20151122	90	7777	7.2	37013	41946	8045	48798	35928	22309	3.2	4.3	0.5	1.7	5.3	0.8
1	20151123	90	7777	7.2	37013	41946	8045	48811	35928	22312	3.2	4.3	0.5	1.7	5.5	0.8
1	20151124	90	7777	7.2	37037	41946	8045	48811	35928	22312	3.2	4.1	0.5	1.7	5.6	1.0
1	20151125	91	7777	7.2	37037	41946	8045	48811	35928	22328	3.2	4.1	0.5	1.7	5.6	1.0
1	20151118	89	7776	6.9	36999	41933	7987	48798	35912	22309	3.1	4.6	0.4	1.8	5.3	0.8
1	20151119	90	7776	6.9	36999	41933	7987	48798	35912	22309	3.2	4.5	0.6	1.8	5.3	0.8
1	20151112	87	7775	7.2	36966	41933	7949	48780	35895	22280	2.9	4.7	0.7	1.6	5.5	1.2
1	20151113	87	7775	7.2	36966	41933	7963	48780	35895	22280	2.9	4.4	0.7	1.7	5.5	1.2
1	20151114	88	7775	7.2	36966	41933	7963	48782	35895	22280	3.1	4.4	0.5	1.7	5.5	1.2
1	20151115	89	7775	7.2	36966	41933	7981	48782	35895	22280	3.1	4.6	0.6	1.8	5.3	1.0
1	20151116	89	7775	7.2	36981	41933	7987	48791	35906	22287	3.1	4.6	0.4	1.8	5.3	1.0
1	20151117	89	7775	7.2	36981	41933	7987	48798	35912	22309	3.1	4.6	0.4	1.8	5.3	0.8
1	20151107	87	7774	7.2	36948	41898	7931	48774	35884	22280	2.9	4.7	0.8	1.6	5.4	1.5
1	20151108	87	7774	7.2	36962	41898	7931	48774	35884	22280	2.9	4.7	0.8	1.6	5.4	1.5
1	20151109	87	7774	7.2	36962	41908	7931	48776	35895	22280	2.9	4.7	0.8	1.6	5.4	1.5
1	20151110	87	7774	7.2	36965	41908	7949	48780	35895	22280	2.8	4.7	0.9	1.6	5.4	1.2
1	20151111	87	7774	7.2	36965	41933	7949	48780	35895	22280	2.8	4.7	0.7	1.6	5.4	1.2
1	20151106	87	7773	7.2	36948	41898	7931	48774	35884	22280	2.9	4.7	0.8	1.6	5.4	1.5
1	20151103	87	7772	7.2	36907	41873	7931	48774	35832	22280	3.0	4.7	1.1	1.4	5.3	1.4
1	20151104	87	7772	7.2	36921	41873	7931	48774	35855	22280	3.0	4.7	0.8	1.4	5.3	1.4
1	20151105	87	7772	7.2	36945	41898	7931	48774	35869	22280	2.9	4.7	0.8	1.6	5.4	1.4
1	20151102	87	7771	7.2	36907	41873	7931	48774	35832	22280	3.0	4.7	1.1	1.4	5.3	1.4
1	20151101	87	7770	7.0	36907	41873	7931	48774	35812	22275	3.0	4.7	1.1	1.4	5.3	1.4
1	20151028	85	7769	7.3	36907	41864	7931	48710	35795	22275	3.1	4.6	1.3	1.1	5.3	1.6
1	20151029	85	7769	7.3	36907	41864	7931	48725	35795	22275	3.1	4.6	1.4	1.1	5.3	1.4
1	20151030	85	7769	7.5	36907	41864	7931	48725	35795	22275	3.1	4.6	1.1	1.1	5.3	1.4
1	20151031	86	7769	7.2	36907	41873	7931	48750	35795	22275	3.1	4.6	1.1	1.4	5.3	1.4
1	20151026	85	7768	7.3	36907	41864	7931	48710	35779	22265	3.1	4.4	1.3	1.1	5.1	1.2
1	20151027	85	7768	7.3	36907	41864	7931	48710	35795	22275	3.1	4.4	1.3	1.1	5.0	1.3
1	20151025	85	7767	7.3	36907	41846	7910	48710	35779	22265	3.2	4.6	1.5	1.1	5.1	1.2
1	20151020	83	7766	7.3	36891	41836	7890	48677	35760	22252	3.0	4.9	1.5	1.1	5.4	1.2
1	20151021	84	7766	7.3	36891	41836	7890	48699	35760	22252	3.0	4.9	1.2	1.1	5.4	1.2
1	20151022	84	7766	7.3	36907	41836	7910	48699	35760	22252	3.0	4.9	1.2	1.1	5.4	1.2
1	20151023	85	7766	7.3	36907	41836	7910	48699	35760	22252	3.0	4.6	1.3	1.1	5.1	1.2
1	20151024	85	7766	7.3	36907	41846	7910	48710	35779	22252	3.2	4.6	1.5	1.1	5.1	1.2
1	20151014	81	7765	7.8	36843	41813	7890	48634	35736	22236	2.9	4.9	1.9	1.5	5.3	1.3
1	20151015	81	7765	7.5	36854	41813	7890	48634	35736	22241	2.9	4.9	1.7	1.3	5.3	1.3
1	20151016	82	7765	7.3	36854	41813	7890	48639	35737	22241	3.0	4.9	1.8	1.3	5.3	1.3
1	20151017	82	7765	7.3	36872	41819	7890	48652	35760	22250	3.0	4.9	1.7	1.3	5.3	1.3
1	20151018	82	7765	7.3	36887	41819	7890	48677	35760	22252	3.0	4.9	1.5	1.3	5.3	1.3
1	20151019	83	7765	7.3	36891	41836	7890	48677	35760	22252	3.0	4.9	1.5	1.1	5.4	1.3
1	20151011	79	7764	7.9	36823	41813	7872	48617	35736	22236	2.9	4.7	2.1	1.6	5.6	1.4
1	20151012	79	7764	7.8	36823	41813	7872	48634	35736	22236	2.9	4.7	1.9	1.6	5.6	1.4
1	20151013	80	7764	7.8	36829	41813	7890	48634	35736	22236	2.9	4.9	1.9	1.5	5.3	1.4
1	20151010	79	7763	7.9	36800	41813	7872	48617	35736	22236	3.1	4.7	2.1	1.6	5.4	1.4
1	20151008	78	7762	7.9	36800	41813	7872	48610	35725	22220	2.9	4.9	2.3	1.6	5.6	1.4
1	20151009	78	7762	7.9	36800	41813	7872	48617	35725	22236	2.9	4.7	2.1	1.6	5.6	1.4
1	20151005	78	7761	7.6	36800	41796	7849	48590	35725	22217	2.7	5.1	2.2	1.6	5.6	1.2
1	20151006	78	7761	7.6	36800	41796	7872	48590	35725	22220	2.9	5.1	2.2	1.6	5.6	1.4
1	20151007	78	7761	7.6	36800	41807	7872	48591	35725	22220	2.9	5.1	2.3	1.6	5.6	1.4
1	20151004	78	7760	7.6	36793	41796	7849	48574	35717	22217	2.7	4.8	2.2	1.6	5.6	1.3
1	20150926	78	7759	7.5	36728	41768	7849	48556	35699	22181	2.7	4.8	2.2	1.3	5.1	1.4
1	20150927	78	7759	7.5	36747	41768	7849	48556	35699	22202	2.7	4.8	2.2	1.3	5.1	1.5
1	20150928	78	7759	7.5	36747	41775	7849	48556	35699	22202	2.7	4.8	2.2	1.5	5.1	1.5
1	20150929	78	7759	7.5	36747	41775	7849	48556	35699	22210	2.7	4.8	2.2	1.6	5.3	1.5
1	20150930	78	7759	7.5	36760	41796	7849	48556	35699	22210	2.7	4.8	2.2	1.6	5.3	1.5
1	20151001	78	7759	7.4	36760	41796	7849	48574	35699	22210	2.7	4.8	2.2	1.6	5.3	1.6
1	20151002	78	7759	7.4	36783	41796	7849	48574	35714	22210	2.7	4.8	2.2	1.6	5.6	1.6
1	20151003	78	7759	7.4	36783	41796	7849	48574	35717	22210	2.7	4.8	2.2	1.6	5.6	1.3
1	20150924	78	7758	7.5	36728	41768	7849	48550	35699	22170	2.7	4.9	2.2	1.5	5.1	1.5
1	20150925	78	7758	7.8	36728	41768	7849	48556	35699	22181	2.7	4.8	2.2	1.5	5.1	1.4
1	20150923	77	7757	7.5	36703	41768	7849	48550	35686	22170	2.9	4.9	2.0	1.7	5.1	1.5
1	20150914	76	7756	7.5	36686	41768	7815	48517	35656	22170	3.2	5.2	2.1	1.8	4.8	1.6
1	20150915	76	7756	7.5	36686	41768	7815	48517	35656	22170	3.2	5.2	2.0	1.8	5.1	1.6
1	20150916	77	7756	7.5	36686	41768	7816	48517	35656	22170	3.2	5.1	2.0	1.8	5.1	1.6
1	20150917	77	7756	7.5	36686	41768	7816	48517	35678	22170	3.2	5.1	2.0	1.8	5.1	1.6
1	20150918	77	7756	7.5	36688	41768	7816	48517	35686	22170	3.2	4.8	2.0	1.8	5.1	1.6
1	20150919	77	7756	7.6	36688	41768	7816	48517	35686	22170	3.2	4.8	2.0	1.8	5.0	1.6
1	20150920	77	7756	7.6	36699	41768	7839	48524	35686	22170	3.2	4.8	2.0	1.8	5.1	1.6
1	20150921	77	7756	7.6	36699	41768	7839	48527	35686	22170	3.2	4.8	2.0	1.7	5.1	1.5
1	20150922	77	7756	7.4	36703	41768	7849	48550	35686	22170	2.9	4.7	2.0	1.7	5.1	1.5
1	20150913	76	7755	7.5	36670	41768	7815	48497	35644	22170	3.2	5.0	2.1	1.8	4.8	1.6
1	20150910	75	7754	7.3	36670	41768	7815	48497	35635	22152	3.2	5.0	2.0	1.9	4.8	1.6
1	20150911	76	7754	7.3	36670	41768	7815	48497	35635	22152	3.3	5.0	2.1	1.9	4.8	1.6
1	20150912	76	7754	7.5	36670	41768	7815	48497	35635	22170	3.2	5.0	2.1	1.9	4.8	1.6
1	20150909	75	7753	7.3	36670	41768	7815	48497	35629	22152	3.5	5.0	2.0	1.9	4.8	1.6
1	20150908	75	7752	7.3	36650	41768	7815	48497	35629	22152	3.5	5.0	2.0	1.6	4.8	1.6
1	20150901	73	7751	7.2	36650	41768	7815	48497	35602	22128	3.5	5.3	2.2	1.8	5.2	1.4
1	20150902	74	7751	7.0	36650	41768	7815	48497	35612	22128	3.5	5.3	2.2	1.6	5.2	1.4
1	20150903	74	7751	7.2	36650	41768	7815	48497	35612	22138	3.5	5.3	2.2	1.6	5.0	1.4
1	20150904	75	7751	7.3	36650	41768	7815	48497	35612	22138	3.5	5.3	2.2	1.6	4.8	1.4
1	20150905	75	7751	7.3	36650	41768	7815	48497	35612	22138	3.5	5.0	2.2	1.9	4.8	1.4
1	20150906	75	7751	7.3	36650	41768	7815	48497	35629	22138	3.5	5.0	2.2	1.9	4.8	1.5
1	20150907	75	7751	7.3	36650	41768	7815	48497	35629	22152	3.5	5.0	2.2	1.9	4.8	1.5
1	20150828	73	7750	7.3	36635	41752	7767	48497	35602	22100	3.4	5.2	2.2	2.0	5.3	1.4
1	20150829	73	7750	7.3	36635	41764	7783	48497	35602	22117	3.4	5.2	2.2	1.9	5.3	1.4
1	20150830	73	7750	7.3	36635	41768	7783	48497	35602	22117	3.4	5.2	2.2	1.9	5.2	1.4
1	20150831	73	7750	7.2	36646	41768	7792	48497	35602	22128	3.4	5.2	2.2	1.9	5.2	1.4
1	20150824	72	7749	7.3	36615	41752	7767	48453	35591	22075	3.4	5.4	2.2	1.9	5.3	1.6
1	20150825	72	7749	7.3	36633	41752	7767	48476	35591	22078	3.4	5.4	2.2	1.9	5.3	1.6
1	20150826	72	7749	7.3	36633	41752	7767	48476	35602	22091	3.4	5.2	2.2	1.9	5.3	1.6
1	20150827	73	7749	7.3	36633	41752	7767	48497	35602	22091	3.4	5.2	2.2	1.9	5.3	1.6
1	20150820	71	7748	7.3	36615	41752	7742	48415	35583	22075	3.7	5.5	2.0	1.5	5.3	1.7
1	20150821	71	7748	7.3	36615	41752	7767	48415	35583	22075	3.4	5.5	2.2	1.7	5.3	1.7
1	20150822	71	7748	7.3	36615	41752	7767	48436	35591	22075	3.4	5.5	2.2	1.6	5.3	1.9
1	20150823	72	7748	7.3	36615	41752	7767	48453	35591	22075	3.4	5.4	2.2	1.9	5.2	1.9
1	20150819	71	7747	7.3	36615	41731	7742	48390	35567	22075	3.7	5.5	2.0	1.5	5.3	1.7
1	20150812	68	7746	7.0	36596	41704	7713	48355	35547	22040	3.7	5.2	2.0	2.0	5.0	1.7
1	20150813	69	7746	7.0	36596	41721	7730	48363	35547	22040	3.7	5.2	2.0	2.0	5.0	1.7
1	20150814	69	7746	7.3	36596	41721	7730	48363	35547	22040	3.8	5.2	1.8	1.7	5.0	1.7
1	20150815	69	7746	7.3	36596	41721	7742	48363	35550	22040	3.7	5.2	1.8	1.7	5.3	1.7
1	20150816	70	7746	7.3	36596	41726	7742	48363	35550	22054	3.7	5.5	1.8	1.5	5.3	1.7
1	20150817	70	7746	7.3	36612	41726	7742	48383	35550	22075	3.7	5.5	1.8	1.5	5.4	1.7
1	20150818	70	7746	7.3	36612	41726	7742	48383	35550	22075	3.7	5.5	2.0	1.5	5.4	1.7
1	20150803	66	7745	7.1	36586	41680	7639	48355	35522	22032	3.9	5.0	2.5	2.0	5.1	1.4
1	20150804	66	7745	7.1	36594	41680	7639	48355	35535	22032	3.9	5.0	2.5	2.0	5.1	1.4
1	20150805	67	7745	7.1	36596	41704	7639	48355	35538	22032	3.9	5.0	2.4	1.7	5.1	1.4
1	20150806	67	7745	7.1	36596	41704	7639	48355	35538	22040	3.9	5.0	2.3	1.7	5.1	1.4
1	20150807	68	7745	7.1	36596	41704	7649	48355	35538	22040	3.9	5.0	2.3	1.7	5.1	1.5
1	20150808	68	7745	7.0	36596	41704	7649	48355	35538	22040	3.9	5.0	2.3	1.7	5.0	1.5
1	20150809	68	7745	7.0	36596	41704	7671	48355	35538	22040	3.9	5.0	2.3	2.0	5.0	1.5
1	20150810	68	7745	7.0	36596	41704	7671	48355	35538	22040	3.9	5.2	2.0	2.0	5.0	1.5
1	20150811	68	7745	7.0	36596	41704	7691	48355	35547	22040	3.9	5.2	2.0	2.0	5.0	1.5
1	20150727	65	7744	7.1	36586	41639	7608	48299	35497	22032	3.7	4.7	2.6	1.9	5.4	1.4
1	20150728	65	7744	7.1	36586	41639	7608	48309	35507	22032	3.7	4.7	2.7	2.1	5.4	1.4
1	20150729	65	7744	7.1	36586	41644	7633	48309	35508	22032	3.6	4.7	2.7	1.8	5.4	1.4
1	20150730	66	7744	7.1	36586	41644	7633	48331	35508	22032	3.6	4.7	2.7	1.9	5.4	1.4
1	20150731	66	7744	7.1	36586	41661	7639	48331	35517	22032	3.6	4.9	2.7	1.9	5.4	1.4
1	20150801	66	7744	7.1	36586	41673	7639	48355	35522	22032	3.6	4.9	2.7	2.0	5.4	1.4
1	20150802	66	7744	7.1	36586	41680	7639	48355	35522	22032	3.9	5.0	2.5	2.0	5.4	1.4
1	20150725	64	7743	7.1	36585	41639	7586	48299	35487	22032	3.9	5.0	2.6	1.9	5.4	1.4
1	20150726	65	7743	7.1	36585	41639	7604	48299	35497	22032	3.9	5.0	2.6	1.9	5.4	1.4
1	20150723	64	7742	7.1	36568	41639	7556	48263	35487	22025	3.9	5.0	2.8	1.7	5.4	1.4
1	20150724	64	7742	7.1	36568	41639	7571	48284	35487	22032	3.9	5.0	2.6	1.9	5.4	1.4
1	20150722	63	7741	7.1	36568	41623	7556	48263	35478	22025	3.9	5.2	2.8	1.7	5.4	1.4
1	20150717	61	7740	7.2	36568	41623	7534	48263	35478	22016	3.9	5.2	2.7	1.7	5.3	1.7
1	20150718	61	7740	7.2	36568	41623	7556	48263	35478	22025	3.9	5.2	2.7	1.7	5.4	1.4
1	20150719	61	7740	7.2	36568	41623	7556	48263	35478	22025	3.9	5.2	2.7	1.7	5.4	1.4
1	20150720	62	7740	7.2	36568	41623	7556	48263	35478	22025	3.9	5.2	2.7	1.7	5.4	1.4
1	20150721	62	7740	7.3	36568	41623	7556	48263	35478	22025	3.9	5.2	2.8	1.7	5.4	1.4
1	20150715	61	7739	7.0	36543	41585	7534	48247	35478	21993	3.9	5.2	3.0	1.7	5.3	1.7
1	20150716	61	7739	7.2	36543	41609	7534	48247	35478	21993	3.9	5.2	3.0	1.7	5.3	1.7
1	20150713	61	7738	7.2	36543	41564	7531	48223	35478	21993	3.8	5.2	3.1	2.0	5.3	1.7
1	20150714	61	7738	7.2	36543	41585	7531	48247	35478	21993	3.9	5.2	3.1	1.7	5.3	1.7
1	20150712	61	7737	7.2	36543	41564	7531	48223	35455	21993	3.8	5.2	3.2	2.0	5.3	1.7
1	20150709	61	7736	7.1	36502	41564	7531	48221	35436	21982	4.0	4.9	3.2	2.1	5.2	2.0
1	20150710	61	7736	7.1	36523	41564	7531	48221	35455	21982	4.0	4.9	3.2	2.1	5.2	1.7
1	20150711	61	7736	7.2	36543	41564	7531	48223	35455	21993	4.0	5.2	3.2	2.1	5.4	1.7
1	20150702	60	7735	6.9	36502	41537	7517	48174	35420	21981	3.9	4.9	3.4	2.1	4.9	2.2
1	20150703	60	7735	6.9	36502	41537	7519	48174	35420	21981	3.9	4.9	3.2	2.1	4.9	2.0
1	20150704	60	7735	6.9	36502	41537	7531	48174	35420	21981	4.1	4.7	3.0	2.1	4.9	2.0
1	20150705	61	7735	6.9	36502	41537	7531	48174	35432	21981	4.1	4.7	3.0	2.1	4.9	2.0
1	20150706	61	7735	7.1	36502	41544	7531	48178	35432	21981	4.1	4.7	3.0	2.1	4.9	2.0
1	20150707	61	7735	7.1	36502	41561	7531	48178	35432	21981	4.1	4.7	3.2	2.1	4.9	2.0
1	20150708	61	7735	7.1	36502	41564	7531	48200	35436	21981	4.0	4.9	3.2	2.1	5.2	2.0
1	20150628	58	7734	6.7	36487	41531	7473	48146	35420	21981	4.2	4.9	3.2	1.8	4.6	2.2
1	20150629	58	7734	6.7	36502	41533	7496	48146	35420	21981	4.2	4.9	3.4	1.8	4.9	2.2
1	20150630	59	7734	6.7	36502	41537	7496	48170	35420	21981	4.2	4.9	3.4	1.8	4.9	2.2
1	20150701	60	7734	6.7	36502	41537	7496	48170	35420	21981	3.9	4.9	3.4	2.1	4.9	2.2
1	20150614	56	7733	6.9	36352	41508	7448	48117	35418	21941	3.7	5.0	3.2	1.5	4.3	2.4
1	20150615	56	7733	6.9	36374	41508	7448	48117	35418	21941	3.9	5.0	3.2	1.5	4.3	2.4
1	20150616	56	7733	6.9	36394	41527	7448	48122	35418	21941	3.9	4.9	3.2	1.5	4.3	2.4
1	20150617	56	7733	6.9	36394	41527	7448	48122	35418	21941	3.9	4.9	3.2	1.5	4.5	2.4
1	20150618	56	7733	6.9	36394	41527	7448	48122	35418	21941	3.9	4.9	3.2	1.5	4.5	2.6
1	20150619	56	7733	6.9	36417	41528	7451	48122	35418	21941	3.9	4.9	3.2	1.5	4.7	2.6
1	20150620	56	7733	6.9	36418	41528	7451	48122	35418	21941	3.9	4.9	3.2	1.5	4.9	2.6
1	20150621	56	7733	6.9	36418	41528	7466	48122	35418	21941	3.8	4.9	3.2	1.6	4.9	2.6
1	20150622	57	7733	6.9	36438	41531	7466	48122	35420	21941	3.7	4.9	3.2	1.6	4.9	2.6
1	20150623	57	7733	6.9	36453	41531	7466	48122	35420	21941	4.0	4.9	3.2	1.6	4.9	2.6
1	20150624	57	7733	6.9	36472	41531	7466	48122	35420	21948	4.0	4.9	3.2	1.6	4.9	2.6
1	20150625	58	7733	6.7	36477	41531	7466	48124	35420	21948	4.0	4.9	3.2	1.6	4.6	2.3
1	20150626	58	7733	6.7	36477	41531	7473	48124	35420	21957	4.2	4.9	3.2	1.6	4.6	2.4
1	20150627	58	7733	6.7	36477	41531	7473	48146	35420	21957	4.2	4.9	3.2	1.8	4.6	2.4
1	20150613	56	7732	6.9	36352	41499	7448	48096	35418	21941	3.7	5.2	3.2	1.5	4.3	2.4
1	20150612	55	7731	6.9	36352	41499	7448	48096	35418	21941	3.7	5.2	3.2	1.5	4.6	2.4
1	20150611	55	7730	6.9	36352	41480	7448	48089	35418	21939	3.9	5.2	3.2	1.5	4.6	2.4
1	20150609	55	7729	6.9	36352	41467	7418	48069	35400	21939	3.9	5.3	3.2	1.5	4.6	2.4
1	20150610	55	7729	6.9	36352	41475	7438	48076	35400	21939	3.9	5.1	3.2	1.5	4.6	2.4
1	20150607	55	7728	6.7	36352	41452	7418	48059	35400	21937	3.9	5.3	2.8	1.7	4.6	2.4
1	20150608	55	7728	6.9	36352	41467	7418	48069	35400	21937	3.9	5.3	3.1	1.4	4.6	2.4
1	20150606	55	7727	6.5	36352	41451	7418	48035	35379	21937	4.1	5.3	2.8	1.7	4.4	2.4
1	20150605	55	7726	6.5	36352	41451	7400	48035	35374	21937	4.1	5.3	2.8	1.7	4.4	2.3
1	20150603	55	7725	6.5	36343	41434	7400	48035	35374	21937	4.3	5.3	2.8	1.7	4.4	2.3
1	20150604	55	7725	6.5	36351	41434	7400	48035	35374	21937	4.3	5.3	2.8	1.7	4.4	2.3
1	20150602	55	7724	6.7	36343	41434	7386	48035	35374	21937	4.3	5.3	2.8	1.7	4.4	2.3
1	20150528	54	7723	6.7	36321	41434	7362	48008	35356	21937	4.3	5.1	3.1	1.7	4.4	2.3
1	20150529	54	7723	6.7	36321	41434	7362	48008	35356	21937	4.3	5.3	3.0	1.7	4.4	2.3
1	20150530	55	7723	6.7	36321	41434	7362	48008	35374	21937	4.3	5.3	3.0	1.7	4.4	2.2
1	20150531	55	7723	6.7	36321	41434	7362	48027	35374	21937	4.3	5.3	3.0	1.7	4.4	2.2
1	20150601	55	7723	6.7	36343	41434	7362	48027	35374	21937	4.3	5.3	3.0	1.7	4.4	2.2
1	20150525	52	7722	7.0	36321	41434	7362	48008	35354	21937	4.3	4.8	3.1	2.0	4.4	2.3
1	20150526	53	7722	7.0	36321	41434	7362	48008	35354	21937	4.3	4.8	3.1	2.0	4.4	2.3
1	20150527	54	7722	7.0	36321	41434	7362	48008	35354	21937	4.3	4.8	3.1	2.0	4.4	2.3
1	20150524	52	7721	7.0	36321	41434	7362	48008	35354	21926	4.3	4.8	3.1	2.0	4.4	2.3
1	20150521	52	7720	6.9	36321	41418	7339	48008	35354	21877	4.6	4.8	3.0	2.0	4.6	2.3
1	20150522	52	7720	6.9	36321	41434	7339	48008	35354	21896	4.6	4.8	3.0	2.0	4.4	2.3
1	20150523	52	7720	7.0	36321	41434	7362	48008	35354	21905	4.3	4.8	3.0	2.0	4.4	2.3
1	20150520	51	7719	6.8	36304	41418	7339	47995	35354	21877	4.6	4.6	3.2	2.0	4.5	2.3
1	20150513	49	7718	6.1	36290	41393	7318	47954	35335	21828	4.7	4.6	3.0	2.6	4.4	2.1
1	20150514	49	7718	6.1	36300	41393	7318	47954	35335	21828	4.7	4.6	3.0	2.6	4.4	2.0
1	20150515	49	7718	6.1	36300	41404	7318	47972	35335	21828	4.7	4.6	3.2	2.6	4.4	2.0
1	20150516	50	7718	6.3	36300	41404	7318	47995	35335	21828	4.7	4.6	3.2	2.6	4.4	2.3
1	20150517	51	7718	6.3	36304	41404	7331	47995	35335	21828	4.7	4.6	3.2	2.6	4.3	2.3
1	20150518	51	7718	6.3	36304	41404	7331	47995	35344	21834	4.7	4.6	3.2	2.3	4.3	2.3
1	20150519	51	7718	6.6	36304	41404	7339	47995	35354	21853	4.6	4.6	3.2	2.0	4.3	2.5
1	20150507	46	7717	6.0	36263	41368	7318	47954	35309	21802	4.7	4.4	2.8	2.3	4.3	1.9
1	20150508	46	7717	6.0	36263	41368	7318	47954	35333	21820	4.7	4.4	2.8	2.3	4.3	1.7
1	20150509	46	7717	6.0	36279	41389	7318	47954	35333	21820	4.7	4.4	2.8	2.3	4.3	1.8
1	20150510	47	7717	6.0	36290	41389	7318	47954	35333	21820	4.7	4.4	2.8	2.5	4.3	1.8
1	20150511	48	7717	6.0	36290	41389	7318	47954	35333	21820	4.7	4.6	3.0	2.5	4.3	2.1
1	20150512	48	7717	6.0	36290	41393	7318	47954	35333	21828	4.7	4.6	3.0	2.5	4.3	2.1
1	20150504	46	7716	6.0	36234	41368	7316	47954	35309	21786	4.5	4.4	2.8	2.5	4.6	1.9
1	20150505	46	7716	6.0	36239	41368	7316	47954	35309	21802	4.7	4.4	2.8	2.3	4.6	1.9
1	20150506	46	7716	6.0	36263	41368	7316	47954	35309	21802	4.7	4.2	2.8	2.3	4.6	1.9
1	20150429	46	7715	5.8	36215	41355	7312	47953	35280	21768	4.5	4.6	2.8	2.8	4.9	1.8
1	20150430	46	7715	5.8	36215	41368	7312	47953	35291	21768	4.5	4.6	2.8	2.5	4.6	1.9
1	20150501	46	7715	5.8	36215	41368	7312	47953	35291	21768	4.5	4.6	2.8	2.5	4.6	1.9
1	20150502	46	7715	5.8	36234	41368	7312	47954	35291	21786	4.5	4.6	2.8	2.5	4.6	1.9
1	20150503	46	7715	5.8	36234	41368	7316	47954	35309	21786	4.5	4.4	2.8	2.5	4.6	1.9
1	20150427	46	7714	6.0	36215	41355	7303	47953	35268	21752	4.4	4.9	2.8	2.8	5.0	1.5
1	20150428	46	7714	5.8	36215	41355	7304	47953	35280	21768	4.4	4.9	2.8	2.8	4.9	1.8
1	20150424	45	7713	6.1	36215	41352	7303	47928	35268	21724	4.5	4.9	2.8	2.6	5.0	1.5
1	20150425	45	7713	6.1	36215	41352	7303	47931	35268	21742	4.4	4.9	2.8	2.6	5.0	1.5
1	20150426	45	7713	6.0	36215	41352	7303	47953	35268	21752	4.4	4.9	2.8	2.6	5.0	1.5
1	20150421	44	7712	6.1	36215	41352	7303	47928	35251	21715	4.5	4.8	2.5	2.6	4.9	1.3
1	20150422	44	7712	6.1	36215	41352	7303	47928	35251	21715	4.5	4.9	2.8	2.6	5.0	1.3
1	20150423	44	7712	6.1	36215	41352	7303	47928	35268	21715	4.5	4.9	2.8	2.6	5.0	1.5
1	20150418	42	7711	6.1	36215	41352	7279	47901	35233	21688	4.2	4.8	2.5	2.6	5.1	1.3
1	20150419	42	7711	6.1	36215	41352	7286	47926	35251	21706	4.5	4.8	2.5	2.6	5.1	1.3
1	20150420	43	7711	6.1	36215	41352	7286	47926	35251	21715	4.5	4.8	2.5	2.6	5.1	1.3
1	20150416	42	7710	6.3	36207	41352	7270	47901	35226	21668	3.8	4.8	2.5	2.5	5.1	1.6
1	20150417	42	7710	6.3	36215	41352	7270	47901	35233	21681	4.0	4.8	2.5	2.5	5.1	1.6
1	20150408	41	7709	5.6	36196	41345	7238	47901	35195	21651	3.7	4.6	2.4	2.8	4.4	1.6
1	20150409	41	7709	5.9	36196	41345	7247	47901	35195	21651	3.7	4.6	2.4	2.8	4.4	1.6
1	20150410	41	7709	5.9	36196	41345	7254	47901	35195	21651	3.7	4.6	2.4	2.8	4.4	1.6
1	20150411	41	7709	5.9	36196	41345	7268	47901	35212	21651	3.7	4.6	2.4	2.8	4.4	1.6
1	20150412	42	7709	5.9	36196	41345	7270	47901	35212	21652	3.7	4.8	2.3	2.5	4.6	1.6
1	20150413	42	7709	6.1	36196	41345	7270	47901	35212	21668	3.7	4.8	2.3	2.5	4.9	1.6
1	20150414	42	7709	6.1	36207	41345	7270	47901	35212	21668	3.8	4.8	2.3	2.5	4.9	1.6
1	20150415	42	7709	6.1	36207	41345	7270	47901	35226	21668	3.8	4.8	2.5	2.5	5.1	1.6
1	20150406	41	7708	5.6	36196	41327	7217	47897	35195	21651	3.8	4.6	2.4	2.8	4.3	1.6
1	20150407	41	7708	5.6	36196	41327	7227	47901	35195	21651	3.7	4.6	2.4	2.8	4.3	1.6
1	20150404	40	7707	5.6	36196	41327	7217	47871	35181	21651	3.9	4.5	2.2	2.8	4.3	1.6
1	20150405	40	7707	5.6	36196	41327	7217	47879	35181	21651	3.8	4.5	2.2	2.8	4.3	1.6
1	20150331	40	7706	5.3	36196	41309	7213	47850	35176	21651	4.1	4.6	2.5	2.8	4.4	1.9
1	20150401	40	7706	5.3	36196	41313	7213	47850	35176	21651	3.9	4.6	2.5	2.8	4.4	1.6
1	20150402	40	7706	5.6	36196	41313	7213	47850	35176	21651	3.9	4.6	2.2	2.8	4.4	1.6
1	20150403	40	7706	5.6	36196	41327	7213	47850	35176	21651	3.9	4.5	2.2	2.8	4.2	1.6
1	20150330	40	7705	5.5	36196	41309	7213	47840	35156	21651	4.1	4.6	2.5	2.8	4.7	2.1
1	20150327	39	7704	5.5	36179	41309	7206	47840	35156	21613	4.1	4.6	2.5	2.6	4.9	2.3
1	20150328	40	7704	5.5	36179	41309	7213	47840	35156	21635	4.1	4.6	2.5	2.6	4.7	2.1
1	20150329	40	7704	5.5	36196	41309	7213	47840	35156	21635	4.1	4.6	2.5	2.6	4.7	2.1
1	20150321	38	7703	5.2	36163	41301	7183	47783	35127	21612	4.4	4.3	2.3	2.5	4.9	2.8
1	20150322	38	7703	5.3	36163	41301	7183	47793	35127	21612	4.4	4.3	2.3	2.5	4.9	2.6
1	20150323	38	7703	5.3	36171	41301	7183	47817	35147	21612	4.4	4.6	2.3	2.5	4.9	2.6
1	20150324	38	7703	5.3	36171	41309	7196	47817	35147	21612	4.4	4.6	2.3	2.5	4.9	2.6
1	20150325	38	7703	5.3	36171	41309	7196	47837	35147	21613	4.1	4.6	2.5	2.5	4.9	2.6
1	20150326	38	7703	5.2	36171	41309	7199	47837	35156	21613	4.1	4.6	2.5	2.6	4.9	2.6
1	20150319	37	7702	5.2	36163	41301	7183	47783	35127	21610	4.2	4.1	2.3	2.5	4.9	2.8
1	20150320	37	7702	5.2	36163	41301	7183	47783	35127	21610	4.3	4.1	2.3	2.5	4.9	2.8
1	20150316	37	7701	5.2	36163	41301	7157	47783	35127	21608	4.2	3.8	2.1	2.4	4.9	3.0
1	20150317	37	7701	5.2	36163	41301	7163	47783	35127	21610	4.2	3.9	2.2	2.4	4.9	3.0
1	20150318	37	7701	5.2	36163	41301	7183	47783	35127	21610	4.2	4.1	2.2	2.4	4.9	2.8
1	20150312	36	7700	5.2	36158	41261	7157	47783	35117	21608	4.2	3.8	2.1	2.0	5.2	3.1
1	20150313	36	7700	5.2	36158	41284	7157	47783	35117	21608	4.2	3.8	2.1	2.1	5.2	3.1
1	20150314	37	7700	5.2	36163	41284	7157	47783	35118	21608	4.2	3.8	2.1	2.1	5.2	3.2
1	20150315	37	7700	5.2	36163	41284	7157	47783	35118	21608	4.2	3.8	2.1	2.1	5.2	3.0
1	20150311	35	7699	5.2	36158	41261	7157	47783	35117	21608	4.2	3.8	2.1	2.0	5.2	3.1
1	20150225	32	7698	4.8	36108	41232	7126	47735	35093	21537	4.7	4.6	1.8	2.3	4.4	2.2
1	20150226	32	7698	4.8	36108	41232	7143	47735	35093	21544	4.8	4.6	1.8	2.3	4.4	2.2
1	20150227	33	7698	4.8	36108	41232	7143	47735	35103	21544	4.8	4.6	1.8	2.3	4.7	2.5
1	20150228	34	7698	4.7	36127	41232	7146	47753	35104	21544	4.8	4.6	1.9	2.3	4.7	2.6
1	20150301	35	7698	4.7	36127	41232	7157	47753	35108	21544	4.8	4.4	1.9	2.1	4.7	2.7
1	20150302	35	7698	4.7	36127	41232	7157	47753	35108	21544	4.7	4.4	1.9	2.1	4.8	2.7
1	20150303	35	7698	4.7	36144	41232	7157	47753	35108	21544	4.7	4.3	1.9	2.1	4.8	2.7
1	20150304	35	7698	4.7	36144	41244	7157	47753	35108	21544	4.6	4.3	2.2	2.1	4.9	2.9
1	20150305	35	7698	4.9	36144	41244	7157	47753	35108	21544	4.6	4.3	2.2	2.1	4.9	2.9
1	20150306	35	7698	4.9	36144	41244	7157	47774	35108	21566	4.6	4.1	2.0	2.1	4.9	2.9
1	20150307	35	7698	5.2	36144	41261	7157	47783	35108	21590	4.8	4.1	2.0	2.1	5.2	3.1
1	20150308	35	7698	5.2	36144	41261	7157	47783	35110	21590	4.8	4.1	2.0	2.0	5.2	3.1
1	20150309	35	7698	5.2	36158	41261	7157	47783	35110	21590	4.8	4.1	2.1	2.0	5.2	3.1
1	20150310	35	7698	5.2	36158	41261	7157	47783	35117	21608	4.5	4.1	2.1	2.0	5.2	3.1
1	20150219	32	7697	4.6	36093	41218	7121	47681	35071	21537	4.8	4.7	1.9	2.3	4.4	1.9
1	20150220	32	7697	4.6	36093	41218	7121	47703	35071	21537	4.7	4.7	1.8	2.3	4.4	1.9
1	20150221	32	7697	4.6	36093	41218	7121	47703	35071	21537	4.7	4.6	2.1	2.3	4.4	1.9
1	20150222	32	7697	4.6	36108	41232	7121	47727	35071	21537	4.7	4.6	1.8	2.3	4.4	1.9
1	20150223	32	7697	4.6	36108	41232	7123	47727	35071	21537	4.7	4.6	1.8	2.3	4.6	1.9
1	20150224	32	7697	4.6	36108	41232	7123	47727	35093	21537	4.7	4.6	1.8	2.3	4.4	2.2
1	20150216	31	7696	4.6	36093	41218	7108	47681	35068	21537	4.6	4.4	2.2	2.3	4.7	1.9
1	20150217	31	7696	4.6	36093	41218	7121	47681	35071	21537	4.6	4.4	1.9	2.3	4.7	1.9
1	20150218	31	7696	4.6	36093	41218	7121	47681	35071	21537	4.6	4.4	1.9	2.3	4.4	1.9
1	20150215	30	7695	4.6	36093	41214	7108	47661	35068	21537	4.6	4.4	1.9	2.3	4.7	1.9
1	20150213	29	7694	4.5	36074	41214	7108	47661	35068	21536	4.8	4.4	1.9	2.1	4.7	1.6
1	20150214	30	7694	4.6	36093	41214	7108	47661	35068	21536	4.6	4.4	1.9	2.3	4.7	1.6
1	20150129	23	7693	4.6	35985	41151	7081	47606	35050	21454	4.9	4.6	1.7	2.0	4.7	1.9
1	20150130	24	7693	4.6	35985	41151	7081	47606	35050	21454	4.9	4.6	1.7	2.0	4.7	1.7
1	20150131	24	7693	4.6	35985	41151	7081	47616	35050	21470	4.9	4.6	1.7	2.0	4.7	1.7
1	20150201	24	7693	4.6	35985	41174	7085	47624	35050	21470	4.9	4.6	1.7	2.0	4.6	1.7
1	20150202	24	7693	4.4	35985	41174	7085	47624	35067	21478	4.9	4.6	1.7	2.0	4.9	1.7
1	20150203	24	7693	4.6	35985	41176	7085	47647	35067	21478	4.9	4.6	1.7	2.0	4.8	1.8
1	20150204	25	7693	4.6	35985	41176	7085	47654	35068	21478	4.9	4.6	1.6	2.0	4.8	1.7
1	20150205	25	7693	4.5	36007	41186	7085	47654	35068	21478	4.9	4.6	1.6	2.0	4.8	1.7
1	20150206	26	7693	4.5	36007	41186	7085	47660	35068	21500	4.9	4.6	1.6	2.0	4.7	1.7
1	20150207	26	7693	4.5	36007	41208	7098	47660	35068	21500	4.9	4.6	1.6	2.0	4.7	1.6
1	20150208	26	7693	4.5	36026	41208	7098	47660	35068	21521	4.6	4.6	1.6	2.0	4.7	1.6
1	20150209	26	7693	4.5	36026	41208	7098	47660	35068	21536	4.6	4.6	1.8	2.0	4.7	1.6
1	20150210	27	7693	4.5	36051	41208	7108	47660	35068	21536	4.6	4.4	1.8	2.0	4.7	1.6
1	20150211	27	7693	4.5	36066	41208	7108	47660	35068	21536	4.6	4.4	2.1	2.1	4.7	1.6
1	20150212	28	7693	4.5	36066	41214	7108	47660	35068	21536	4.8	4.4	1.9	2.1	4.7	1.6
1	20150123	23	7692	4.6	35985	41151	7018	47606	35039	21454	4.9	4.5	2.0	2.0	5.1	1.9
1	20150124	23	7692	4.6	35985	41151	7018	47606	35039	21454	4.9	4.6	1.7	2.0	5.1	1.9
1	20150125	23	7692	4.6	35985	41151	7042	47606	35041	21454	4.9	4.6	1.7	2.0	5.0	1.9
1	20150126	23	7692	4.6	35985	41151	7042	47606	35050	21454	4.9	4.6	1.7	2.0	4.7	1.9
1	20150127	23	7692	4.6	35985	41151	7064	47606	35050	21454	4.9	4.6	1.7	2.0	4.7	1.9
1	20150128	23	7692	4.6	35985	41151	7081	47606	35050	21454	4.9	4.6	1.7	2.0	4.7	1.9
1	20150120	22	7691	4.6	35980	41150	7018	47588	35039	21440	5.2	4.5	1.9	2.1	5.2	1.9
1	20150121	23	7691	4.6	35980	41150	7018	47606	35039	21440	4.9	4.5	1.9	2.1	5.4	1.9
1	20150122	23	7691	4.6	35985	41150	7018	47606	35039	21440	4.9	4.5	2.0	2.1	5.1	1.9
1	20150119	22	7690	4.6	35980	41150	7018	47588	35039	21440	5.2	4.5	1.9	2.1	5.2	2.2
1	20150117	20	7689	4.6	35980	41140	7009	47588	35039	21440	5.2	4.6	2.0	2.1	5.2	2.3
1	20150118	21	7689	4.6	35980	41150	7018	47588	35039	21440	5.2	4.6	2.0	2.1	5.2	2.2
1	20150112	18	7688	4.6	35955	41127	6966	47585	35021	21440	5.1	4.5	2.0	2.0	4.9	2.3
1	20150113	18	7688	4.6	35980	41140	6966	47588	35021	21440	5.1	4.5	2.0	2.0	5.1	2.3
1	20150114	18	7688	4.6	35980	41140	6990	47588	35021	21440	5.1	4.5	2.0	2.0	5.3	2.3
1	20150115	18	7688	4.6	35980	41140	6990	47588	35021	21440	5.1	4.6	2.0	2.1	5.3	2.3
1	20150116	19	7688	4.6	35980	41140	6990	47588	35039	21440	5.2	4.6	2.0	2.1	5.3	2.3
1	20150105	16	7687	4.4	35944	41118	6966	47585	35020	21433	5.1	4.2	2.0	1.3	4.4	2.1
1	20150106	16	7687	4.4	35948	41118	6966	47585	35020	21433	5.1	4.2	2.0	1.2	4.4	2.1
1	20150107	16	7687	4.4	35948	41118	6966	47585	35020	21433	5.1	4.2	2.0	1.5	4.4	2.1
1	20150108	17	7687	4.4	35948	41118	6966	47585	35021	21433	5.3	4.3	2.0	1.5	4.6	2.1
1	20150109	17	7687	4.6	35948	41127	6966	47585	35021	21433	5.3	4.3	2.0	1.5	4.6	2.1
1	20150110	17	7687	4.3	35955	41127	6966	47585	35021	21433	5.2	4.5	2.0	1.5	4.6	2.1
1	20150111	17	7687	4.4	35955	41127	6966	47585	35021	21440	5.2	4.5	2.0	1.7	4.6	2.3
1	20150101	16	7686	4.4	35944	41094	6946	47549	34984	21415	5.1	4.0	1.8	1.1	4.5	2.4
1	20150102	16	7686	4.4	35944	41094	6946	47549	34990	21433	5.1	4.0	2.0	1.1	4.5	2.4
1	20150103	16	7686	4.4	35944	41094	6966	47573	34990	21433	5.1	4.2	2.0	1.3	4.4	2.4
1	20150104	16	7686	4.4	35944	41118	6966	47573	35004	21433	5.1	4.2	2.0	1.3	4.4	2.4
1	20141230	16	7685	4.4	35944	41089	6905	47549	34984	21395	5.1	4.5	1.8	1.2	4.5	2.5
1	20141231	16	7685	4.4	35944	41091	6923	47549	34984	21395	5.1	4.2	1.8	1.2	4.5	2.5
1	20141225	14	7684	4.3	35930	41070	6899	47549	34976	21395	4.6	4.4	2.0	1.0	4.7	2.5
1	20141226	14	7684	4.3	35930	41082	6899	47549	34976	21395	4.8	4.4	2.0	1.0	4.7	2.5
1	20141227	14	7684	4.3	35930	41087	6903	47549	34983	21395	4.8	4.5	1.8	1.1	4.7	2.5
1	20141228	14	7684	4.4	35944	41087	6905	47549	34983	21395	5.1	4.5	1.8	1.2	4.5	2.5
1	20141229	15	7684	4.4	35944	41089	6905	47549	34984	21395	5.1	4.5	1.8	1.2	4.5	2.5
1	20141214	9	7683	4.5	35927	40997	6833	47511	34930	21376	4.6	4.7	2.0	1.0	4.5	2.6
1	20141215	10	7683	4.5	35927	41011	6833	47511	34930	21376	4.6	4.7	1.8	1.0	4.7	2.6
1	20141216	10	7683	4.5	35930	41022	6833	47511	34930	21376	4.6	4.7	1.8	1.0	4.7	2.6
1	20141217	11	7683	4.4	35930	41022	6833	47511	34930	21376	4.6	4.4	1.9	1.0	4.7	2.6
1	20141218	11	7683	4.4	35930	41022	6833	47528	34951	21376	4.6	4.4	1.9	1.0	4.7	2.6
1	20141219	11	7683	4.4	35930	41022	6833	47528	34955	21395	4.6	4.4	1.9	1.0	4.6	2.6
1	20141220	12	7683	4.4	35930	41022	6842	47549	34955	21395	4.6	4.4	1.9	1.0	4.6	2.4
1	20141221	12	7683	4.4	35930	41037	6855	47549	34974	21395	4.6	4.4	1.9	1.0	4.7	2.5
1	20141222	13	7683	4.4	35930	41045	6855	47549	34976	21395	4.6	4.6	1.9	1.0	4.7	2.5
1	20141223	14	7683	4.4	35930	41047	6875	47549	34976	21395	4.6	4.5	1.9	1.0	4.7	2.5
1	20141224	14	7683	4.4	35930	41070	6875	47549	34976	21395	4.6	4.5	2.0	1.0	4.7	2.5
1	20141209	7	7682	4.9	35898	40987	6833	47501	34924	21354	4.5	4.7	2.0	1.0	4.0	2.7
1	20141210	8	7682	4.9	35917	40997	6833	47501	34924	21354	4.5	4.7	2.0	1.0	4.3	2.6
1	20141211	8	7682	4.9	35927	40997	6833	47501	34924	21354	4.5	4.7	2.0	1.0	4.5	2.6
1	20141212	8	7682	4.8	35927	40997	6833	47501	34924	21354	4.5	4.7	2.0	1.0	4.5	2.6
1	20141213	8	7682	4.7	35927	40997	6833	47511	34924	21354	4.5	4.7	2.0	1.0	4.5	2.6
1	20141203	5	7681	4.3	35898	40981	6833	47478	34907	21336	4.5	4.7	2.2	1.4	4.2	3.2
1	20141204	6	7681	4.6	35898	40987	6833	47478	34924	21340	4.5	4.7	2.2	1.4	4.2	3.2
1	20141205	6	7681	4.6	35898	40987	6833	47478	34924	21340	4.5	4.6	2.2	1.4	4.0	3.2
1	20141206	6	7681	4.6	35898	40987	6833	47482	34924	21340	4.5	4.6	2.2	1.1	4.0	3.2
1	20141207	7	7681	4.9	35898	40987	6833	47482	34924	21349	4.5	4.6	2.1	1.1	4.0	2.9
1	20141208	7	7681	4.9	35898	40987	6833	47501	34924	21354	4.5	4.7	2.1	1.0	4.0	2.9
1	20151229	14	269	4.5	18330	451	601	1379	4279	11635	4.5	4.5	4.5	4.5	4.0	4.5
2	20151225	93	4294	3.3	49516	12950	36092	35029	33558	18317	0.9	1.0	1.7	1.8	2.2	3.8
2	20151226	93	4294	3.3	49516	12950	36105	35029	33558	18317	0.9	1.0	1.7	1.8	2.2	3.8
2	20151227	93	4294	3.3	49516	12950	36105	35029	33558	18317	0.9	0.9	1.7	1.8	2.0	3.8
2	20151228	93	4294	3.3	49517	12950	36105	35029	33558	18317	0.8	1.1	1.7	1.8	2.0	3.8
2	20151229	93	4294	3.3	49517	12974	36118	35042	33558	18317	0.8	1.3	1.7	1.8	2.0	3.8
2	20151230	93	4294	3.3	49517	12974	36118	35042	33558	18321	0.8	1.3	1.7	1.8	2.0	3.8
2	20151231	93	4294	3.3	49522	12974	36118	35055	33558	18321	0.8	1.3	1.7	1.8	2.0	3.8
2	20160101	94	4294	3.2	49522	12974	36118	35055	33558	18334	0.8	1.3	1.7	1.8	2.0	3.8
2	20151222	93	4293	3.8	49516	12925	36072	35029	33543	18296	0.8	0.8	1.5	1.8	2.2	4.0
2	20151223	93	4293	3.8	49516	12940	36072	35029	33543	18299	0.8	0.9	1.5	1.8	2.2	3.8
2	20151224	93	4293	3.6	49516	12950	36092	35029	33543	18299	0.8	1.0	1.5	1.8	2.2	3.8
2	20151221	93	4292	3.8	49504	12924	36072	35027	33543	18292	0.5	0.8	1.5	1.8	2.2	4.0
2	20151218	93	4291	4.1	49492	12924	36072	35027	33525	18277	0.7	0.8	1.3	1.6	2.5	4.2
2	20151219	93	4291	4.0	49492	12924	36072	35027	33525	18277	0.7	0.8	1.3	1.6	2.5	4.2
2	20151220	93	4291	4.0	49492	12924	36072	35027	33542	18277	0.5	0.8	1.3	1.8	2.5	4.2
2	20151216	92	4290	4.1	49489	12908	36072	35027	33523	18277	0.7	0.8	1.4	1.6	2.6	4.5
2	20151217	93	4290	4.1	49489	12908	36072	35027	33525	18277	0.7	0.8	1.3	1.6	2.6	4.5
2	20151215	92	4289	4.1	49480	12898	36072	35009	33523	18277	0.7	0.8	1.4	1.6	2.4	4.5
2	20151211	91	4288	4.3	49472	12898	36065	34975	33523	18249	0.9	1.3	1.3	1.4	2.4	4.3
2	20151212	91	4288	4.3	49472	12898	36072	34994	33523	18249	0.9	1.1	1.3	1.3	2.4	4.3
2	20151213	91	4288	4.1	49472	12898	36072	34994	33523	18262	0.9	1.1	1.3	1.3	2.4	4.3
2	20151214	92	4288	4.1	49472	12898	36072	35009	33523	18270	0.9	1.1	1.1	1.4	2.4	4.3
2	20151208	89	4287	4.3	49462	12878	36065	34975	33523	18232	0.9	1.5	1.8	1.7	2.5	4.5
2	20151209	90	4287	4.3	49462	12879	36065	34975	33523	18232	0.9	1.5	1.6	1.4	2.4	4.3
2	20151210	91	4287	4.3	49462	12879	36065	34975	33523	18232	0.9	1.3	1.6	1.4	2.4	4.3
2	20151205	88	4286	4.3	49447	12865	36065	34962	33500	18232	0.9	1.7	2.0	2.1	2.5	4.5
2	20151206	88	4286	4.3	49447	12865	36065	34962	33523	18232	0.9	1.7	2.0	1.9	2.5	4.5
2	20151207	89	4286	4.3	49462	12878	36065	34962	33523	18232	0.9	1.7	1.8	1.9	2.5	4.5
2	20151203	87	4285	4.3	49434	12865	36048	34958	33478	18208	0.9	1.6	2.0	2.1	2.5	4.5
2	20151204	88	4285	4.3	49447	12865	36048	34958	33500	18232	0.9	1.7	2.0	2.1	2.5	4.5
2	20151201	87	4284	4.2	49418	12865	36026	34933	33478	18208	0.6	1.5	2.2	2.1	2.5	4.2
2	20151202	87	4284	4.4	49434	12865	36048	34933	33478	18208	0.6	1.6	2.0	2.1	2.5	4.5
2	20151126	84	4283	4.1	49391	12827	36011	34915	33473	18185	0.7	1.3	2.2	2.1	2.0	4.2
2	20151127	84	4283	4.2	49391	12846	36026	34933	33473	18185	0.7	1.3	2.2	2.1	2.1	4.2
2	20151128	85	4283	4.5	49391	12846	36026	34933	33473	18185	0.6	1.5	2.3	2.1	2.1	4.2
2	20151129	85	4283	4.2	49391	12864	36026	34933	33473	18185	0.6	1.4	2.3	2.1	2.2	4.2
2	20151130	86	4283	4.2	49403	12865	36026	34933	33474	18185	0.6	1.4	2.3	2.1	2.5	4.2
2	20151120	84	4282	4.1	49377	12778	36011	34888	33451	18169	0.7	1.2	1.9	1.9	2.2	3.9
2	20151121	84	4282	4.1	49377	12778	36011	34888	33451	18185	0.7	1.2	1.9	1.9	2.2	3.9
2	20151122	84	4282	4.1	49377	12778	36011	34888	33451	18185	0.7	1.3	1.9	1.9	2.2	3.9
2	20151123	84	4282	4.1	49391	12778	36011	34888	33451	18185	0.7	1.3	1.9	1.9	2.2	3.9
2	20151124	84	4282	4.1	49391	12803	36011	34898	33473	18185	0.7	1.3	2.1	1.9	2.2	3.9
2	20151125	84	4282	4.1	49391	12811	36011	34915	33473	18185	0.7	1.3	2.1	1.9	2.3	4.2
2	20151119	84	4281	4.3	49366	12778	36011	34869	33451	18169	0.7	0.9	1.9	1.9	2.2	3.9
2	20151111	84	4280	4.5	49366	12778	36011	34836	33431	18153	0.7	0.8	1.7	1.6	2.5	3.6
2	20151112	84	4280	4.5	49366	12778	36011	34836	33431	18153	0.7	0.8	1.7	1.6	2.5	3.6
2	20151113	84	4280	4.5	49366	12778	36011	34836	33432	18153	0.7	0.8	1.7	1.6	2.5	3.6
2	20151114	84	4280	4.5	49366	12778	36011	34836	33432	18153	0.6	0.8	1.9	1.6	2.5	3.6
2	20151115	84	4280	4.4	49366	12778	36011	34853	33451	18153	0.6	0.8	1.9	1.6	2.5	3.6
2	20151116	84	4280	4.4	49366	12778	36011	34853	33451	18153	0.6	0.8	1.9	1.9	2.2	3.6
2	20151117	84	4280	4.4	49366	12778	36011	34853	33451	18167	0.6	0.8	1.9	1.9	2.2	3.6
2	20151118	84	4280	4.4	49366	12778	36011	34869	33451	18169	0.7	0.8	1.9	1.9	2.2	3.6
2	20151105	84	4279	4.1	49364	12746	36011	34782	33407	18141	0.9	0.7	1.4	1.5	2.8	3.4
2	20151106	84	4279	4.4	49366	12746	36011	34782	33407	18141	0.9	0.7	1.4	1.5	2.8	3.4
2	20151107	84	4279	4.6	49366	12746	36011	34791	33407	18141	0.9	0.9	1.4	1.5	2.8	3.5
2	20151108	84	4279	4.6	49366	12764	36011	34791	33407	18147	0.7	0.9	1.7	1.6	2.8	3.5
2	20151109	84	4279	4.5	49366	12764	36011	34791	33407	18147	1.0	0.9	1.7	1.6	2.8	3.5
2	20151110	84	4279	4.5	49366	12764	36011	34816	33431	18147	0.7	0.6	1.7	1.6	2.5	3.5
2	20151031	83	4278	4.5	49339	12729	36011	34768	33405	18132	0.6	0.8	1.4	1.5	3.1	3.4
2	20151101	83	4278	4.5	49339	12729	36011	34768	33405	18132	0.6	0.7	1.4	1.5	2.8	3.4
2	20151102	83	4278	4.2	49339	12729	36011	34768	33405	18132	0.9	0.7	1.4	1.5	2.8	3.4
2	20151103	84	4278	4.2	49339	12746	36011	34768	33405	18132	0.9	0.7	1.4	1.5	2.8	3.4
2	20151104	84	4278	4.2	49364	12746	36011	34774	33407	18132	0.9	0.7	1.4	1.5	2.8	3.4
2	20151030	82	4277	4.5	49339	12729	36011	34768	33405	18132	0.6	0.8	1.3	1.5	2.9	3.4
2	20151029	81	4276	4.5	49339	12729	35991	34754	33405	18132	0.6	0.8	1.3	1.5	2.9	3.3
2	20151027	80	4275	4.9	49337	12729	35991	34754	33374	18132	0.6	0.5	1.2	1.2	2.9	3.3
2	20151028	80	4275	4.8	49339	12729	35991	34754	33396	18132	0.6	0.5	1.3	1.2	2.9	3.3
2	20151023	78	4274	4.7	49326	12729	35991	34754	33350	18117	0.6	0.4	1.2	0.9	2.7	3.3
2	20151024	78	4274	4.9	49332	12729	35991	34754	33354	18117	0.6	0.4	1.2	0.9	2.9	3.3
2	20151025	78	4274	4.9	49337	12729	35991	34754	33374	18132	0.6	0.3	1.2	0.9	2.9	3.3
2	20151026	79	4274	4.9	49337	12729	35991	34754	33374	18132	0.6	0.5	1.2	0.9	2.9	3.3
2	20151022	77	4273	4.7	49326	12729	35968	34754	33350	18116	0.6	0.4	1.2	0.9	2.7	3.3
2	20151020	77	4272	4.7	49315	12729	35963	34734	33350	18116	0.6	0.6	1.2	0.9	2.7	3.3
2	20151021	77	4272	4.7	49315	12729	35968	34754	33350	18116	0.6	0.4	1.2	0.9	2.7	3.3
2	20151014	76	4271	4.9	49285	12711	35912	34711	33329	18090	0.5	0.6	1.1	0.8	2.7	3.5
2	20151015	76	4271	4.9	49285	12711	35912	34711	33343	18090	0.5	0.6	1.1	0.8	2.7	3.5
2	20151016	76	4271	4.7	49285	12711	35915	34734	33343	18107	0.5	0.6	1.1	0.8	2.7	3.4
2	20151017	77	4271	4.7	49301	12711	35915	34734	33343	18107	0.5	0.6	1.1	0.9	2.8	3.4
2	20151018	77	4271	4.7	49301	12711	35940	34734	33350	18107	0.6	0.6	1.1	0.9	2.8	3.4
2	20151019	77	4271	4.7	49315	12711	35963	34734	33350	18116	0.6	0.6	1.2	0.9	2.8	3.3
2	20151013	75	4270	4.9	49285	12711	35912	34711	33329	18090	0.5	0.6	1.1	0.8	2.7	3.5
2	20151012	74	4269	4.9	49285	12711	35893	34688	33319	18090	0.3	0.6	1.1	1.1	2.7	3.5
2	20151011	74	4268	4.9	49285	12711	35872	34682	33319	18082	0.3	0.6	1.1	1.1	2.7	3.5
2	20151010	74	4267	4.9	49280	12701	35872	34682	33319	18082	0.2	0.6	1.1	1.1	2.4	3.6
2	20151009	73	4266	4.9	49280	12687	35872	34682	33319	18069	0.3	0.6	1.1	1.1	2.4	3.6
2	20151008	73	4265	4.9	49280	12687	35872	34682	33319	18069	0.3	0.6	1.1	1.1	2.4	3.6
2	20151006	71	4264	4.9	49280	12665	35841	34682	33319	18069	0.5	0.6	1.4	0.8	2.2	3.6
2	20151007	72	4264	4.9	49280	12687	35857	34682	33319	18069	0.3	0.6	1.1	0.8	2.2	3.6
2	20151005	71	4263	4.9	49280	12665	35841	34682	33315	18069	0.5	0.6	1.2	0.8	2.2	3.6
2	20151003	69	4262	4.9	49268	12642	35841	34661	33315	18069	0.8	0.6	1.2	0.8	2.4	3.6
2	20151004	70	4262	4.9	49272	12665	35841	34661	33315	18069	0.5	0.6	1.2	0.8	2.2	3.6
2	20151002	69	4261	4.6	49268	12642	35841	34659	33291	18061	0.8	0.6	1.2	0.8	2.4	3.6
2	20150930	68	4260	4.5	49252	12642	35828	34648	33288	18061	1.0	0.4	1.2	0.7	2.7	3.8
2	20151001	69	4260	4.5	49268	12642	35828	34648	33291	18061	1.0	0.4	1.2	0.9	2.7	3.8
2	20150927	68	4259	4.5	49252	12624	35826	34648	33288	18034	0.7	0.4	0.8	0.7	2.8	3.8
2	20150928	68	4259	4.5	49252	12642	35828	34648	33288	18059	0.7	0.4	0.8	0.7	2.7	3.8
2	20150929	68	4259	4.5	49252	12642	35828	34648	33288	18059	0.7	0.4	1.1	0.7	2.7	3.8
2	20150924	67	4258	4.5	49252	12624	35807	34635	33267	18002	0.7	0.4	0.8	0.7	3.0	3.8
2	20150925	67	4258	4.5	49252	12624	35807	34635	33267	18019	0.7	0.4	0.8	0.7	2.8	3.8
2	20150926	68	4258	4.5	49252	12624	35826	34635	33267	18024	0.7	0.4	0.8	0.7	2.8	3.8
2	20150923	66	4257	4.5	49252	12602	35804	34635	33260	18002	0.7	0.6	0.9	0.7	3.0	3.8
2	20150921	66	4256	4.5	49252	12602	35804	34635	33260	17996	0.7	0.7	0.7	0.7	3.0	3.6
2	20150922	66	4256	4.5	49252	12602	35804	34635	33260	18002	0.9	0.7	0.9	0.7	3.0	3.6
2	20150920	66	4255	4.4	49252	12602	35804	34635	33260	17988	0.7	0.5	0.7	0.5	3.1	3.6
2	20150918	66	4254	4.4	49251	12602	35804	34628	33260	17982	0.7	0.0	0.7	0.5	3.1	3.6
2	20150919	66	4254	4.4	49251	12602	35804	34635	33260	17982	0.6	0.2	0.7	0.5	3.1	3.6
2	20150908	63	4253	3.8	49202	12597	35793	34591	33199	17974	0.8	-0.1	0.5	1.2	3.0	3.4
2	20150909	63	4253	3.9	49202	12597	35793	34591	33221	17974	0.8	-0.1	0.6	1.2	3.0	3.4
2	20150910	63	4253	3.9	49202	12597	35793	34594	33221	17982	0.6	-0.1	0.7	1.2	3.0	3.4
2	20150911	63	4253	3.9	49202	12597	35793	34594	33236	17982	0.6	-0.1	0.7	1.1	3.0	3.4
2	20150912	63	4253	4.0	49202	12597	35793	34609	33236	17982	0.6	-0.1	0.5	0.8	3.0	3.4
2	20150913	63	4253	4.2	49224	12599	35793	34609	33236	17982	0.6	-0.1	0.8	0.8	3.0	3.4
2	20150914	64	4253	4.2	49234	12599	35793	34609	33236	17982	0.6	0.0	0.8	0.8	3.0	3.6
2	20150915	64	4253	4.4	49234	12599	35793	34609	33260	17982	0.6	0.0	0.8	0.8	3.0	3.6
2	20150916	65	4253	4.4	49234	12602	35793	34628	33260	17982	0.7	0.0	0.8	0.8	3.1	3.6
2	20150917	66	4253	4.4	49251	12602	35793	34628	33260	17982	0.7	0.0	0.8	0.5	3.1	3.6
2	20150904	62	4252	3.8	49190	12597	35774	34538	33195	17949	0.8	0.0	0.6	1.2	2.8	3.1
2	20150905	62	4252	3.8	49190	12597	35774	34558	33195	17949	0.8	-0.2	0.5	1.2	3.0	3.1
2	20150906	62	4252	3.8	49190	12597	35793	34572	33199	17949	0.8	-0.2	0.5	1.2	3.0	3.4
2	20150907	63	4252	3.8	49202	12597	35793	34572	33199	17949	0.8	-0.3	0.5	1.2	3.0	3.4
2	20150829	61	4251	3.8	49180	12575	35774	34530	33195	17935	0.9	0.0	0.7	1.4	2.5	3.1
2	20150830	61	4251	3.8	49180	12575	35774	34538	33195	17935	0.9	0.0	0.7	1.2	2.5	3.1
2	20150831	62	4251	3.8	49180	12575	35774	34538	33195	17935	0.9	0.0	0.7	1.2	2.5	3.1
2	20150901	62	4251	3.8	49180	12586	35774	34538	33195	17949	0.9	0.0	0.7	1.2	2.8	3.1
2	20150902	62	4251	3.8	49190	12586	35774	34538	33195	17949	0.9	0.0	0.7	1.2	2.8	3.1
2	20150903	62	4251	3.8	49190	12594	35774	34538	33195	17949	0.8	0.0	0.6	1.2	2.8	3.1
2	20150828	61	4250	3.8	49180	12575	35774	34530	33189	17935	0.9	0.0	0.7	1.5	2.5	3.0
2	20150817	60	4249	3.4	49102	12552	35708	34513	33133	17907	1.2	0.1	0.7	2.0	3.0	2.9
2	20150818	60	4249	3.4	49102	12552	35708	34523	33147	17907	1.1	0.1	0.7	2.0	3.0	2.9
2	20150819	60	4249	3.4	49102	12565	35730	34523	33147	17907	1.1	0.1	0.7	1.9	3.0	2.9
2	20150820	60	4249	3.4	49102	12565	35730	34523	33147	17907	1.1	0.1	0.9	1.8	2.8	2.9
2	20150821	60	4249	3.4	49108	12565	35744	34523	33147	17907	1.1	0.0	0.9	1.8	2.8	2.9
2	20150822	60	4249	3.4	49108	12575	35744	34523	33147	17907	1.1	0.0	0.9	1.6	2.8	2.9
2	20150823	60	4249	3.5	49133	12575	35744	34523	33159	17907	0.9	0.0	0.9	1.8	2.8	2.9
2	20150824	60	4249	3.7	49133	12575	35744	34523	33162	17911	0.9	0.0	0.9	1.6	2.8	2.9
2	20150825	60	4249	3.7	49157	12575	35755	34530	33171	17935	0.9	0.0	0.9	1.6	2.5	2.9
2	20150826	61	4249	3.7	49157	12575	35769	34530	33189	17935	0.9	0.0	0.9	1.6	2.5	3.0
2	20150827	61	4249	3.8	49157	12575	35774	34530	33189	17935	0.9	0.0	0.9	1.6	2.5	3.0
2	20150814	58	4248	3.4	49102	12552	35708	34505	33133	17883	1.2	0.1	0.4	1.6	3.0	2.9
2	20150815	58	4248	3.7	49102	12552	35708	34505	33133	17907	1.2	0.1	0.6	1.9	3.0	2.9
2	20150816	59	4248	3.7	49102	12552	35708	34505	33133	17907	1.2	0.1	0.7	1.9	3.0	2.9
2	20150813	58	4247	3.4	49098	12552	35703	34505	33133	17883	1.2	0.1	0.7	1.8	3.0	2.9
2	20150812	58	4246	3.6	49098	12552	35703	34505	33133	17883	1.2	0.1	0.7	1.8	3.0	2.8
2	20150808	57	4245	3.6	49077	12550	35703	34505	33112	17862	1.2	0.2	0.6	1.7	2.9	2.8
2	20150809	57	4245	3.6	49077	12550	35703	34505	33112	17862	1.2	0.2	0.6	1.7	2.9	2.8
2	20150810	58	4245	3.6	49092	12550	35703	34505	33112	17862	1.2	0.2	0.7	1.7	2.9	2.8
2	20150811	58	4245	3.6	49092	12550	35703	34505	33112	17862	1.2	0.1	0.7	1.8	3.0	2.8
2	20150807	56	4244	3.6	49077	12527	35703	34505	33089	17862	1.2	0.2	0.6	1.7	2.9	2.9
2	20150805	56	4243	3.4	49077	12507	35679	34497	33089	17862	1.3	0.2	0.8	1.7	2.9	2.7
2	20150806	56	4243	3.6	49077	12526	35703	34497	33089	17862	1.3	0.2	0.6	1.7	2.9	2.9
2	20150723	51	4242	3.5	49037	12507	35598	34467	33003	17799	1.7	0.5	0.6	1.7	2.8	2.5
2	20150724	51	4242	3.5	49037	12507	35598	34467	33028	17799	1.7	0.2	0.6	1.7	2.9	2.5
2	20150725	52	4242	3.5	49037	12507	35598	34467	33028	17816	1.8	0.2	0.6	1.7	2.7	2.5
2	20150726	53	4242	3.5	49037	12507	35611	34473	33039	17840	1.8	0.2	0.6	1.6	2.7	2.5
2	20150727	53	4242	3.4	49037	12507	35623	34476	33039	17840	1.6	0.2	0.6	1.5	2.7	2.5
2	20150728	53	4242	3.4	49059	12507	35623	34476	33046	17840	1.6	0.2	0.6	1.7	2.9	2.5
2	20150729	54	4242	3.4	49059	12507	35623	34476	33046	17840	1.6	0.2	0.6	1.7	2.9	2.5
2	20150730	54	4242	3.4	49072	12507	35623	34476	33068	17853	1.6	0.0	0.8	1.7	2.9	2.5
2	20150731	54	4242	3.6	49077	12507	35645	34476	33068	17862	1.6	0.0	0.8	1.7	2.9	2.5
2	20150801	55	4242	3.6	49077	12507	35657	34476	33089	17862	1.3	0.2	0.8	1.7	2.9	2.7
2	20150802	55	4242	3.6	49077	12507	35664	34484	33089	17862	1.3	0.2	0.8	2.0	2.9	2.7
2	20150803	55	4242	3.4	49077	12507	35679	34484	33089	17862	1.3	0.1	0.8	1.7	2.9	2.7
2	20150804	56	4242	3.4	49077	12507	35679	34484	33089	17862	1.3	0.1	0.8	1.7	2.8	2.7
2	20150716	50	4241	3.8	49032	12485	35563	34465	32967	17773	0.9	0.8	0.5	2.0	3.1	2.0
2	20150717	50	4241	3.8	49032	12485	35563	34465	32967	17773	1.2	0.8	0.5	2.0	3.1	2.0
2	20150718	50	4241	3.6	49032	12485	35563	34465	32967	17775	1.4	0.8	0.5	2.0	3.0	2.3
2	20150719	50	4241	3.6	49032	12485	35563	34465	32967	17775	1.4	0.8	0.5	2.1	3.0	2.3
2	20150720	50	4241	3.6	49037	12485	35580	34465	32967	17783	1.4	0.8	0.5	1.9	2.8	2.3
2	20150721	51	4241	3.6	49037	12507	35580	34465	32978	17799	1.4	0.5	0.5	1.9	2.8	2.3
2	20150722	51	4241	3.5	49037	12507	35598	34465	33003	17799	1.4	0.5	0.6	1.9	2.8	2.5
2	20150714	50	4240	3.8	49032	12485	35563	34465	32967	17773	0.9	0.9	0.5	2.0	3.3	2.0
2	20150715	50	4240	3.8	49032	12485	35563	34465	32967	17773	0.9	1.0	0.5	2.0	3.3	2.0
2	20150709	48	4239	3.7	48979	12468	35525	34428	32943	17714	1.1	1.1	0.7	1.7	3.5	2.0
2	20150710	49	4239	3.7	49001	12468	35525	34428	32943	17714	0.9	1.1	0.7	1.6	3.3	2.0
2	20150711	50	4239	3.7	49009	12468	35542	34446	32943	17734	0.9	1.1	0.5	1.7	3.3	2.0
2	20150712	50	4239	3.7	49032	12468	35542	34446	32967	17748	0.9	1.1	0.5	1.7	3.3	2.0
2	20150713	50	4239	3.7	49032	12473	35544	34465	32967	17773	0.9	0.9	0.5	1.9	3.3	2.0
2	20150702	47	4238	3.7	48956	12411	35502	34405	32896	17678	1.1	1.6	0.5	1.6	3.3	2.4
2	20150703	47	4238	3.7	48956	12411	35502	34405	32917	17678	1.1	1.6	0.5	1.6	3.3	2.4
2	20150704	47	4238	3.7	48966	12420	35502	34405	32940	17678	1.1	1.6	0.6	1.7	3.1	2.2
2	20150705	47	4238	3.7	48966	12433	35525	34417	32943	17679	1.1	1.6	0.5	1.7	3.4	2.2
2	20150706	48	4238	3.7	48966	12456	35525	34417	32943	17691	1.1	1.3	0.5	1.7	3.5	2.2
2	20150707	48	4238	3.7	48979	12456	35525	34428	32943	17714	1.1	1.3	0.5	1.7	3.5	2.2
2	20150708	48	4238	3.7	48979	12456	35525	34428	32943	17714	1.1	1.1	0.5	1.7	3.5	2.0
2	20150701	47	4237	3.9	48956	12411	35489	34391	32896	17678	1.1	1.8	0.5	1.6	3.5	2.4
2	20150630	47	4236	3.9	48956	12411	35489	34391	32896	17678	1.1	1.8	0.5	1.6	3.5	2.4
2	20150628	47	4235	3.9	48933	12411	35478	34367	32896	17678	1.1	1.8	0.5	1.6	3.5	2.4
2	20150629	47	4235	3.9	48956	12411	35478	34367	32896	17678	1.1	1.8	0.5	1.6	3.5	2.4
2	20150626	46	4234	3.9	48933	12400	35478	34367	32896	17678	1.1	1.8	0.5	1.4	3.6	2.4
2	20150627	47	4234	3.9	48933	12400	35478	34367	32896	17678	1.1	1.8	0.5	1.6	3.5	2.4
2	20150624	45	4233	4.1	48909	12375	35478	34357	32895	17645	1.1	1.8	0.5	1.4	3.8	2.4
2	20150625	45	4233	3.9	48909	12400	35478	34367	32896	17663	1.1	2.0	0.5	1.4	3.6	2.4
2	20150623	44	4232	4.1	48909	12375	35478	34357	32875	17645	1.1	1.8	0.7	1.4	3.8	2.4
2	20150621	44	4231	3.8	48892	12375	35475	34357	32857	17645	0.9	1.9	0.7	1.4	3.9	2.4
2	20150622	44	4231	3.8	48909	12375	35475	34357	32863	17645	1.1	1.9	1.0	1.4	3.8	2.4
2	20150619	43	4230	3.6	48892	12375	35475	34346	32856	17645	1.1	2.1	0.6	1.4	3.8	2.3
2	20150620	44	4230	3.8	48892	12375	35475	34357	32857	17645	1.1	2.1	0.6	1.4	3.9	2.3
2	20150618	43	4229	3.6	48892	12351	35475	34346	32856	17628	1.1	2.1	0.6	1.4	3.9	2.6
2	20150615	43	4228	3.6	48892	12351	35456	34346	32856	17628	1.1	2.4	0.6	1.9	3.9	2.5
2	20150616	43	4228	3.6	48892	12351	35474	34346	32856	17628	1.1	2.4	0.6	1.7	3.9	2.5
2	20150617	43	4228	3.6	48892	12351	35474	34346	32856	17628	1.1	2.4	0.6	1.7	3.9	2.5
2	20150614	43	4227	3.6	48888	12351	35456	34346	32856	17628	0.9	2.4	0.6	1.9	3.8	2.5
2	20150611	41	4226	3.8	48877	12339	35440	34346	32856	17628	0.7	2.4	0.6	1.9	3.8	2.4
2	20150612	42	4226	3.6	48877	12339	35445	34346	32856	17628	0.7	2.4	0.6	1.9	3.8	2.5
2	20150613	42	4226	3.6	48877	12351	35445	34346	32856	17628	0.9	2.4	0.6	1.9	3.8	2.5
2	20150608	41	4225	3.8	48829	12315	35440	34346	32856	17628	0.7	2.3	0.6	1.9	4.0	2.4
2	20150609	41	4225	3.8	48854	12320	35440	34346	32856	17628	0.7	2.4	0.6	1.9	4.0	2.4
2	20150610	41	4225	3.8	48877	12320	35440	34346	32856	17628	0.7	2.4	0.6	1.9	3.8	2.4
2	20150605	41	4224	3.9	48799	12307	35416	34341	32842	17606	0.8	2.5	0.9	1.8	3.7	2.4
2	20150606	41	4224	3.9	48809	12307	35416	34341	32842	17606	0.7	2.3	0.9	2.0	3.7	2.4
2	20150607	41	4224	3.9	48829	12309	35440	34341	32856	17621	0.7	2.3	0.6	1.9	3.7	2.4
2	20150529	40	4223	3.7	48741	12307	35389	34340	32837	17585	0.8	2.5	0.9	1.8	3.8	2.0
2	20150530	40	4223	3.7	48754	12307	35405	34340	32837	17585	0.8	2.5	0.9	1.8	3.8	1.9
2	20150531	40	4223	3.7	48774	12307	35405	34341	32837	17585	0.8	2.5	0.9	1.8	3.8	2.2
2	20150601	40	4223	3.7	48774	12307	35411	34341	32842	17606	0.8	2.3	0.9	1.8	3.8	2.2
2	20150602	40	4223	3.6	48799	12307	35411	34341	32842	17606	0.8	2.5	0.9	1.8	3.8	2.2
2	20150603	40	4223	3.6	48799	12307	35411	34341	32842	17606	0.8	2.5	0.9	1.8	4.0	2.4
2	20150604	41	4223	3.6	48799	12307	35411	34341	32842	17606	0.8	2.5	0.9	1.8	4.0	2.4
2	20150525	38	4222	3.7	48718	12285	35385	34324	32837	17569	1.0	2.5	1.2	1.8	4.1	2.0
2	20150526	39	4222	3.7	48718	12285	35385	34324	32837	17569	1.0	2.5	1.2	1.8	4.1	2.0
2	20150527	39	4222	3.7	48736	12294	35385	34332	32837	17585	1.0	2.5	1.2	1.8	3.8	2.0
2	20150528	39	4222	3.7	48741	12294	35389	34340	32837	17585	0.8	2.5	1.2	1.8	3.8	2.0
2	20150523	38	4221	3.6	48718	12285	35363	34324	32837	17545	1.0	2.5	1.1	1.8	4.1	2.0
2	20150524	38	4221	3.7	48718	12285	35363	34324	32837	17569	1.0	2.5	1.1	1.8	4.1	2.0
2	20150521	38	4220	3.6	48694	12285	35363	34324	32837	17541	1.0	2.7	1.3	1.7	4.1	2.0
2	20150522	38	4220	3.6	48718	12285	35363	34324	32837	17545	1.0	2.5	1.3	1.8	4.1	2.0
2	20150513	37	4219	4.1	48694	12265	35342	34277	32822	17498	1.2	2.7	1.4	1.8	4.1	1.7
2	20150514	37	4219	4.1	48694	12265	35342	34286	32822	17498	1.2	2.7	1.4	2.0	4.1	1.7
2	20150515	37	4219	4.1	48694	12285	35342	34286	32837	17522	1.2	2.7	1.2	2.0	4.1	1.7
2	20150516	38	4219	4.1	48694	12285	35342	34306	32837	17522	1.2	2.7	1.2	1.8	4.1	1.9
2	20150517	38	4219	3.9	48694	12285	35342	34306	32837	17526	1.2	2.7	1.2	1.8	4.1	1.9
2	20150518	38	4219	4.0	48694	12285	35342	34306	32837	17526	1.2	2.7	1.2	1.8	4.1	1.9
2	20150519	38	4219	3.7	48694	12285	35342	34323	32837	17526	1.2	2.7	1.2	1.8	4.1	1.9
2	20150520	38	4219	3.7	48694	12285	35363	34323	32837	17526	1.2	2.7	1.2	1.8	4.1	1.9
2	20150506	35	4218	4.3	48673	12260	35320	34242	32801	17477	0.7	2.8	1.7	1.6	3.5	1.8
2	20150507	35	4218	4.3	48673	12260	35320	34242	32801	17498	0.7	2.7	1.7	1.6	3.6	1.8
2	20150508	35	4218	4.3	48673	12260	35320	34246	32801	17498	0.7	2.7	1.7	1.8	3.6	1.8
2	20150509	35	4218	4.3	48673	12260	35320	34256	32821	17498	0.7	2.7	1.7	1.8	3.9	1.8
2	20150510	36	4218	4.3	48673	12260	35320	34256	32821	17498	0.7	2.7	1.7	1.8	3.9	1.8
2	20150511	36	4218	4.3	48673	12260	35342	34266	32822	17498	1.0	2.7	1.7	1.8	3.9	1.8
2	20150512	37	4218	4.3	48694	12260	35342	34266	32822	17498	1.2	2.7	1.7	1.8	4.1	1.7
2	20150501	33	4217	4.5	48650	12250	35311	34222	32773	17467	1.0	2.7	1.6	1.4	3.5	2.3
2	20150502	33	4217	4.5	48650	12250	35311	34222	32773	17467	0.7	2.7	1.7	1.4	3.5	2.0
2	20150503	33	4217	4.3	48673	12250	35311	34222	32798	17477	0.7	2.7	1.5	1.4	3.5	2.0
2	20150504	33	4217	4.3	48673	12250	35320	34222	32801	17477	0.7	2.7	1.5	1.4	3.5	2.1
2	20150505	34	4217	4.3	48673	12250	35320	34234	32801	17477	0.7	2.8	1.5	1.4	3.5	2.1
2	20150426	33	4216	4.5	48642	12235	35291	34185	32736	17454	0.7	2.5	1.7	1.6	3.4	2.3
2	20150427	33	4216	4.5	48650	12235	35291	34204	32748	17457	0.7	2.5	1.7	1.6	3.4	2.3
2	20150428	33	4216	4.5	48650	12239	35291	34204	32748	17467	0.7	2.5	1.7	1.4	3.5	2.3
2	20150429	33	4216	4.5	48650	12239	35291	34204	32748	17467	0.9	2.5	1.7	1.4	3.5	2.3
2	20150430	33	4216	4.5	48650	12239	35311	34222	32773	17467	1.0	2.7	1.7	1.4	3.5	2.3
2	20150425	33	4215	4.5	48642	12235	35286	34185	32736	17454	0.7	2.2	1.7	1.6	3.6	2.3
2	20150423	33	4214	4.7	48642	12235	35271	34185	32736	17454	0.7	2.2	1.7	1.6	3.2	2.6
2	20150424	33	4214	4.7	48642	12235	35276	34185	32736	17454	0.7	2.2	1.7	1.6	3.5	2.3
2	20150421	32	4213	4.7	48642	12235	35260	34163	32736	17454	0.7	2.0	1.7	1.6	3.4	2.6
2	20150422	32	4213	4.7	48642	12235	35271	34185	32736	17454	0.7	2.0	1.7	1.6	3.2	2.6
2	20150412	31	4212	4.6	48630	12225	35249	34109	32722	17432	0.8	2.1	1.6	1.6	3.3	3.2
2	20150413	31	4212	4.6	48630	12225	35249	34109	32722	17432	0.8	2.1	1.6	1.6	3.3	3.2
2	20150414	31	4212	4.6	48635	12225	35251	34124	32722	17432	0.8	2.1	1.6	1.6	3.2	2.9
2	20150415	31	4212	4.6	48642	12229	35251	34124	32722	17432	0.8	2.1	1.6	1.6	3.1	2.9
2	20150416	31	4212	4.6	48642	12229	35251	34124	32722	17432	0.7	2.1	1.6	1.6	3.4	2.9
2	20150417	31	4212	4.4	48642	12229	35252	34129	32736	17432	0.7	1.9	1.6	1.6	3.4	2.9
2	20150418	31	4212	4.4	48642	12229	35252	34129	32736	17432	0.7	1.9	1.7	1.6	3.4	2.6
2	20150419	31	4212	4.4	48642	12229	35252	34129	32736	17454	0.7	2.0	1.7	1.6	3.4	2.6
2	20150420	32	4212	4.5	48642	12229	35260	34141	32736	17454	0.7	2.0	1.7	1.6	3.4	2.6
2	20150408	31	4211	4.9	48608	12185	35222	34109	32713	17408	1.0	2.3	1.7	1.4	3.3	3.2
2	20150409	31	4211	4.9	48608	12189	35231	34109	32713	17408	1.0	2.3	1.7	1.4	3.3	3.2
2	20150410	31	4211	4.8	48625	12189	35231	34109	32713	17408	1.0	2.3	1.7	1.4	3.3	3.2
2	20150411	31	4211	4.8	48625	12204	35231	34109	32722	17408	1.0	2.1	1.5	1.6	3.3	3.2
2	20150401	28	4210	4.9	48576	12147	35190	34067	32708	17371	1.0	1.8	1.4	1.5	3.0	3.2
2	20150402	29	4210	4.9	48589	12147	35190	34067	32708	17371	1.0	2.1	1.7	1.5	3.0	3.2
2	20150403	29	4210	4.9	48589	12147	35190	34067	32708	17371	1.0	2.1	1.7	1.5	3.0	3.2
2	20150404	29	4210	4.9	48589	12156	35190	34091	32708	17371	1.0	2.1	1.7	1.5	3.0	3.2
2	20150405	30	4210	4.9	48589	12156	35190	34091	32708	17383	1.0	2.1	1.7	1.5	3.0	3.2
2	20150406	30	4210	4.9	48589	12156	35211	34091	32708	17383	1.0	2.3	1.7	1.4	3.3	3.2
2	20150407	31	4210	4.9	48589	12160	35222	34109	32713	17383	1.0	2.3	1.7	1.4	3.3	3.2
2	20150323	28	4209	4.8	48555	12126	35172	34053	32687	17354	0.6	1.2	1.8	1.6	2.9	3.9
2	20150324	28	4209	4.9	48555	12126	35172	34053	32697	17354	0.6	1.5	1.8	1.6	2.9	3.9
2	20150325	28	4209	4.9	48555	12126	35172	34053	32706	17354	0.6	1.5	1.8	1.6	3.2	3.9
2	20150326	28	4209	4.9	48555	12126	35172	34067	32708	17354	0.8	1.5	1.6	1.6	3.2	3.7
2	20150327	28	4209	4.9	48555	12126	35172	34067	32708	17365	0.8	1.8	1.6	1.6	3.2	3.4
2	20150328	28	4209	4.8	48555	12134	35183	34067	32708	17371	0.8	1.8	1.6	1.6	3.2	3.4
2	20150329	28	4209	4.9	48565	12134	35185	34067	32708	17371	0.8	1.8	1.6	1.6	3.2	3.4
2	20150330	28	4209	4.9	48565	12134	35185	34067	32708	17371	0.8	1.8	1.6	1.6	3.1	3.4
2	20150331	28	4209	4.9	48565	12134	35185	34067	32708	17371	1.0	1.8	1.4	1.6	3.1	3.4
2	20150322	28	4208	4.8	48555	12115	35172	34043	32677	17354	0.6	1.2	1.8	1.9	2.9	3.9
2	20150321	27	4207	4.8	48555	12115	35172	34024	32677	17354	0.6	1.2	1.8	1.7	2.9	3.8
2	20150316	25	4206	5.4	48525	12097	35154	33993	32648	17340	0.6	1.8	1.8	1.5	3.1	3.6
2	20150317	25	4206	5.1	48525	12097	35154	34012	32671	17340	0.6	1.8	1.8	1.7	2.9	3.5
2	20150318	26	4206	4.8	48525	12097	35167	34012	32671	17341	0.6	1.5	1.8	1.7	2.9	3.8
2	20150319	26	4206	4.8	48547	12097	35167	34012	32671	17341	0.6	1.5	1.8	1.7	2.9	3.8
2	20150320	27	4206	4.8	48555	12115	35167	34024	32671	17341	0.6	1.2	1.8	1.7	2.9	3.8
2	20150310	24	4205	5.3	48502	12043	35154	33948	32639	17325	0.7	1.2	1.6	1.7	3.2	4.0
2	20150311	24	4205	5.3	48509	12050	35154	33973	32639	17325	0.7	1.3	1.6	1.5	3.2	4.0
2	20150312	25	4205	5.3	48509	12050	35154	33993	32639	17325	0.5	1.6	1.6	1.5	3.2	4.0
2	20150313	25	4205	5.3	48524	12065	35154	33993	32639	17325	0.5	1.6	1.6	1.5	3.1	3.9
2	20150314	25	4205	5.3	48525	12074	35154	33993	32646	17325	0.6	1.8	1.6	1.5	3.1	3.9
2	20150315	25	4205	5.3	48525	12083	35154	33993	32646	17340	0.6	1.8	1.6	1.5	3.1	3.9
2	20150309	24	4204	5.3	48502	12043	35154	33948	32639	17325	0.7	1.2	1.6	1.7	3.3	3.9
2	20150308	24	4203	5.3	48497	12043	35129	33948	32622	17308	0.7	1.2	1.6	1.7	3.3	3.7
2	20150307	24	4202	5.3	48497	12043	35129	33948	32622	17308	0.9	1.2	1.3	1.7	3.3	3.6
2	20150305	23	4201	5.3	48477	12043	35124	33948	32594	17304	0.8	1.2	1.3	1.5	3.2	3.6
2	20150306	24	4201	5.3	48477	12043	35129	33948	32603	17304	0.9	1.2	1.3	1.4	3.3	3.6
2	20150304	22	4200	5.3	48477	12043	35124	33948	32580	17304	0.8	1.2	1.3	1.3	3.2	3.6
2	20150302	22	4199	5.3	48472	12040	35124	33928	32580	17289	0.5	1.2	1.5	1.3	3.2	3.6
2	20150303	22	4199	5.3	48477	12043	35124	33928	32580	17298	0.8	1.2	1.3	1.3	3.2	3.6
2	20150219	19	4198	5.4	48439	11995	35102	33899	32565	17223	0.6	0.9	1.0	1.5	3.2	3.7
2	20150220	19	4198	5.5	48439	11995	35112	33907	32565	17223	0.7	0.9	1.0	1.2	3.3	3.7
2	20150221	19	4198	5.5	48439	12015	35112	33907	32565	17223	0.7	0.9	1.0	1.2	3.3	3.7
2	20150222	19	4198	5.5	48461	12015	35112	33907	32565	17246	0.7	0.9	1.0	1.2	3.3	3.7
2	20150223	20	4198	5.5	48461	12015	35121	33928	32577	17259	0.7	1.1	0.8	1.2	3.1	3.7
2	20150224	21	4198	5.5	48461	12015	35121	33928	32577	17259	0.7	1.1	1.0	1.2	3.1	3.8
2	20150225	21	4198	5.5	48461	12015	35121	33928	32577	17276	0.7	1.1	1.0	1.5	3.1	3.8
2	20150226	21	4198	5.5	48461	12036	35124	33928	32577	17282	0.7	1.1	1.2	1.5	3.1	3.5
2	20150227	22	4198	5.5	48461	12036	35124	33928	32580	17282	0.5	1.1	1.2	1.5	3.1	3.5
2	20150228	22	4198	5.3	48472	12036	35124	33928	32580	17289	0.5	1.1	1.3	1.5	3.2	3.5
2	20150301	22	4198	5.3	48472	12040	35124	33928	32580	17289	0.5	1.1	1.5	1.3	3.2	3.5
2	20150218	18	4197	5.4	48439	11971	35102	33899	32565	17223	0.6	0.9	0.8	1.6	3.2	3.8
2	20150212	16	4196	5.4	48419	11927	35078	33891	32529	17211	0.6	1.1	0.7	1.3	3.6	3.8
2	20150213	16	4196	5.4	48423	11938	35102	33891	32529	17211	0.6	1.1	0.6	1.3	3.6	3.8
2	20150214	16	4196	5.4	48423	11938	35102	33899	32529	17211	0.6	1.1	0.6	1.3	3.3	3.8
2	20150215	16	4196	5.4	48423	11948	35102	33899	32543	17215	0.6	1.2	0.6	1.3	3.3	3.8
2	20150216	17	4196	5.4	48423	11948	35102	33899	32543	17223	0.6	1.0	0.6	1.3	3.1	3.8
2	20150217	17	4196	5.4	48423	11971	35102	33899	32543	17223	0.6	1.0	0.7	1.3	3.1	3.8
2	20150207	14	4195	5.0	48419	11924	35056	33887	32526	17200	0.4	1.3	0.7	1.3	3.4	3.8
2	20150208	14	4195	5.0	48419	11924	35056	33887	32529	17200	0.4	1.3	0.7	1.3	3.4	3.8
2	20150209	15	4195	5.0	48419	11927	35078	33887	32529	17200	0.5	1.3	0.7	1.3	3.4	3.8
2	20150210	15	4195	5.2	48419	11927	35078	33887	32529	17200	0.5	1.3	0.7	1.3	3.6	3.8
2	20150211	16	4195	5.4	48419	11927	35078	33887	32529	17211	0.5	1.3	0.7	1.3	3.6	3.8
2	20150204	14	4194	5.0	48409	11910	35043	33887	32526	17200	0.2	1.2	0.8	1.3	3.4	3.8
2	20150205	14	4194	5.0	48409	11917	35056	33887	32526	17200	0.2	1.2	0.7	1.3	3.4	3.8
2	20150206	14	4194	5.0	48419	11924	35056	33887	32526	17200	0.3	1.3	0.7	1.3	3.4	3.8
2	20150130	13	4193	4.7	48389	11888	35043	33871	32506	17183	0.1	1.3	0.8	1.3	3.3	3.8
2	20150131	13	4193	4.9	48389	11888	35043	33871	32506	17190	0.1	1.3	0.8	1.3	3.3	3.8
2	20150201	13	4193	4.9	48389	11888	35043	33871	32506	17197	0.1	1.2	0.8	1.3	3.3	3.8
2	20150202	13	4193	5.0	48389	11888	35043	33871	32506	17197	0.1	1.2	0.8	1.6	3.3	3.8
2	20150203	13	4193	5.0	48409	11910	35043	33887	32506	17200	0.1	1.2	0.8	1.6	3.4	3.8
2	20150121	10	4192	4.2	48355	11855	35000	33843	32485	17145	0.3	1.4	0.8	1.2	3.6	3.7
2	20150122	10	4192	4.0	48376	11855	35003	33846	32485	17170	0.3	1.4	0.8	1.2	3.4	3.7
2	20150123	10	4192	4.0	48376	11855	35020	33846	32485	17170	0.3	1.4	0.8	1.2	3.4	3.7
2	20150124	10	4192	4.0	48376	11855	35020	33846	32485	17183	0.3	1.4	0.8	1.2	3.4	3.7
2	20150125	11	4192	4.0	48376	11855	35020	33856	32498	17183	0.3	1.3	0.8	1.1	3.4	3.7
2	20150126	12	4192	4.0	48376	11855	35020	33856	32498	17183	0.4	1.3	0.8	1.1	3.4	3.7
2	20150127	12	4192	4.3	48376	11877	35043	33856	32498	17183	0.1	1.3	0.8	1.1	3.4	3.7
2	20150128	12	4192	4.3	48376	11877	35043	33856	32498	17183	0.1	1.3	0.8	1.1	3.3	3.7
2	20150129	12	4192	4.4	48389	11877	35043	33871	32506	17183	0.1	1.3	0.8	1.3	3.3	3.7
2	20150120	10	4191	4.0	48355	11855	35000	33830	32468	17145	0.3	1.4	0.8	1.2	3.6	3.7
2	20150115	10	4190	3.8	48355	11787	35000	33795	32468	17133	0.3	1.4	0.8	1.3	3.5	3.7
2	20150116	10	4190	3.8	48355	11812	35000	33795	32468	17133	0.3	1.7	0.8	1.4	3.5	3.7
2	20150117	10	4190	3.8	48355	11835	35000	33811	32468	17145	0.3	1.7	0.8	1.4	3.5	3.7
2	20150118	10	4190	3.9	48355	11835	35000	33811	32468	17145	0.3	1.4	0.8	1.2	3.7	3.7
2	20150119	10	4190	3.9	48355	11855	35000	33830	32468	17145	0.3	1.4	0.8	1.2	3.6	3.7
2	20150114	10	4189	3.8	48355	11787	34980	33795	32467	17133	0.3	1.6	0.8	1.3	3.5	3.7
2	20150112	9	4188	3.8	48343	11776	34980	33770	32467	17133	0.3	1.6	0.8	1.4	2.9	3.7
2	20150113	9	4188	3.8	48355	11787	34980	33795	32467	17133	0.3	1.6	0.8	1.4	3.2	3.7
2	20150109	8	4187	4.1	48325	11776	34978	33770	32467	17133	0.4	1.7	0.9	1.4	3.0	3.5
2	20150110	8	4187	4.1	48325	11776	34980	33770	32467	17133	0.5	1.7	0.8	1.4	3.0	3.5
2	20150111	8	4187	3.8	48325	11776	34980	33770	32467	17133	0.5	1.6	0.8	1.4	3.0	3.7
2	20141227	6	4186	4.0	48306	11728	34944	33697	32434	17093	0.7	1.9	1.0	1.5	3.4	4.0
2	20141228	6	4186	4.0	48306	11728	34961	33697	32434	17093	0.4	1.9	1.0	1.5	3.4	4.0
2	20141229	6	4186	4.0	48323	11728	34968	33716	32434	17093	0.4	1.9	1.0	1.5	3.1	4.0
2	20141230	6	4186	4.0	48323	11728	34968	33716	32444	17115	0.4	1.9	1.0	1.5	3.1	3.7
2	20141231	7	4186	4.0	48323	11728	34968	33726	32444	17115	0.4	1.8	1.0	1.5	3.1	3.5
2	20150101	7	4186	4.1	48323	11728	34978	33746	32444	17120	0.4	1.8	1.0	1.5	3.0	3.5
2	20150102	7	4186	4.1	48323	11743	34978	33746	32444	17120	0.4	2.0	1.0	1.2	3.0	3.5
2	20150103	7	4186	4.1	48323	11743	34978	33746	32467	17120	0.4	2.0	1.0	1.2	3.0	3.5
2	20150104	7	4186	4.1	48323	11758	34978	33746	32467	17120	0.4	2.0	1.0	1.2	3.0	3.5
2	20150105	7	4186	4.1	48325	11758	34978	33746	32467	17120	0.4	2.0	1.0	1.2	3.0	3.5
2	20150106	8	4186	4.1	48325	11776	34978	33759	32467	17133	0.4	1.7	1.0	1.2	3.0	3.5
2	20150107	8	4186	4.1	48325	11776	34978	33770	32467	17133	0.4	1.7	0.9	1.2	3.0	3.5
2	20150108	8	4186	4.1	48325	11776	34978	33770	32467	17133	0.4	1.7	0.9	1.3	3.0	3.5
2	20141218	5	4185	4.1	48277	11692	34925	33697	32383	17074	1.1	1.9	1.2	1.6	3.2	4.2
2	20141219	5	4185	4.1	48277	11692	34937	33697	32383	17074	1.1	1.9	1.2	1.6	3.4	4.2
2	20141220	5	4185	4.1	48277	11714	34937	33697	32383	17074	0.9	1.9	1.2	1.6	3.4	4.2
2	20141221	5	4185	4.1	48277	11717	34944	33697	32383	17074	0.9	1.9	1.2	1.6	3.4	4.2
2	20141222	6	4185	4.1	48277	11717	34944	33697	32383	17074	0.9	1.9	1.0	1.6	3.4	4.2
2	20141223	6	4185	3.8	48277	11717	34944	33697	32383	17074	0.7	1.9	1.0	1.6	3.4	4.2
2	20141224	6	4185	4.0	48284	11717	34944	33697	32407	17093	0.7	1.9	1.0	1.6	3.4	4.2
2	20141225	6	4185	4.0	48306	11717	34944	33697	32411	17093	0.7	1.9	1.0	1.4	3.4	4.2
2	20141226	6	4185	4.0	48306	11728	34944	33697	32411	17093	0.7	1.9	1.0	1.5	3.4	4.0
2	20141214	3	4184	4.2	48243	11672	34902	33680	32383	17026	1.3	1.6	1.2	1.4	3.1	4.6
2	20141215	3	4184	4.2	48257	11692	34902	33697	32383	17029	1.1	1.6	1.2	1.4	3.1	4.6
2	20141216	4	4184	4.2	48257	11692	34925	33697	32383	17052	1.1	1.9	1.2	1.6	3.1	4.6
2	20141217	4	4184	4.2	48257	11692	34925	33697	32383	17074	1.1	1.9	1.2	1.6	3.1	4.3
2	20141212	3	4183	4.5	48243	11672	34893	33662	32359	17026	1.3	1.4	1.2	1.4	3.1	4.6
2	20141213	3	4183	4.2	48243	11672	34893	33680	32359	17026	1.3	1.6	1.2	1.4	3.1	4.6
2	20141206	2	4182	4.3	48243	11649	34892	33662	32335	16980	1.5	1.7	1.4	1.5	3.1	4.8
2	20141207	2	4182	4.3	48243	11665	34892	33662	32335	16980	1.6	1.7	1.4	1.5	3.1	4.8
2	20141208	2	4182	4.5	48243	11665	34892	33662	32359	16980	1.6	1.4	1.2	1.4	3.1	4.7
2	20141209	3	4182	4.5	48243	11665	34893	33662	32359	16996	1.3	1.4	1.2	1.2	3.1	4.7
2	20141210	3	4182	4.5	48243	11665	34893	33662	32359	16996	1.3	1.4	1.2	1.2	3.1	4.7
2	20141211	3	4182	4.5	48243	11665	34893	33662	32359	17009	1.3	1.4	1.2	1.2	3.1	4.7
2	20141203	1	4181	4.3	48233	11649	34892	33662	32327	16944	1.5	1.7	1.4	1.6	3.1	4.8
2	20141204	1	4181	4.3	48233	11649	34892	33662	32327	16962	1.5	1.7	1.4	1.4	3.1	4.8
2	20141205	2	4181	4.3	48233	11649	34892	33662	32327	16980	1.5	1.9	1.4	1.5	3.1	4.8
3	20151230	125	4329	-0.9	25482	25052	28012	32079	19947	51039	1.2	2.2	3.9	3.1	0.8	5.1
3	20151231	126	4329	-1.1	25482	25070	28012	32079	19951	51057	1.4	2.2	3.9	3.1	1.0	5.1
3	20160101	126	4329	-1.1	25482	25070	28012	32079	19951	51064	1.4	2.2	3.9	3.1	1.0	5.1
3	20151228	124	4328	-0.9	25482	25052	27993	32059	19927	51039	1.5	2.2	3.9	2.9	0.8	5.3
3	20151229	124	4328	-0.9	25482	25052	27993	32079	19947	51039	1.4	2.2	3.9	3.1	0.8	5.1
3	20151227	123	4327	-0.6	25473	25031	27972	32059	19927	51039	1.4	2.2	3.6	2.9	0.8	5.1
3	20151226	123	4326	-0.4	25473	25031	27972	32059	19927	51025	1.3	2.2	3.6	2.9	0.8	5.1
3	20151220	121	4325	-0.4	25433	25005	27947	32041	19887	51012	0.7	1.9	3.4	2.9	1.1	4.7
3	20151221	121	4325	-0.4	25442	25026	27947	32041	19887	51012	0.9	2.0	3.4	2.9	1.1	4.7
3	20151222	121	4325	-0.4	25452	25026	27947	32041	19912	51012	1.1	2.0	3.4	2.9	1.1	4.9
3	20151223	122	4325	-0.4	25452	25026	27947	32041	19912	51012	1.1	2.0	3.4	2.9	1.1	4.9
3	20151224	123	4325	-0.4	25452	25026	27947	32050	19912	51021	1.1	2.0	3.4	2.9	1.1	4.9
3	20151225	123	4325	-0.4	25473	25027	27972	32050	19912	51021	1.1	2.1	3.4	2.9	0.8	5.1
3	20151208	119	4324	-0.4	25408	24946	27933	32019	19887	50982	0.9	1.8	3.0	3.7	1.4	4.6
3	20151209	119	4324	-0.4	25433	24946	27933	32019	19887	50982	0.9	1.8	3.0	3.7	1.4	4.6
3	20151210	119	4324	-0.4	25433	24954	27933	32019	19887	50982	0.9	1.8	3.3	3.7	1.4	4.6
3	20151211	119	4324	-0.4	25433	24954	27933	32035	19887	51005	0.9	1.8	3.3	3.7	1.4	4.6
3	20151212	119	4324	-0.4	25433	24967	27933	32035	19887	51005	0.9	1.8	3.3	3.7	1.4	4.8
3	20151213	119	4324	-0.3	25433	24967	27933	32035	19887	51005	0.6	1.8	3.2	3.7	1.4	4.8
3	20151214	119	4324	-0.4	25433	24967	27933	32035	19887	51009	0.6	1.8	3.2	3.5	1.4	4.8
3	20151215	119	4324	-0.4	25433	24967	27933	32035	19887	51009	0.6	1.9	3.2	3.3	1.4	5.0
3	20151216	119	4324	-0.4	25433	24990	27947	32035	19887	51009	0.6	1.9	3.2	3.3	1.4	5.0
3	20151217	119	4324	-0.4	25433	25005	27947	32041	19887	51012	0.6	1.9	3.3	3.3	1.4	5.0
3	20151218	119	4324	-0.4	25433	25005	27947	32041	19887	51012	0.6	1.9	3.4	3.1	1.4	5.0
3	20151219	120	4324	-0.4	25433	25005	27947	32041	19887	51012	0.6	1.9	3.4	2.9	1.4	4.7
3	20151206	118	4323	-0.3	25403	24946	27933	32009	19887	50972	0.7	1.8	3.0	3.4	1.1	4.6
3	20151207	118	4323	-0.4	25408	24946	27933	32009	19887	50982	0.7	1.8	3.0	3.7	1.2	4.6
3	20151202	118	4322	-0.2	25364	24921	27933	31985	19859	50958	0.7	1.8	2.8	3.3	1.3	4.3
3	20151203	118	4322	-0.2	25384	24921	27933	31985	19875	50958	0.7	1.8	2.8	3.3	1.3	4.4
3	20151204	118	4322	-0.2	25403	24921	27933	31985	19875	50958	0.7	1.8	3.0	3.3	1.3	4.6
3	20151205	118	4322	-0.2	25403	24921	27933	32009	19875	50958	0.7	1.8	3.0	3.3	1.3	4.6
3	20151129	118	4321	-0.2	25340	24921	27909	31985	19849	50937	1.0	1.8	2.9	3.1	1.3	4.4
3	20151130	118	4321	-0.2	25364	24921	27933	31985	19849	50956	1.0	1.8	2.9	3.4	1.3	4.4
3	20151201	118	4321	-0.2	25364	24921	27933	31985	19849	50958	0.7	1.8	2.9	3.4	1.3	4.3
3	20151128	117	4320	0.0	25340	24921	27909	31985	19849	50935	1.0	1.8	2.9	2.8	1.3	4.4
3	20151116	114	4319	0.3	25296	24881	27866	31914	19833	50897	0.8	1.8	2.5	2.7	1.6	3.9
3	20151117	114	4319	0.3	25303	24881	27875	31914	19833	50897	0.8	1.8	2.5	2.7	1.5	3.9
3	20151118	114	4319	0.2	25321	24881	27875	31914	19833	50908	0.8	1.8	2.5	2.7	1.5	3.9
3	20151119	114	4319	0.1	25321	24901	27875	31919	19833	50908	0.8	1.8	2.5	2.7	1.7	3.9
3	20151120	114	4319	0.0	25321	24901	27875	31919	19833	50908	0.8	1.8	2.6	2.8	1.5	3.9
3	20151121	114	4319	0.0	25321	24901	27875	31939	19833	50908	0.8	1.8	2.6	2.8	1.5	3.9
3	20151122	114	4319	0.0	25321	24901	27875	31939	19833	50908	1.0	1.9	2.6	2.8	1.5	4.2
3	20151123	114	4319	0.0	25321	24914	27875	31939	19833	50908	1.0	1.9	2.6	3.1	1.5	4.2
3	20151124	114	4319	0.0	25340	24914	27875	31939	19833	50908	1.0	1.9	2.6	3.1	1.5	4.2
3	20151125	115	4319	0.0	25340	24914	27899	31962	19833	50908	1.0	2.1	2.6	3.0	1.5	4.4
3	20151126	115	4319	0.0	25340	24914	27909	31962	19833	50931	1.2	1.8	2.6	3.0	1.3	4.4
3	20151127	116	4319	0.0	25340	24921	27909	31962	19833	50931	1.2	1.8	2.6	2.8	1.3	4.4
3	20151115	114	4318	0.3	25296	24881	27866	31900	19822	50897	1.1	1.8	2.5	2.8	1.6	3.9
3	20151114	114	4317	0.3	25296	24858	27866	31899	19822	50897	1.0	1.7	2.5	2.7	1.7	3.9
3	20151111	112	4316	0.2	25271	24858	27866	31899	19809	50877	1.1	1.7	2.5	2.7	2.0	3.8
3	20151112	112	4316	0.2	25271	24858	27866	31899	19809	50897	1.1	1.7	2.5	2.7	2.0	3.9
3	20151113	113	4316	0.2	25274	24858	27866	31899	19809	50897	0.8	1.7	2.5	2.7	1.7	3.9
3	20151104	109	4315	0.3	25249	24833	27804	31873	19780	50877	1.1	1.4	2.2	2.9	1.9	3.4
3	20151105	110	4315	0.3	25249	24833	27804	31898	19805	50877	0.9	1.4	2.4	2.9	2.0	3.4
3	20151106	111	4315	0.3	25255	24833	27804	31898	19805	50877	0.9	1.4	2.6	2.9	2.0	3.4
3	20151107	111	4315	0.5	25255	24833	27804	31898	19805	50877	0.9	1.4	2.6	2.9	2.0	3.3
3	20151108	112	4315	0.2	25271	24855	27828	31898	19805	50877	0.9	1.7	2.6	2.9	2.0	3.3
3	20151109	112	4315	0.2	25271	24858	27845	31898	19805	50877	1.1	1.7	2.6	2.7	2.0	3.6
3	20151110	112	4315	0.2	25271	24858	27866	31898	19809	50877	1.1	1.7	2.5	2.7	2.0	3.6
3	20151021	104	4314	0.7	25186	24774	27790	31835	19770	50820	1.4	1.7	2.6	2.6	1.8	3.7
3	20151022	104	4314	0.7	25186	24774	27790	31841	19772	50820	1.4	1.7	2.6	2.6	1.8	3.6
3	20151023	104	4314	0.7	25186	24774	27790	31841	19772	50820	1.4	1.7	2.6	2.6	1.8	3.6
3	20151024	104	4314	0.5	25202	24774	27790	31841	19772	50820	1.4	1.7	2.3	2.6	1.7	3.6
3	20151025	104	4314	0.5	25202	24774	27790	31841	19772	50820	1.1	1.5	2.3	2.9	1.7	3.6
3	20151026	104	4314	0.5	25219	24774	27790	31841	19772	50820	1.1	1.5	2.3	2.9	1.7	3.6
3	20151027	104	4314	0.5	25219	24792	27790	31841	19772	50826	1.0	1.5	2.3	2.9	1.7	3.6
3	20151028	104	4314	0.5	25219	24797	27803	31850	19772	50849	1.0	1.5	2.3	2.9	1.7	3.6
3	20151029	105	4314	0.5	25219	24797	27803	31853	19772	50849	1.0	1.5	2.4	2.9	1.7	3.6
3	20151030	105	4314	0.5	25242	24797	27803	31853	19780	50850	1.0	1.5	2.4	2.9	1.7	3.6
3	20151031	106	4314	0.5	25242	24797	27803	31853	19780	50869	1.3	1.3	2.4	2.9	1.7	3.4
3	20151101	107	4314	0.3	25242	24797	27803	31853	19780	50874	1.1	1.3	2.4	3.1	1.7	3.4
3	20151102	108	4314	0.3	25242	24821	27803	31853	19780	50877	1.1	1.4	2.4	3.1	1.9	3.4
3	20151103	108	4314	0.3	25249	24821	27804	31873	19780	50877	1.1	1.4	2.4	3.1	1.9	3.4
3	20151020	104	4313	0.7	25186	24774	27790	31835	19770	50820	1.4	1.7	2.6	2.6	2.1	3.8
3	20151014	104	4312	0.8	25163	24769	27765	31813	19753	50777	1.6	1.6	2.6	2.6	2.2	3.7
3	20151015	104	4312	0.8	25163	24769	27765	31835	19770	50799	1.4	1.8	2.5	2.6	2.2	3.9
3	20151016	104	4312	0.8	25175	24769	27765	31835	19770	50818	1.4	1.8	2.5	2.6	2.1	3.9
3	20151017	104	4312	0.8	25186	24769	27790	31835	19770	50818	1.4	1.8	2.5	2.6	2.1	4.1
3	20151018	104	4312	0.8	25186	24772	27790	31835	19770	50818	1.4	1.7	2.5	2.6	2.1	4.1
3	20151019	104	4312	0.7	25186	24772	27790	31835	19770	50818	1.4	1.7	2.6	2.6	2.1	4.0
3	20151007	101	4311	1.0	25161	24741	27745	31797	19710	50775	1.6	1.8	2.9	2.7	2.2	3.7
3	20151008	101	4311	1.0	25161	24741	27749	31803	19710	50777	1.6	1.6	2.8	2.7	2.2	3.7
3	20151009	102	4311	1.0	25163	24741	27749	31803	19735	50777	1.6	1.6	2.8	2.7	2.2	3.7
3	20151010	102	4311	1.0	25163	24748	27749	31803	19735	50777	1.6	1.6	2.8	2.6	2.2	3.7
3	20151011	103	4311	0.8	25163	24769	27749	31803	19735	50777	1.6	1.6	2.8	2.6	2.2	3.7
3	20151012	104	4311	0.8	25163	24769	27752	31803	19735	50777	1.6	1.6	2.7	2.6	2.2	3.7
3	20151013	104	4311	0.8	25163	24769	27752	31803	19735	50777	1.6	1.6	2.7	2.6	2.2	3.7
3	20151006	101	4310	1.0	25161	24741	27745	31797	19710	50758	1.6	2.0	2.9	2.7	2.2	3.7
3	20150929	99	4309	0.5	25136	24739	27705	31771	19685	50758	1.4	1.9	2.8	3.0	1.9	3.5
3	20150930	99	4309	0.5	25136	24741	27705	31784	19685	50758	1.4	2.0	2.9	3.0	1.9	3.5
3	20151001	99	4309	0.5	25136	24741	27705	31784	19685	50758	1.4	2.0	2.9	2.9	1.8	3.5
3	20151002	99	4309	0.8	25136	24741	27729	31784	19685	50758	1.4	2.0	2.9	2.7	1.8	3.5
3	20151003	99	4309	0.8	25136	24741	27729	31784	19691	50758	1.4	2.0	2.9	2.7	2.0	3.5
3	20151004	100	4309	1.0	25161	24741	27729	31784	19691	50758	1.4	2.0	2.9	2.7	2.0	3.5
3	20151005	101	4309	1.0	25161	24741	27745	31797	19710	50758	1.6	2.0	2.9	2.8	2.0	3.7
3	20150927	99	4308	0.7	25136	24724	27701	31771	19676	50758	1.4	2.1	2.8	3.0	2.2	3.2
3	20150928	99	4308	0.7	25136	24724	27701	31771	19676	50758	1.4	1.9	2.8	3.0	1.9	3.5
3	20150926	99	4307	0.8	25136	24724	27701	31759	19676	50758	1.4	2.1	2.8	3.0	2.3	3.2
3	20150925	99	4306	0.8	25115	24724	27701	31759	19676	50758	1.4	2.1	2.8	3.0	2.0	3.0
3	20150924	99	4305	0.8	25115	24717	27701	31759	19676	50741	1.4	2.1	2.8	3.1	2.0	3.0
3	20150919	97	4304	1.0	25112	24708	27659	31741	19676	50741	1.7	2.4	2.8	3.1	1.8	3.0
3	20150920	98	4304	1.0	25112	24717	27676	31741	19676	50741	1.7	2.5	2.8	3.1	1.8	3.0
3	20150921	98	4304	0.8	25115	24717	27676	31741	19676	50741	1.7	2.5	2.8	3.1	1.8	3.0
3	20150922	98	4304	0.8	25115	24717	27676	31759	19676	50741	1.4	2.3	2.8	3.1	2.0	3.0
3	20150923	99	4304	0.8	25115	24717	27676	31759	19676	50741	1.4	2.1	2.8	3.1	2.0	3.0
3	20150909	92	4303	0.9	25055	24694	27620	31697	19622	50709	1.7	2.4	2.6	3.2	1.9	3.0
3	20150910	92	4303	0.9	25055	24694	27620	31715	19632	50709	1.7	2.4	2.6	3.2	1.9	3.0
3	20150911	92	4303	0.8	25055	24694	27620	31715	19640	50709	1.7	2.4	2.4	3.2	1.9	3.0
3	20150912	93	4303	0.8	25067	24708	27637	31716	19640	50709	1.7	2.4	2.4	3.2	1.9	3.0
3	20150913	94	4303	0.8	25089	24708	27637	31716	19640	50709	1.7	2.4	2.4	3.2	1.9	3.0
3	20150914	94	4303	0.8	25089	24708	27654	31716	19640	50709	1.7	2.4	2.4	3.1	1.9	3.0
3	20150915	95	4303	0.8	25089	24708	27659	31716	19640	50718	1.7	2.4	2.4	3.1	1.8	2.8
3	20150916	95	4303	0.8	25089	24708	27659	31716	19640	50718	1.7	2.4	2.7	3.1	1.8	2.8
3	20150917	96	4303	1.0	25089	24708	27659	31741	19663	50718	1.7	2.4	2.7	3.1	1.8	2.8
3	20150918	96	4303	1.0	25089	24708	27659	31741	19663	50718	1.7	2.4	2.8	3.1	1.8	2.8
3	20150829	90	4302	1.2	25055	24690	27550	31645	19594	50653	1.4	2.0	2.6	3.0	1.7	2.8
3	20150830	90	4302	0.9	25055	24690	27550	31645	19594	50653	1.4	1.9	2.6	3.0	1.7	2.8
3	20150831	90	4302	0.9	25055	24690	27550	31645	19611	50653	1.4	2.2	2.8	3.0	1.7	2.6
3	20150901	90	4302	0.9	25055	24690	27550	31645	19611	50667	1.5	2.2	2.8	3.0	1.7	2.6
3	20150902	90	4302	0.9	25055	24690	27560	31652	19611	50667	1.5	2.2	2.8	3.0	1.9	2.7
3	20150903	90	4302	0.6	25055	24690	27560	31652	19611	50667	1.5	2.4	2.7	2.8	1.9	2.7
3	20150904	90	4302	0.6	25055	24690	27560	31664	19611	50667	1.5	2.4	2.7	2.8	1.9	2.7
3	20150905	91	4302	0.8	25055	24690	27570	31671	19611	50667	1.5	2.3	2.7	3.1	1.9	3.0
3	20150906	92	4302	0.7	25055	24690	27583	31684	19611	50677	1.5	2.3	2.6	3.1	1.9	3.0
3	20150907	92	4302	0.9	25055	24694	27596	31684	19611	50685	1.7	2.3	2.6	3.2	1.9	3.0
3	20150908	92	4302	0.9	25055	24694	27620	31684	19611	50685	1.7	2.3	2.6	3.2	1.9	3.0
3	20150827	88	4301	1.2	25053	24690	27535	31623	19594	50653	1.6	1.8	2.6	3.0	1.9	2.8
3	20150828	89	4301	1.2	25055	24690	27535	31645	19594	50653	1.4	2.0	2.6	3.0	1.9	2.8
3	20150826	88	4300	1.2	25053	24674	27518	31623	19594	50653	1.6	1.8	2.6	2.7	1.9	2.8
3	20150824	88	4299	1.2	25053	24653	27499	31616	19582	50615	2.0	1.8	2.6	2.7	1.9	2.9
3	20150825	88	4299	1.2	25053	24653	27518	31623	19592	50633	1.7	1.8	2.6	2.7	1.9	2.8
3	20150813	82	4298	1.2	25010	24623	27454	31597	19577	50557	1.7	1.9	2.9	2.8	2.1	2.7
3	20150814	82	4298	1.2	25020	24635	27454	31597	19577	50557	1.7	1.9	2.9	2.8	1.8	2.7
3	20150815	82	4298	1.2	25020	24635	27454	31597	19577	50557	1.7	1.9	2.7	2.8	1.8	2.9
3	20150816	83	4298	1.2	25020	24635	27454	31612	19577	50557	1.9	1.9	3.0	2.8	1.8	2.9
3	20150817	84	4298	1.2	25030	24635	27454	31612	19577	50581	1.9	1.9	2.8	2.8	1.9	2.9
3	20150818	85	4298	1.2	25030	24635	27454	31612	19577	50581	1.9	1.8	2.6	2.8	1.9	2.9
3	20150819	86	4298	1.2	25030	24635	27454	31612	19577	50604	2.1	1.8	2.6	2.7	1.9	2.9
3	20150820	87	4298	1.2	25030	24635	27454	31612	19577	50615	2.1	1.8	2.6	2.7	1.9	2.9
3	20150821	87	4298	1.2	25053	24635	27467	31612	19582	50615	2.1	1.8	2.8	2.7	1.9	2.9
3	20150822	87	4298	1.2	25053	24653	27490	31612	19582	50615	2.0	1.8	2.8	2.7	1.9	2.9
3	20150823	88	4298	1.2	25053	24653	27499	31612	19582	50615	2.0	1.8	2.6	2.7	1.9	2.9
3	20150812	82	4297	1.2	24998	24623	27454	31577	19566	50554	1.7	1.9	2.9	3.0	2.1	2.7
3	20150808	81	4296	1.2	24998	24623	27422	31558	19556	50526	1.7	2.2	3.4	3.2	2.3	2.8
3	20150809	82	4296	1.2	24998	24623	27422	31558	19561	50526	1.7	2.2	3.2	3.0	2.1	2.8
3	20150810	82	4296	1.0	24998	24623	27432	31565	19561	50540	1.7	2.2	2.9	3.0	2.1	2.9
3	20150811	82	4296	1.0	24998	24623	27432	31577	19566	50554	1.7	1.9	2.9	3.0	2.1	2.7
3	20150802	78	4295	1.0	24998	24615	27422	31532	19556	50526	1.9	2.1	3.4	3.0	2.3	2.8
3	20150803	79	4295	1.0	24998	24615	27422	31532	19556	50526	1.9	2.1	3.4	3.0	2.3	2.8
3	20150804	79	4295	1.0	24998	24623	27422	31533	19556	50526	1.7	2.1	3.4	3.0	2.3	2.8
3	20150805	79	4295	1.0	24998	24623	27422	31533	19556	50526	1.7	2.3	3.4	3.0	2.3	2.8
3	20150806	80	4295	1.2	24998	24623	27422	31533	19556	50526	1.7	2.3	3.4	3.0	2.3	2.8
3	20150807	80	4295	1.2	24998	24623	27422	31558	19556	50526	1.7	2.3	3.4	3.2	2.3	2.8
3	20150730	77	4294	1.0	24973	24574	27422	31512	19517	50526	1.9	2.1	3.3	3.0	2.5	2.8
3	20150731	78	4294	1.0	24983	24592	27422	31512	19533	50526	1.9	2.1	3.4	3.0	2.5	2.8
3	20150801	78	4294	1.0	24983	24592	27422	31532	19544	50526	1.9	2.1	3.4	3.0	2.5	2.8
3	20150726	75	4293	1.1	24973	24574	27422	31506	19507	50526	1.7	2.1	3.4	3.0	2.7	2.8
3	20150727	76	4293	1.3	24973	24574	27422	31506	19512	50526	1.7	2.1	3.4	3.0	2.7	2.8
3	20150728	76	4293	1.3	24973	24574	27422	31506	19512	50526	1.7	2.1	3.4	3.0	2.5	2.8
3	20150729	76	4293	1.0	24973	24574	27422	31512	19517	50526	1.9	2.1	3.3	3.0	2.5	2.8
3	20150717	71	4292	1.2	24941	24530	27399	31484	19481	50492	1.9	2.5	3.3	2.7	2.7	2.4
3	20150718	71	4292	1.1	24941	24549	27399	31484	19481	50492	1.9	2.5	3.3	2.7	2.7	2.4
3	20150719	71	4292	1.1	24941	24555	27399	31484	19495	50492	1.9	2.5	3.3	3.0	3.0	2.4
3	20150720	72	4292	1.1	24941	24555	27399	31484	19495	50507	1.9	2.5	3.5	3.0	3.0	2.5
3	20150721	72	4292	1.1	24955	24555	27412	31484	19501	50507	1.9	2.5	3.5	3.0	3.0	2.5
3	20150722	73	4292	1.1	24955	24555	27412	31484	19501	50526	1.9	2.5	3.5	3.0	3.0	2.5
3	20150723	73	4292	1.1	24970	24574	27412	31484	19507	50526	1.9	2.5	3.5	3.0	3.0	2.5
3	20150724	73	4292	1.1	24972	24574	27420	31484	19507	50526	1.7	2.2	3.4	3.0	3.0	2.5
3	20150725	74	4292	1.1	24973	24574	27422	31484	19507	50526	1.7	2.2	3.4	3.0	3.0	2.8
3	20150714	71	4291	0.8	24941	24530	27395	31484	19460	50483	1.8	2.7	3.3	2.7	2.7	2.4
3	20150715	71	4291	0.8	24941	24530	27395	31484	19460	50483	1.8	2.5	3.3	2.7	2.7	2.4
3	20150716	71	4291	0.9	24941	24530	27399	31484	19481	50492	1.9	2.5	3.3	2.7	2.7	2.4
3	20150711	70	4290	0.8	24921	24511	27377	31435	19454	50468	1.8	2.7	3.3	2.9	2.6	2.4
3	20150712	71	4290	0.8	24921	24511	27377	31445	19456	50468	1.8	2.7	3.3	2.7	2.6	2.4
3	20150713	71	4290	0.8	24941	24530	27377	31467	19460	50483	1.8	2.7	3.3	2.7	2.8	2.4
3	20150702	67	4289	0.9	24904	24509	27374	31435	19449	50437	1.8	2.7	3.2	2.7	2.3	2.4
3	20150703	67	4289	1.0	24904	24509	27374	31435	19449	50437	1.8	2.7	3.2	2.7	2.3	2.4
3	20150704	67	4289	1.0	24904	24509	27374	31435	19449	50437	1.8	2.7	3.2	2.7	2.4	2.4
3	20150705	67	4289	1.0	24904	24509	27374	31435	19449	50437	1.8	2.7	3.4	2.7	2.4	2.4
3	20150706	68	4289	0.8	24905	24509	27374	31435	19454	50437	1.8	3.0	3.4	2.7	2.4	2.4
3	20150707	68	4289	0.8	24905	24509	27374	31435	19454	50462	1.8	2.9	3.3	2.9	2.6	2.4
3	20150708	68	4289	0.8	24915	24509	27377	31435	19454	50462	1.8	2.9	3.3	2.9	2.6	2.4
3	20150709	68	4289	0.8	24915	24511	27377	31435	19454	50468	1.8	2.7	3.3	2.9	2.6	2.4
3	20150710	69	4289	0.8	24915	24511	27377	31435	19454	50468	1.8	2.7	3.3	2.9	2.6	2.4
3	20150628	64	4289	0.9	24885	24487	27363	31435	19418	50415	1.7	2.9	3.2	2.7	2.2	2.2
3	20150629	65	4289	0.9	24904	24488	27363	31435	19418	50415	1.7	2.9	3.2	2.7	2.2	2.2
3	20150630	66	4289	0.9	24904	24509	27363	31435	19440	50415	1.7	2.7	3.2	2.7	2.3	2.2
3	20150701	67	4289	0.9	24904	24509	27363	31435	19440	50415	1.7	2.7	3.2	2.7	2.3	2.2
3	20150627	64	4288	0.9	24875	24487	27345	31435	19418	50415	1.6	2.9	3.2	2.7	2.2	2.2
3	20150626	63	4287	1.0	24875	24487	27345	31435	19418	50415	1.8	2.9	2.9	3.0	2.4	2.2
3	20150625	62	4286	1.0	24857	24487	27345	31435	19418	50415	1.7	2.9	2.9	3.0	2.4	2.2
3	20150622	61	4285	1.3	24835	24487	27343	31435	19415	50415	1.7	2.9	2.9	3.0	2.4	2.2
3	20150623	61	4285	1.3	24836	24487	27343	31435	19415	50415	1.7	2.9	2.9	3.0	2.4	2.2
3	20150624	61	4285	1.0	24836	24487	27343	31435	19415	50415	1.7	2.9	2.9	3.0	2.4	2.2
3	20150620	61	4284	1.3	24835	24468	27343	31426	19415	50401	1.7	2.8	3.1	3.0	2.4	2.3
3	20150621	61	4284	1.3	24835	24487	27343	31426	19415	50401	1.7	2.9	2.9	3.0	2.4	2.3
3	20150613	59	4283	1.1	24818	24442	27302	31403	19360	50401	2.3	3.2	3.3	3.0	2.2	2.1
3	20150614	59	4283	1.1	24835	24442	27302	31403	19360	50401	2.3	2.9	3.3	3.0	2.2	2.1
3	20150615	59	4283	1.1	24835	24449	27326	31403	19360	50401	2.3	2.8	3.1	3.0	2.0	2.3
3	20150616	59	4283	1.1	24835	24463	27326	31417	19360	50401	2.0	2.8	3.1	3.0	2.0	2.3
3	20150617	60	4283	1.1	24835	24463	27343	31417	19385	50401	1.7	2.8	3.1	3.0	2.1	2.4
3	20150618	60	4283	1.1	24835	24463	27343	31417	19401	50401	1.7	2.8	3.1	3.0	2.1	2.4
3	20150619	60	4283	1.1	24835	24468	27343	31426	19401	50401	1.7	2.8	3.1	3.0	2.4	2.4
3	20150612	58	4282	1.1	24818	24442	27302	31384	19360	50381	2.3	3.2	3.0	3.0	2.2	2.1
3	20150609	57	4281	1.1	24818	24434	27295	31341	19318	50381	2.2	2.9	3.1	3.2	2.2	2.2
3	20150610	58	4281	1.1	24818	24436	27295	31365	19338	50381	2.2	2.9	3.3	3.2	2.2	2.2
3	20150611	58	4281	1.1	24818	24436	27302	31365	19360	50381	2.3	2.9	3.0	3.2	2.2	2.2
3	20150608	57	4280	1.1	24818	24434	27295	31341	19318	50374	2.2	2.9	2.9	3.4	2.2	2.2
3	20150606	56	4279	1.1	24818	24434	27295	31331	19295	50350	2.0	3.0	2.9	3.2	2.2	2.2
3	20150607	56	4279	1.1	24818	24434	27295	31341	19295	50356	2.0	2.9	2.9	3.2	2.2	2.2