1	6	20141203	4.3	35898	40981	6833	47478	34907	21336	4.5	4.7	\N	1.4	\N	3.2
1	3	20141204	4.6	35898	40987	6833	47478	34924	21340	4.5	4.7	\N	1.4	4.2	3.2
1	2	20141205	4.6	35898	40987	6833	47478	34924	21340	4.5	4.6	2.2	1.4	4.0	\N
1	3	20141206	4.6	35898	40987	6833	47482	34924	21340	4.5	4.6	2.2	\N	\N	3.2
1	6	20141207	4.9	35898	40987	6833	47482	34924	21349	\N	\N	2.1	1.1	4.0	2.9
1	1	20141208	4.9	35898	40987	6833	47501	34924	21354	\N	4.7	2.1	1.0	4.0	2.9
1	4	20141209	4.9	35898	40987	6833	47501	34924	21354	4.5	4.7	2.0	1.0	4.0	\N
1	1	20141210	4.9	35917	40997	6833	47501	34924	21354	4.5	4.7	\N	\N	4.3	2.6
1	5	20141211	4.9	35927	40997	6833	47501	34924	21354	4.5	4.7	2.0	1.0	\N	\N
1	1	20141212	4.8	35927	40997	6833	47501	34924	21354	\N	4.7	\N	1.0	4.5	\N
1	5	20141213	4.7	35927	40997	6833	47511	34924	21354	4.5	4.7	2.0	1.0	4.5	\N
1	4	20141214	4.5	35927	40997	6833	47511	34930	21376	4.6	4.7	2.0	1.0	4.5	\N
1	6	20141215	4.5	35927	41011	6833	47511	34930	21376	4.6	\N	\N	1.0	4.7	2.6
1	3	20141216	4.5	35930	41022	6833	47511	34930	21376	4.6	4.7	1.8	1.0	4.7	2.6
1	1	20141217	4.4	35930	41022	6833	47511	34930	21376	4.6	4.4	1.9	1.0	4.7	\N
1	3	20141218	4.4	35930	41022	6833	47528	34951	21376	\N	4.4	1.9	1.0	4.7	\N
1	1	20141219	4.4	35930	41022	6833	47528	34955	21395	\N	4.4	1.9	\N	4.6	2.6
1	1	20141220	4.4	35930	41022	6842	47549	34955	21395	4.6	4.4	1.9	\N	4.6	2.4
1	2	20141221	4.4	35930	41037	6855	47549	34974	21395	4.6	4.4	1.9	1.0	4.7	2.5
1	3	20141222	4.4	35930	41045	6855	47549	34976	21395	4.6	4.6	\N	1.0	4.7	\N
1	5	20141223	4.4	35930	41047	6875	47549	34976	21395	4.6	\N	\N	1.0	4.7	2.5
1	1	20141224	4.4	35930	41070	6875	47549	34976	21395	4.6	4.5	2.0	1.0	4.7	\N
1	3	20141225	4.3	35930	41070	6899	47549	34976	21395	4.6	4.4	2.0	1.0	4.7	\N
1	2	20141226	4.3	35930	41082	6899	47549	34976	21395	4.8	4.4	2.0	1.0	4.7	\N
1	5	20141227	4.3	35930	41087	6903	47549	34983	21395	4.8	4.5	1.8	1.1	4.7	\N
1	3	20141228	4.4	35944	41087	6905	47549	34983	21395	5.1	4.5	1.8	\N	4.5	\N
1	3	20141229	4.4	35944	41089	6905	47549	34984	21395	\N	4.5	1.8	1.2	4.5	2.5
1	2	20141230	4.4	35944	41089	6905	47549	34984	21395	5.1	\N	1.8	1.2	4.5	\N
1	3	20141231	4.4	35944	41091	6923	47549	34984	21395	5.1	4.2	1.8	1.2	\N	\N
1	2	20150101	4.4	35944	41094	6946	47549	34984	21415	\N	\N	1.8	1.1	4.5	2.4
1	4	20150102	4.4	35944	41094	6946	47549	34990	21433	5.1	\N	2.0	1.1	4.5	2.4
1	5	20150103	4.4	35944	41094	6966	47573	34990	21433	5.1	4.2	2.0	1.3	\N	2.4
1	1	20150104	4.4	35944	41118	6966	47573	35004	21433	5.1	4.2	2.0	\N	4.4	2.4
1	3	20150105	4.4	35944	41118	6966	47585	35020	21433	\N	\N	2.0	1.3	4.4	2.1
1	3	20150106	4.4	35948	41118	6966	47585	35020	21433	5.1	4.2	\N	1.2	4.4	2.1
1	6	20150107	4.4	35948	41118	6966	47585	35020	21433	5.1	4.2	\N	\N	4.4	2.1
1	1	20150108	4.4	35948	41118	6966	47585	35021	21433	5.3	\N	2.0	1.5	4.6	2.1
1	2	20150109	4.6	35948	41127	6966	47585	35021	21433	\N	4.3	2.0	1.5	4.6	2.1
1	6	20150110	4.3	35955	41127	6966	47585	35021	21433	5.2	\N	2.0	1.5	4.6	2.1
1	1	20150111	4.4	35955	41127	6966	47585	35021	21440	5.2	\N	\N	\N	4.6	2.3
1	4	20150112	4.6	35955	41127	6966	47585	35021	21440	5.1	4.5	2.0	2.0	4.9	2.3
1	4	20150113	4.6	35980	41140	6966	47588	35021	21440	5.1	4.5	2.0	2.0	5.1	2.3
1	3	20150114	4.6	35980	41140	6990	47588	35021	21440	5.1	4.5	\N	2.0	5.3	2.3
1	3	20150115	4.6	35980	41140	6990	47588	35021	21440	5.1	4.6	2.0	\N	5.3	2.3
1	2	20150116	4.6	35980	41140	6990	47588	35039	21440	\N	4.6	2.0	2.1	5.3	2.3
1	4	20150117	4.6	35980	41140	7009	47588	35039	21440	5.2	4.6	\N	2.1	5.2	2.3
1	5	20150118	4.6	35980	41150	7018	47588	35039	21440	5.2	4.6	2.0	2.1	\N	2.2
1	4	20150119	4.6	35980	41150	7018	47588	35039	21440	5.2	4.5	\N	2.1	5.2	2.2
1	2	20150120	4.6	35980	41150	7018	47588	35039	21440	5.2	4.5	1.9	2.1	5.2	1.9
1	2	20150121	4.6	35980	41150	7018	47606	35039	21440	4.9	\N	1.9	2.1	5.4	1.9
1	6	20150122	4.6	35985	41150	7018	47606	35039	21440	4.9	4.5	2.0	2.1	\N	1.9
1	5	20150123	4.6	35985	41151	7018	47606	35039	21454	4.9	4.5	2.0	2.0	5.1	\N
1	2	20150124	4.6	35985	41151	7018	47606	35039	21454	\N	4.6	1.7	\N	5.1	1.9
1	5	20150125	4.6	35985	41151	7042	47606	35041	21454	4.9	4.6	\N	\N	5.0	\N
1	2	20150126	4.6	35985	41151	7042	47606	35050	21454	\N	4.6	1.7	2.0	4.7	1.9
1	6	20150127	4.6	35985	41151	7064	47606	35050	21454	\N	\N	\N	2.0	\N	\N
1	4	20150128	4.6	35985	41151	7081	47606	35050	21454	4.9	4.6	1.7	2.0	4.7	1.9
1	4	20150129	4.6	35985	41151	7081	47606	35050	21454	4.9	4.6	\N	\N	\N	1.9
1	4	20150130	4.6	35985	41151	7081	47606	35050	21454	\N	4.6	1.7	2.0	4.7	1.7
1	1	20150131	4.6	35985	41151	7081	47616	35050	21470	\N	4.6	1.7	2.0	4.7	\N
1	1	20150201	4.6	35985	41174	7085	47624	35050	21470	4.9	4.6	1.7	\N	4.6	1.7
1	1	20150202	4.4	35985	41174	7085	47624	35067	21478	4.9	\N	1.7	2.0	4.9	\N
1	2	20150203	4.6	35985	41176	7085	47647	35067	21478	\N	4.6	1.7	\N	\N	\N
1	6	20150204	4.6	35985	41176	7085	47654	35068	21478	4.9	4.6	\N	2.0	\N	1.7
1	1	20150205	4.5	36007	41186	7085	47654	35068	21478	4.9	4.6	1.6	2.0	\N	\N
1	2	20150206	4.5	36007	41186	7085	47660	35068	21500	4.9	\N	\N	\N	4.7	1.7
1	2	20150207	4.5	36007	41208	7098	47660	35068	21500	4.9	4.6	\N	2.0	4.7	1.6
1	2	20150208	4.5	36026	41208	7098	47660	35068	21521	4.6	4.6	1.6	2.0	4.7	1.6
1	1	20150209	4.5	36026	41208	7098	47660	35068	21536	\N	4.6	1.8	2.0	4.7	1.6
1	3	20150210	4.5	36051	41208	7108	47660	35068	21536	4.6	4.4	\N	2.0	4.7	1.6
1	6	20150211	4.5	36066	41208	7108	47660	35068	21536	4.6	4.4	\N	\N	\N	1.6
1	2	20150212	4.5	36066	41214	7108	47660	35068	21536	4.8	4.4	\N	2.1	\N	1.6
1	3	20150213	4.5	36074	41214	7108	47661	35068	21536	4.8	4.4	1.9	\N	\N	1.6
1	6	20150214	4.6	36093	41214	7108	47661	35068	21536	4.6	4.4	1.9	2.3	4.7	1.6
1	4	20150215	4.6	36093	41214	7108	47661	35068	21537	4.6	4.4	\N	2.3	\N	1.9
1	1	20150216	4.6	36093	41218	7108	47681	35068	21537	4.6	4.4	2.2	2.3	4.7	1.9
1	6	20150217	4.6	36093	41218	7121	47681	35071	21537	4.6	\N	1.9	\N	4.7	1.9
1	2	20150218	4.6	36093	41218	7121	47681	35071	21537	4.6	4.4	\N	\N	\N	1.9
1	4	20150219	4.6	36093	41218	7121	47681	35071	21537	4.8	4.7	1.9	2.3	\N	1.9
1	2	20150220	4.6	36093	41218	7121	47703	35071	21537	4.7	4.7	1.8	2.3	4.4	1.9
1	2	20150221	4.6	36093	41218	7121	47703	35071	21537	\N	4.6	\N	\N	4.4	1.9
1	5	20150222	4.6	36108	41232	7121	47727	35071	21537	4.7	4.6	1.8	\N	4.4	1.9
1	6	20150223	4.6	36108	41232	7123	47727	35071	21537	\N	\N	1.8	2.3	4.6	1.9
1	2	20150224	4.6	36108	41232	7123	47727	35093	21537	\N	\N	1.8	2.3	4.4	\N
1	2	20150225	4.8	36108	41232	7126	47735	35093	21537	\N	4.6	1.8	2.3	4.4	2.2
1	3	20150226	4.8	36108	41232	7143	47735	35093	21544	4.8	4.6	1.8	2.3	4.4	\N
1	5	20150227	4.8	36108	41232	7143	47735	35103	21544	4.8	4.6	\N	\N	4.7	\N
1	6	20150228	4.7	36127	41232	7146	47753	35104	21544	4.8	4.6	1.9	2.3	\N	2.6
1	3	20150301	4.7	36127	41232	7157	47753	35108	21544	4.8	\N	\N	2.1	\N	2.7
1	6	20150302	4.7	36127	41232	7157	47753	35108	21544	4.7	4.4	1.9	2.1	4.8	2.7
1	5	20150303	4.7	36144	41232	7157	47753	35108	21544	4.7	4.3	1.9	2.1	\N	2.7
1	5	20150304	4.7	36144	41244	7157	47753	35108	21544	\N	4.3	2.2	2.1	\N	\N
1	6	20150305	4.9	36144	41244	7157	47753	35108	21544	\N	4.3	\N	2.1	4.9	\N
1	3	20150306	4.9	36144	41244	7157	47774	35108	21566	4.6	4.1	\N	2.1	4.9	\N
1	2	20150307	5.2	36144	41261	7157	47783	35108	21590	\N	\N	2.0	2.1	5.2	3.1
1	4	20150308	5.2	36144	41261	7157	47783	35110	21590	4.8	4.1	\N	2.0	5.2	3.1
1	3	20150309	5.2	36158	41261	7157	47783	35110	21590	4.8	4.1	\N	2.0	\N	3.1
1	6	20150310	5.2	36158	41261	7157	47783	35117	21608	4.5	4.1	2.1	2.0	5.2	\N
1	1	20150311	5.2	36158	41261	7157	47783	35117	21608	4.2	\N	2.1	2.0	5.2	3.1
1	3	20150312	5.2	36158	41261	7157	47783	35117	21608	\N	3.8	\N	\N	\N	3.1
1	1	20150313	5.2	36158	41284	7157	47783	35117	21608	4.2	3.8	2.1	2.1	5.2	3.1
1	5	20150314	5.2	36163	41284	7157	47783	35118	21608	4.2	3.8	2.1	2.1	5.2	3.2
1	2	20150315	5.2	36163	41284	7157	47783	35118	21608	4.2	3.8	2.1	2.1	\N	3.0
1	2	20150316	5.2	36163	41301	7157	47783	35127	21608	4.2	3.8	2.1	2.4	4.9	3.0
1	6	20150317	5.2	36163	41301	7163	47783	35127	21610	4.2	\N	2.2	2.4	\N	\N
1	4	20150318	5.2	36163	41301	7183	47783	35127	21610	4.2	4.1	\N	2.4	\N	\N
1	5	20150319	5.2	36163	41301	7183	47783	35127	21610	4.2	\N	\N	2.5	\N	\N
1	2	20150320	5.2	36163	41301	7183	47783	35127	21610	\N	4.1	\N	2.5	4.9	\N
1	2	20150321	5.2	36163	41301	7183	47783	35127	21612	\N	4.3	2.3	2.5	4.9	2.8
1	4	20150322	5.3	36163	41301	7183	47793	35127	21612	4.4	4.3	\N	2.5	4.9	2.6
1	4	20150323	5.3	36171	41301	7183	47817	35147	21612	4.4	4.6	\N	\N	4.9	2.6
1	6	20150324	5.3	36171	41309	7196	47817	35147	21612	4.4	4.6	2.3	2.5	4.9	2.6
1	4	20150325	5.3	36171	41309	7196	47837	35147	21613	\N	4.6	\N	2.5	4.9	\N
1	4	20150326	5.2	36171	41309	7199	47837	35156	21613	4.1	4.6	\N	2.6	\N	\N
1	6	20150327	5.5	36179	41309	7206	47840	35156	21613	4.1	\N	2.5	\N	\N	\N
1	1	20150328	5.5	36179	41309	7213	47840	35156	21635	4.1	4.6	2.5	2.6	4.7	\N
1	2	20150329	5.5	36196	41309	7213	47840	35156	21635	4.1	4.6	2.5	2.6	4.7	\N
1	6	20150330	5.5	36196	41309	7213	47840	35156	21651	\N	4.6	2.5	2.8	4.7	\N
1	6	20150331	5.3	36196	41309	7213	47850	35176	21651	\N	4.6	2.5	2.8	4.4	1.9
1	1	20150401	5.3	36196	41313	7213	47850	35176	21651	\N	\N	2.5	2.8	4.4	\N
1	1	20150402	5.6	36196	41313	7213	47850	35176	21651	\N	\N	2.2	2.8	4.4	\N
1	5	20150403	5.6	36196	41327	7213	47850	35176	21651	3.9	4.5	2.2	2.8	\N	1.6
1	2	20150404	5.6	36196	41327	7217	47871	35181	21651	\N	4.5	2.2	2.8	4.3	1.6
1	1	20150405	5.6	36196	41327	7217	47879	35181	21651	\N	4.5	2.2	2.8	\N	\N
1	1	20150406	5.6	36196	41327	7217	47897	35195	21651	3.8	4.6	\N	2.8	4.3	1.6
1	6	20150407	5.6	36196	41327	7227	47901	35195	21651	3.7	4.6	2.4	2.8	4.3	\N
1	1	20150408	5.6	36196	41345	7238	47901	35195	21651	\N	4.6	\N	\N	4.4	1.6
1	4	20150409	5.9	36196	41345	7247	47901	35195	21651	3.7	\N	\N	\N	4.4	1.6
1	5	20150410	5.9	36196	41345	7254	47901	35195	21651	\N	\N	\N	2.8	4.4	1.6
1	4	20150411	5.9	36196	41345	7268	47901	35212	21651	3.7	4.6	\N	2.8	4.4	1.6
1	4	20150412	5.9	36196	41345	7270	47901	35212	21652	3.7	4.8	2.3	\N	4.6	\N
1	5	20150413	6.1	36196	41345	7270	47901	35212	21668	\N	4.8	2.3	2.5	4.9	\N
1	5	20150414	6.1	36207	41345	7270	47901	35212	21668	3.8	4.8	2.3	2.5	4.9	1.6
1	4	20150415	6.1	36207	41345	7270	47901	35226	21668	3.8	\N	2.5	2.5	5.1	1.6
1	2	20150416	6.3	36207	41352	7270	47901	35226	21668	3.8	\N	2.5	2.5	5.1	1.6
1	6	20150417	6.3	36215	41352	7270	47901	35233	21681	4.0	\N	2.5	2.5	\N	\N
1	4	20150418	6.1	36215	41352	7279	47901	35233	21688	4.2	4.8	\N	2.6	\N	1.3
1	5	20150419	6.1	36215	41352	7286	47926	35251	21706	4.5	4.8	2.5	2.6	5.1	\N
1	5	20150420	6.1	36215	41352	7286	47926	35251	21715	4.5	4.8	2.5	2.6	\N	1.3
1	4	20150421	6.1	36215	41352	7303	47928	35251	21715	\N	\N	2.5	2.6	4.9	1.3
1	6	20150422	6.1	36215	41352	7303	47928	35251	21715	4.5	4.9	2.8	2.6	5.0	1.3
1	6	20150423	6.1	36215	41352	7303	47928	35268	21715	4.5	4.9	2.8	2.6	5.0	\N
1	4	20150424	6.1	36215	41352	7303	47928	35268	21724	\N	4.9	2.8	\N	5.0	\N
1	4	20150425	6.1	36215	41352	7303	47931	35268	21742	4.4	4.9	2.8	2.6	5.0	\N
1	5	20150426	6.0	36215	41352	7303	47953	35268	21752	4.4	\N	\N	2.6	5.0	\N
1	1	20150427	6.0	36215	41355	7303	47953	35268	21752	\N	4.9	2.8	2.8	5.0	\N
1	3	20150428	5.8	36215	41355	7304	47953	35280	21768	\N	4.9	2.8	\N	4.9	1.8
1	2	20150429	5.8	36215	41355	7312	47953	35280	21768	4.5	4.6	2.8	2.8	\N	1.8
1	6	20150430	5.8	36215	41368	7312	47953	35291	21768	4.5	4.6	\N	2.5	4.6	1.9
1	1	20150501	5.8	36215	41368	7312	47953	35291	21768	4.5	4.6	2.8	2.5	4.6	1.9
1	1	20150502	5.8	36234	41368	7312	47954	35291	21786	4.5	4.6	2.8	2.5	4.6	\N
1	5	20150503	5.8	36234	41368	7316	47954	35309	21786	4.5	\N	2.8	2.5	4.6	1.9
1	2	20150504	6.0	36234	41368	7316	47954	35309	21786	4.5	4.4	\N	\N	4.6	1.9
1	1	20150505	6.0	36239	41368	7316	47954	35309	21802	4.7	4.4	\N	\N	\N	\N
1	2	20150506	6.0	36263	41368	7316	47954	35309	21802	\N	4.2	2.8	2.3	4.6	\N
1	3	20150507	6.0	36263	41368	7318	47954	35309	21802	4.7	\N	2.8	2.3	4.3	1.9
1	6	20150508	6.0	36263	41368	7318	47954	35333	21820	\N	4.4	2.8	2.3	\N	1.7
1	6	20150509	6.0	36279	41389	7318	47954	35333	21820	4.7	4.4	2.8	2.3	4.3	1.8
1	6	20150510	6.0	36290	41389	7318	47954	35333	21820	4.7	\N	\N	2.5	4.3	1.8
1	5	20150511	6.0	36290	41389	7318	47954	35333	21820	4.7	\N	3.0	2.5	\N	\N
1	3	20150512	6.0	36290	41393	7318	47954	35333	21828	4.7	4.6	3.0	2.5	\N	\N
1	3	20150513	6.1	36290	41393	7318	47954	35335	21828	4.7	\N	3.0	\N	4.4	2.1
1	6	20150514	6.1	36300	41393	7318	47954	35335	21828	4.7	4.6	\N	2.6	4.4	2.0
1	1	20150515	6.1	36300	41404	7318	47972	35335	21828	\N	4.6	3.2	2.6	\N	2.0
1	3	20150516	6.3	36300	41404	7318	47995	35335	21828	4.7	4.6	3.2	2.6	4.4	2.3
1	3	20150517	6.3	36304	41404	7331	47995	35335	21828	4.7	4.6	3.2	2.6	4.3	2.3
1	3	20150518	6.3	36304	41404	7331	47995	35344	21834	\N	4.6	3.2	2.3	4.3	\N
1	2	20150519	6.6	36304	41404	7339	47995	35354	21853	4.6	4.6	\N	2.0	4.3	2.5
1	5	20150520	6.8	36304	41418	7339	47995	35354	21877	4.6	\N	3.2	\N	4.5	2.3
1	4	20150521	6.9	36321	41418	7339	48008	35354	21877	4.6	4.8	3.0	2.0	4.6	2.3
1	3	20150522	6.9	36321	41434	7339	48008	35354	21896	4.6	4.8	3.0	2.0	4.4	2.3
1	4	20150523	7.0	36321	41434	7362	48008	35354	21905	\N	4.8	3.0	2.0	4.4	\N
1	2	20150524	7.0	36321	41434	7362	48008	35354	21926	4.3	\N	\N	\N	4.4	2.3
1	4	20150525	7.0	36321	41434	7362	48008	35354	21937	4.3	\N	3.1	2.0	4.4	2.3
1	1	20150526	7.0	36321	41434	7362	48008	35354	21937	\N	4.8	3.1	2.0	4.4	2.3
1	3	20150527	7.0	36321	41434	7362	48008	35354	21937	4.3	4.8	3.1	2.0	4.4	\N
1	1	20150528	6.7	36321	41434	7362	48008	35356	21937	4.3	5.1	3.1	1.7	4.4	\N
1	5	20150529	6.7	36321	41434	7362	48008	35356	21937	4.3	5.3	\N	1.7	\N	2.3
1	3	20150530	6.7	36321	41434	7362	48008	35374	21937	4.3	5.3	3.0	1.7	4.4	\N
1	1	20150531	6.7	36321	41434	7362	48027	35374	21937	4.3	\N	\N	1.7	\N	\N
1	6	20150601	6.7	36343	41434	7362	48027	35374	21937	4.3	5.3	3.0	1.7	4.4	2.2
1	6	20150602	6.7	36343	41434	7386	48035	35374	21937	4.3	\N	\N	1.7	4.4	2.3
1	4	20150603	6.5	36343	41434	7400	48035	35374	21937	4.3	5.3	\N	1.7	4.4	\N
1	1	20150604	6.5	36351	41434	7400	48035	35374	21937	4.3	5.3	2.8	\N	4.4	2.3
1	6	20150605	6.5	36352	41451	7400	48035	35374	21937	4.1	\N	2.8	1.7	4.4	2.3
1	5	20150606	6.5	36352	41451	7418	48035	35379	21937	4.1	5.3	\N	1.7	4.4	2.4
1	5	20150607	6.7	36352	41452	7418	48059	35400	21937	\N	5.3	2.8	1.7	\N	2.4
1	6	20150608	6.9	36352	41467	7418	48069	35400	21937	3.9	\N	3.1	1.4	4.6	\N
1	1	20150609	6.9	36352	41467	7418	48069	35400	21939	3.9	5.3	\N	1.5	4.6	2.4
1	4	20150610	6.9	36352	41475	7438	48076	35400	21939	3.9	\N	3.2	1.5	4.6	2.4
1	3	20150611	6.9	36352	41480	7448	48089	35418	21939	3.9	5.2	\N	1.5	4.6	\N
1	6	20150612	6.9	36352	41499	7448	48096	35418	21941	\N	5.2	3.2	1.5	4.6	2.4
1	1	20150613	6.9	36352	41499	7448	48096	35418	21941	3.7	\N	3.2	\N	\N	\N
1	6	20150614	6.9	36352	41508	7448	48117	35418	21941	3.7	\N	3.2	\N	4.3	2.4
1	3	20150615	6.9	36374	41508	7448	48117	35418	21941	3.9	\N	3.2	\N	4.3	2.4
1	5	20150616	6.9	36394	41527	7448	48122	35418	21941	\N	\N	3.2	1.5	4.3	2.4
1	5	20150617	6.9	36394	41527	7448	48122	35418	21941	\N	4.9	3.2	1.5	\N	2.4
1	3	20150618	6.9	36394	41527	7448	48122	35418	21941	3.9	4.9	3.2	1.5	4.5	\N
1	4	20150619	6.9	36417	41528	7451	48122	35418	21941	\N	4.9	\N	\N	4.7	2.6
1	3	20150620	6.9	36418	41528	7451	48122	35418	21941	3.9	4.9	3.2	1.5	\N	2.6
1	1	20150621	6.9	36418	41528	7466	48122	35418	21941	3.8	\N	3.2	1.6	4.9	2.6
1	2	20150622	6.9	36438	41531	7466	48122	35420	21941	3.7	4.9	\N	1.6	\N	\N
1	2	20150623	6.9	36453	41531	7466	48122	35420	21941	4.0	4.9	3.2	\N	\N	2.6
1	3	20150624	6.9	36472	41531	7466	48122	35420	21948	4.0	4.9	3.2	1.6	4.9	\N
1	5	20150625	6.7	36477	41531	7466	48124	35420	21948	4.0	4.9	3.2	1.6	4.6	2.3
1	6	20150626	6.7	36477	41531	7473	48124	35420	21957	4.2	\N	3.2	1.6	\N	\N
1	5	20150627	6.7	36477	41531	7473	48146	35420	21957	4.2	\N	3.2	1.8	4.6	\N
1	3	20150628	6.7	36487	41531	7473	48146	35420	21981	4.2	4.9	\N	\N	4.6	2.2
1	6	20150629	6.7	36502	41533	7496	48146	35420	21981	4.2	\N	\N	1.8	4.9	\N
1	3	20150630	6.7	36502	41537	7496	48170	35420	21981	\N	4.9	3.4	1.8	4.9	2.2
1	3	20150701	6.7	36502	41537	7496	48170	35420	21981	3.9	4.9	3.4	2.1	4.9	2.2
1	6	20150702	6.9	36502	41537	7517	48174	35420	21981	3.9	4.9	3.4	2.1	4.9	\N
1	6	20150703	6.9	36502	41537	7519	48174	35420	21981	3.9	4.9	3.2	2.1	\N	\N
1	3	20150704	6.9	36502	41537	7531	48174	35420	21981	4.1	\N	3.0	\N	4.9	2.0
1	1	20150705	6.9	36502	41537	7531	48174	35432	21981	4.1	4.7	3.0	2.1	\N	\N
1	4	20150706	7.1	36502	41544	7531	48178	35432	21981	\N	4.7	3.0	2.1	4.9	2.0
1	1	20150707	7.1	36502	41561	7531	48178	35432	21981	4.1	4.7	3.2	\N	4.9	\N
1	3	20150708	7.1	36502	41564	7531	48200	35436	21981	4.0	\N	3.2	\N	5.2	2.0
1	1	20150709	7.1	36502	41564	7531	48221	35436	21982	4.0	4.9	3.2	\N	\N	2.0
1	4	20150710	7.1	36523	41564	7531	48221	35455	21982	4.0	\N	3.2	2.1	5.2	\N
1	2	20150711	7.2	36543	41564	7531	48223	35455	21993	4.0	5.2	3.2	2.1	5.4	1.7
1	6	20150712	7.2	36543	41564	7531	48223	35455	21993	3.8	5.2	3.2	2.0	5.3	1.7
1	4	20150713	7.2	36543	41564	7531	48223	35478	21993	3.8	5.2	3.1	\N	5.3	1.7
1	1	20150714	7.2	36543	41585	7531	48247	35478	21993	\N	5.2	3.1	1.7	5.3	1.7
1	5	20150715	7.0	36543	41585	7534	48247	35478	21993	3.9	\N	\N	1.7	\N	\N
1	3	20150716	7.2	36543	41609	7534	48247	35478	21993	\N	5.2	3.0	\N	\N	1.7
1	5	20150717	7.2	36568	41623	7534	48263	35478	22016	3.9	\N	\N	\N	5.3	1.7
1	5	20150718	7.2	36568	41623	7556	48263	35478	22025	3.9	5.2	2.7	1.7	\N	1.4
1	1	20150719	7.2	36568	41623	7556	48263	35478	22025	3.9	5.2	2.7	1.7	5.4	1.4
1	6	20150720	7.2	36568	41623	7556	48263	35478	22025	3.9	5.2	2.7	1.7	5.4	1.4
1	3	20150721	7.3	36568	41623	7556	48263	35478	22025	3.9	5.2	2.8	1.7	\N	1.4
1	5	20150722	7.1	36568	41623	7556	48263	35478	22025	3.9	5.2	2.8	1.7	\N	1.4
1	2	20150723	7.1	36568	41639	7556	48263	35487	22025	3.9	5.0	2.8	\N	5.4	1.4
1	1	20150724	7.1	36568	41639	7571	48284	35487	22032	3.9	\N	2.6	1.9	5.4	1.4
1	3	20150725	7.1	36585	41639	7586	48299	35487	22032	3.9	5.0	2.6	1.9	5.4	1.4
1	5	20150726	7.1	36585	41639	7604	48299	35497	22032	3.9	\N	2.6	\N	5.4	\N
1	3	20150727	7.1	36586	41639	7608	48299	35497	22032	3.7	\N	2.6	\N	5.4	1.4
1	5	20150728	7.1	36586	41639	7608	48309	35507	22032	3.7	4.7	2.7	2.1	5.4	1.4
1	4	20150729	7.1	36586	41644	7633	48309	35508	22032	3.6	4.7	\N	1.8	5.4	1.4
1	3	20150730	7.1	36586	41644	7633	48331	35508	22032	\N	4.7	2.7	1.9	\N	1.4
1	6	20150731	7.1	36586	41661	7639	48331	35517	22032	3.6	4.9	2.7	1.9	\N	\N
1	6	20150801	7.1	36586	41673	7639	48355	35522	22032	\N	4.9	2.7	2.0	\N	1.4
1	1	20150802	7.1	36586	41680	7639	48355	35522	22032	3.9	5.0	2.5	\N	5.4	1.4
1	4	20150803	7.1	36586	41680	7639	48355	35522	22032	3.9	5.0	2.5	2.0	5.1	1.4
1	1	20150804	7.1	36594	41680	7639	48355	35535	22032	\N	5.0	\N	2.0	5.1	1.4
1	4	20150805	7.1	36596	41704	7639	48355	35538	22032	\N	5.0	2.4	\N	5.1	1.4
1	3	20150806	7.1	36596	41704	7639	48355	35538	22040	3.9	\N	\N	1.7	5.1	1.4
1	5	20150807	7.1	36596	41704	7649	48355	35538	22040	3.9	\N	2.3	1.7	5.1	\N
1	5	20150808	7.0	36596	41704	7649	48355	35538	22040	\N	5.0	\N	1.7	\N	1.5
1	2	20150809	7.0	36596	41704	7671	48355	35538	22040	3.9	\N	\N	2.0	\N	1.5
1	1	20150810	7.0	36596	41704	7671	48355	35538	22040	\N	\N	2.0	2.0	5.0	1.5
1	1	20150811	7.0	36596	41704	7691	48355	35547	22040	3.9	5.2	2.0	2.0	\N	1.5
1	5	20150812	7.0	36596	41704	7713	48355	35547	22040	3.7	5.2	2.0	2.0	\N	1.7
1	5	20150813	7.0	36596	41721	7730	48363	35547	22040	\N	5.2	\N	2.0	5.0	1.7
1	3	20150814	7.3	36596	41721	7730	48363	35547	22040	3.8	\N	1.8	\N	5.0	\N
1	5	20150815	7.3	36596	41721	7742	48363	35550	22040	3.7	5.2	1.8	\N	5.3	1.7
1	3	20150816	7.3	36596	41726	7742	48363	35550	22054	3.7	\N	\N	1.5	5.3	1.7
1	4	20150817	7.3	36612	41726	7742	48383	35550	22075	3.7	\N	1.8	1.5	5.4	1.7
1	2	20150818	7.3	36612	41726	7742	48383	35550	22075	3.7	5.5	2.0	1.5	5.4	1.7
1	4	20150819	7.3	36615	41731	7742	48390	35567	22075	3.7	5.5	\N	1.5	\N	1.7
1	6	20150820	7.3	36615	41752	7742	48415	35583	22075	3.7	5.5	2.0	\N	5.3	1.7
1	3	20150821	7.3	36615	41752	7767	48415	35583	22075	\N	5.5	2.2	1.7	5.3	1.7
1	5	20150822	7.3	36615	41752	7767	48436	35591	22075	3.4	\N	2.2	1.6	\N	1.9
1	2	20150823	7.3	36615	41752	7767	48453	35591	22075	3.4	5.4	2.2	1.9	5.2	1.9
1	1	20150824	7.3	36615	41752	7767	48453	35591	22075	3.4	5.4	2.2	1.9	5.3	\N
1	6	20150825	7.3	36633	41752	7767	48476	35591	22078	3.4	\N	2.2	1.9	\N	1.6
1	4	20150826	7.3	36633	41752	7767	48476	35602	22091	3.4	\N	\N	1.9	5.3	\N
1	6	20150827	7.3	36633	41752	7767	48497	35602	22091	3.4	5.2	2.2	1.9	5.3	\N
1	5	20150828	7.3	36635	41752	7767	48497	35602	22100	3.4	5.2	\N	2.0	5.3	1.4
1	2	20150829	7.3	36635	41764	7783	48497	35602	22117	3.4	\N	\N	1.9	\N	1.4
1	2	20150830	7.3	36635	41768	7783	48497	35602	22117	\N	\N	2.2	\N	\N	\N
1	3	20150831	7.2	36646	41768	7792	48497	35602	22128	3.4	5.2	2.2	1.9	5.2	1.4
1	6	20150901	7.2	36650	41768	7815	48497	35602	22128	\N	5.3	2.2	\N	5.2	1.4
1	3	20150902	7.0	36650	41768	7815	48497	35612	22128	3.5	5.3	2.2	1.6	5.2	1.4
1	4	20150903	7.2	36650	41768	7815	48497	35612	22138	3.5	5.3	\N	1.6	5.0	\N
1	3	20150904	7.3	36650	41768	7815	48497	35612	22138	\N	5.3	2.2	\N	4.8	\N
1	4	20150905	7.3	36650	41768	7815	48497	35612	22138	\N	5.0	\N	1.9	4.8	1.4
1	2	20150906	7.3	36650	41768	7815	48497	35629	22138	3.5	\N	2.2	\N	\N	1.5
1	4	20150907	7.3	36650	41768	7815	48497	35629	22152	3.5	5.0	\N	\N	4.8	1.5
1	3	20150908	7.3	36650	41768	7815	48497	35629	22152	3.5	5.0	2.0	1.6	4.8	1.6
1	6	20150909	7.3	36670	41768	7815	48497	35629	22152	\N	5.0	2.0	1.9	4.8	1.6
1	6	20150910	7.3	36670	41768	7815	48497	35635	22152	3.2	\N	\N	1.9	4.8	1.6
1	3	20150911	7.3	36670	41768	7815	48497	35635	22152	\N	5.0	2.1	1.9	4.8	1.6
1	4	20150912	7.5	36670	41768	7815	48497	35635	22170	3.2	5.0	2.1	1.9	4.8	1.6
1	1	20150913	7.5	36670	41768	7815	48497	35644	22170	3.2	5.0	\N	1.8	4.8	\N
1	1	20150914	7.5	36686	41768	7815	48517	35656	22170	\N	5.2	2.1	\N	\N	\N
1	2	20150915	7.5	36686	41768	7815	48517	35656	22170	3.2	5.2	\N	1.8	\N	1.6
1	4	20150916	7.5	36686	41768	7816	48517	35656	22170	3.2	\N	\N	1.8	5.1	1.6
1	6	20150917	7.5	36686	41768	7816	48517	35678	22170	\N	\N	2.0	\N	\N	1.6
1	4	20150918	7.5	36688	41768	7816	48517	35686	22170	\N	4.8	2.0	1.8	5.1	1.6
1	2	20150919	7.6	36688	41768	7816	48517	35686	22170	3.2	4.8	2.0	1.8	5.0	1.6
1	5	20150920	7.6	36699	41768	7839	48524	35686	22170	3.2	4.8	2.0	1.8	5.1	\N
1	5	20150921	7.6	36699	41768	7839	48527	35686	22170	3.2	4.8	\N	\N	\N	1.5
1	6	20150922	7.4	36703	41768	7849	48550	35686	22170	2.9	4.7	2.0	1.7	5.1	1.5
1	6	20150923	7.5	36703	41768	7849	48550	35686	22170	2.9	\N	2.0	1.7	5.1	1.5
1	6	20150924	7.5	36728	41768	7849	48550	35699	22170	2.7	\N	2.2	1.5	5.1	\N
1	3	20150925	7.8	36728	41768	7849	48556	35699	22181	2.7	\N	\N	1.5	5.1	\N
1	4	20150926	7.5	36728	41768	7849	48556	35699	22181	\N	4.8	2.2	1.3	5.1	1.4
1	5	20150927	7.5	36747	41768	7849	48556	35699	22202	2.7	4.8	\N	1.3	5.1	1.5
1	1	20150928	7.5	36747	41775	7849	48556	35699	22202	2.7	\N	2.2	1.5	\N	1.5
1	4	20150929	7.5	36747	41775	7849	48556	35699	22210	2.7	4.8	\N	\N	\N	\N
1	3	20150930	7.5	36760	41796	7849	48556	35699	22210	\N	4.8	2.2	1.6	\N	1.5
1	3	20151001	7.4	36760	41796	7849	48574	35699	22210	2.7	\N	2.2	\N	5.3	1.6
1	2	20151002	7.4	36783	41796	7849	48574	35714	22210	2.7	4.8	\N	\N	\N	1.6
1	4	20151003	7.4	36783	41796	7849	48574	35717	22210	\N	4.8	2.2	1.6	\N	1.3
1	4	20151004	7.6	36793	41796	7849	48574	35717	22217	2.7	4.8	2.2	1.6	5.6	1.3
1	3	20151005	7.6	36800	41796	7849	48590	35725	22217	\N	5.1	2.2	1.6	5.6	1.2
1	4	20151006	7.6	36800	41796	7872	48590	35725	22220	2.9	\N	2.2	1.6	5.6	1.4
1	5	20151007	7.6	36800	41807	7872	48591	35725	22220	2.9	5.1	2.3	\N	5.6	1.4
1	6	20151008	7.9	36800	41813	7872	48610	35725	22220	2.9	\N	2.3	1.6	\N	\N
1	1	20151009	7.9	36800	41813	7872	48617	35725	22236	2.9	4.7	2.1	1.6	5.6	1.4
1	3	20151010	7.9	36800	41813	7872	48617	35736	22236	3.1	\N	\N	\N	\N	1.4
1	6	20151011	7.9	36823	41813	7872	48617	35736	22236	2.9	\N	2.1	1.6	5.6	\N
1	5	20151012	7.8	36823	41813	7872	48634	35736	22236	2.9	4.7	1.9	1.6	5.6	1.4
1	1	20151013	7.8	36829	41813	7890	48634	35736	22236	\N	4.9	1.9	1.5	5.3	1.4
1	4	20151014	7.8	36843	41813	7890	48634	35736	22236	2.9	4.9	1.9	1.5	5.3	1.3
1	6	20151015	7.5	36854	41813	7890	48634	35736	22241	2.9	4.9	1.7	\N	5.3	1.3
1	2	20151016	7.3	36854	41813	7890	48639	35737	22241	3.0	4.9	1.8	1.3	\N	\N
1	5	20151017	7.3	36872	41819	7890	48652	35760	22250	3.0	4.9	1.7	\N	5.3	1.3
1	6	20151018	7.3	36887	41819	7890	48677	35760	22252	3.0	4.9	1.5	\N	5.3	\N
1	4	20151019	7.3	36891	41836	7890	48677	35760	22252	3.0	4.9	1.5	1.1	5.4	1.3
1	5	20151020	7.3	36891	41836	7890	48677	35760	22252	3.0	4.9	\N	1.1	5.4	1.2
1	3	20151021	7.3	36891	41836	7890	48699	35760	22252	3.0	4.9	\N	\N	\N	1.2
1	6	20151022	7.3	36907	41836	7910	48699	35760	22252	3.0	4.9	\N	1.1	5.4	\N
1	5	20151023	7.3	36907	41836	7910	48699	35760	22252	3.0	4.6	1.3	1.1	5.1	1.2
1	4	20151024	7.3	36907	41846	7910	48710	35779	22252	3.2	4.6	\N	1.1	5.1	\N
1	5	20151025	7.3	36907	41846	7910	48710	35779	22265	\N	4.6	1.5	1.1	5.1	1.2
1	1	20151026	7.3	36907	41864	7931	48710	35779	22265	3.1	4.4	1.3	1.1	5.1	1.2
1	2	20151027	7.3	36907	41864	7931	48710	35795	22275	3.1	4.4	1.3	1.1	5.0	1.3
1	3	20151028	7.3	36907	41864	7931	48710	35795	22275	3.1	4.6	1.3	\N	5.3	1.6
1	1	20151029	7.3	36907	41864	7931	48725	35795	22275	3.1	4.6	1.4	1.1	\N	1.4
1	1	20151030	7.5	36907	41864	7931	48725	35795	22275	3.1	4.6	\N	1.1	\N	1.4
1	5	20151031	7.2	36907	41873	7931	48750	35795	22275	3.1	4.6	\N	\N	\N	\N
1	4	20151101	7.0	36907	41873	7931	48774	35812	22275	3.0	4.7	1.1	1.4	\N	1.4
1	5	20151102	7.2	36907	41873	7931	48774	35832	22280	3.0	4.7	1.1	1.4	5.3	1.4
1	2	20151103	7.2	36907	41873	7931	48774	35832	22280	3.0	4.7	\N	1.4	5.3	1.4
1	6	20151104	7.2	36921	41873	7931	48774	35855	22280	3.0	\N	0.8	1.4	5.3	1.4
1	3	20151105	7.2	36945	41898	7931	48774	35869	22280	2.9	\N	0.8	\N	5.4	1.4
1	6	20151106	7.2	36948	41898	7931	48774	35884	22280	2.9	\N	0.8	1.6	5.4	1.5
1	5	20151107	7.2	36948	41898	7931	48774	35884	22280	2.9	\N	0.8	\N	\N	1.5
1	2	20151108	7.2	36962	41898	7931	48774	35884	22280	2.9	4.7	\N	1.6	5.4	1.5
1	6	20151109	7.2	36962	41908	7931	48776	35895	22280	2.9	4.7	0.8	\N	5.4	1.5
1	6	20151110	7.2	36965	41908	7949	48780	35895	22280	\N	4.7	0.9	\N	5.4	\N
1	2	20151111	7.2	36965	41933	7949	48780	35895	22280	2.8	4.7	0.7	\N	5.4	\N
1	4	20151112	7.2	36966	41933	7949	48780	35895	22280	2.9	\N	0.7	1.6	\N	1.2
1	4	20151113	7.2	36966	41933	7963	48780	35895	22280	2.9	4.4	0.7	1.7	5.5	1.2
1	1	20151114	7.2	36966	41933	7963	48782	35895	22280	3.1	4.4	0.5	1.7	5.5	\N
1	6	20151115	7.2	36966	41933	7981	48782	35895	22280	3.1	4.6	0.6	\N	5.3	1.0
1	2	20151116	7.2	36981	41933	7987	48791	35906	22287	3.1	4.6	0.4	1.8	\N	1.0
1	4	20151117	7.2	36981	41933	7987	48798	35912	22309	3.1	\N	0.4	1.8	5.3	0.8
1	3	20151118	6.9	36999	41933	7987	48798	35912	22309	\N	\N	0.4	1.8	5.3	0.8
1	5	20151119	6.9	36999	41933	7987	48798	35912	22309	3.2	4.5	0.6	1.8	5.3	0.8
1	6	20151120	7.1	36999	41933	8012	48798	35912	22309	3.2	4.5	\N	1.7	5.3	0.8
1	1	20151121	7.1	37013	41933	8032	48798	35928	22309	\N	4.5	0.5	1.7	\N	0.8
1	3	20151122	7.2	37013	41946	8045	48798	35928	22309	3.2	4.3	0.5	1.7	5.3	\N
1	2	20151123	7.2	37013	41946	8045	48811	35928	22312	\N	4.3	0.5	1.7	5.5	\N
1	5	20151124	7.2	37037	41946	8045	48811	35928	22312	3.2	4.1	0.5	1.7	5.6	1.0
1	6	20151125	7.2	37037	41946	8045	48811	35928	22328	3.2	4.1	0.5	1.7	5.6	1.0
1	2	20151126	7.2	37037	41946	8045	48811	35928	22328	\N	4.1	0.5	1.7	5.6	1.0
1	2	20151127	7.2	37037	41946	8047	48811	35928	22334	\N	3.8	\N	1.7	5.4	1.0
1	5	20151128	7.2	37037	41970	8064	48811	35928	22334	3.2	3.8	0.5	1.7	5.4	\N
1	6	20151129	7.2	37037	41989	8064	48811	35928	22334	3.2	\N	0.7	1.7	\N	0.9
1	4	20151130	7.2	37050	41997	8064	48811	35928	22334	3.4	\N	0.7	\N	5.4	0.9
1	2	20151201	7.2	37050	41997	8064	48821	35942	22341	3.2	3.5	\N	1.6	5.4	0.9
1	2	20151202	7.4	37050	41997	8081	48821	35950	22347	3.2	3.3	0.9	1.7	5.4	0.9
1	4	20151203	7.4	37050	41997	8081	48821	35960	22359	\N	\N	0.9	1.7	5.4	0.9
1	4	20151204	7.4	37050	41997	8081	48821	35960	22359	\N	3.3	1.0	\N	5.6	0.9
1	3	20151205	7.4	37050	41997	8081	48843	35981	22359	3.2	3.6	1.0	1.7	5.6	0.7
1	4	20151206	7.4	37050	42013	8081	48843	35981	22365	3.2	3.8	1.1	1.7	5.6	0.7
1	3	20151207	7.4	37050	42013	8098	48843	35981	22365	\N	\N	1.1	1.8	5.6	0.8
1	2	20151208	7.2	37050	42034	8109	48843	35981	22365	3.2	3.8	1.1	1.8	5.6	0.6
1	5	20151209	7.3	37050	42034	8109	48843	35981	22365	3.2	3.8	1.1	\N	5.6	0.6
1	4	20151210	7.2	37050	42034	8109	48843	35981	22376	\N	3.8	1.1	1.8	5.5	\N
1	5	20151211	7.2	37064	42034	8109	48843	35981	22376	3.1	3.8	\N	1.8	5.5	0.2
1	4	20151212	7.2	37064	42034	8121	48843	35981	22379	3.2	3.8	1.1	\N	5.5	\N
1	3	20151213	7.5	37088	42034	8121	48857	35981	22389	\N	3.8	1.3	\N	5.5	0.2
1	2	20151214	7.5	37088	42034	8121	48857	35981	22403	3.4	3.8	\N	1.8	5.5	0.4
1	3	20151215	7.5	37088	42043	8121	48857	35981	22403	3.4	3.8	1.3	\N	5.5	0.4
1	2	20151216	7.5	37095	42043	8121	48857	35981	22403	3.4	3.9	1.2	1.8	5.5	\N
1	4	20151217	7.5	37095	42043	8121	48857	35981	22403	3.6	\N	1.2	1.8	5.5	\N
1	4	20151218	7.5	37095	42059	8121	48857	35981	22408	3.6	3.9	1.2	\N	5.5	\N
1	1	20151219	7.5	37095	42059	8135	48863	35981	22408	3.6	3.6	\N	\N	\N	0.4
1	4	20151220	7.5	37095	42059	8135	48863	35981	22408	3.4	3.4	\N	1.3	5.7	\N
1	1	20151221	7.5	37095	42059	8135	48863	35981	22408	\N	\N	1.2	1.3	5.7	\N
1	3	20151222	7.5	37109	42059	8135	48863	35981	22408	3.4	3.5	1.2	1.2	5.7	\N
1	5	20151223	7.5	37109	42059	8135	48863	35998	22430	\N	3.5	\N	0.9	\N	0.8
1	2	20151224	7.5	37129	42059	8135	48863	35998	22430	\N	3.5	1.2	\N	5.4	0.8
1	5	20151225	7.5	37129	42059	8147	48863	35998	22445	\N	3.7	\N	0.9	\N	0.8
1	6	20151226	7.5	37129	42059	8150	48863	36001	22445	3.4	\N	1.1	\N	5.6	0.8
1	1	20151227	7.5	37129	42059	8150	48863	36001	22469	3.4	3.9	1.1	0.9	5.6	0.6
1	3	20151228	7.5	37129	42059	8150	48863	36001	22469	3.4	3.9	1.1	0.9	5.6	0.6
1	1	20151229	4.0	1	0	0	0	1	0	\N	\N	4.0	4.0	\N	4.0
1	2	20151229	4.7	11	0	0	1	1	9	5.0	5.0	5.0	5.0	5.0	5.0
1	3	20151229	1.5	2	1	1	0	0	0	\N	\N	4.0	4.0	\N	4.0
1	4	20151229	4.8	5	0	0	0	1	4	4.5	5.0	5.0	4.5	4.5	5.0
1	5	20151229	4.0	2	0	0	0	2	0	4.0	4.5	\N	4.5	5.0	\N
1	1	20151230	7.4	37153	42075	8151	48863	36001	22493	3.4	3.9	\N	0.9	5.6	0.6
1	1	20151231	7.6	37161	42095	8158	48863	36016	22493	3.4	3.9	1.4	\N	5.6	0.6
1	1	20160101	7.6	37161	42098	8158	48880	36020	22493	3.4	3.9	1.4	0.9	5.6	0.6
2	5	20141203	4.3	48233	11649	34892	33662	32327	16944	1.5	1.7	\N	1.6	3.1	4.8
2	5	20141204	4.3	48233	11649	34892	33662	32327	16962	1.5	1.7	\N	\N	3.1	4.8
2	2	20141205	4.3	48233	11649	34892	33662	32327	16980	\N	1.9	1.4	1.5	\N	4.8
2	2	20141206	4.3	48243	11649	34892	33662	32335	16980	1.5	\N	1.4	1.5	3.1	4.8
2	4	20141207	4.3	48243	11665	34892	33662	32335	16980	1.6	1.7	1.4	1.5	\N	4.8
2	5	20141208	4.5	48243	11665	34892	33662	32359	16980	1.6	1.4	1.2	1.4	3.1	\N
2	4	20141209	4.5	48243	11665	34893	33662	32359	16996	\N	\N	1.2	1.2	3.1	4.7
2	6	20141210	4.5	48243	11665	34893	33662	32359	16996	\N	1.4	1.2	\N	3.1	\N
2	5	20141211	4.5	48243	11665	34893	33662	32359	17009	1.3	1.4	1.2	1.2	3.1	4.7
2	6	20141212	4.5	48243	11672	34893	33662	32359	17026	1.3	1.4	1.2	1.4	3.1	4.6
2	1	20141213	4.2	48243	11672	34893	33680	32359	17026	1.3	1.6	1.2	1.4	3.1	4.6
2	1	20141214	4.2	48243	11672	34902	33680	32383	17026	\N	1.6	1.2	1.4	3.1	4.6
2	3	20141215	4.2	48257	11692	34902	33697	32383	17029	\N	1.6	1.2	1.4	3.1	\N
2	6	20141216	4.2	48257	11692	34925	33697	32383	17052	1.1	1.9	\N	\N	3.1	4.6
2	3	20141217	4.2	48257	11692	34925	33697	32383	17074	1.1	1.9	1.2	1.6	\N	4.3
2	1	20141218	4.1	48277	11692	34925	33697	32383	17074	1.1	1.9	1.2	1.6	3.2	\N
2	1	20141219	4.1	48277	11692	34937	33697	32383	17074	1.1	1.9	1.2	1.6	3.4	\N
2	1	20141220	4.1	48277	11714	34937	33697	32383	17074	0.9	1.9	1.2	\N	\N	4.2
2	5	20141221	4.1	48277	11717	34944	33697	32383	17074	\N	1.9	\N	1.6	3.4	4.2
2	4	20141222	4.1	48277	11717	34944	33697	32383	17074	0.9	1.9	1.0	1.6	\N	\N
2	6	20141223	3.8	48277	11717	34944	33697	32383	17074	\N	1.9	1.0	1.6	3.4	4.2
2	4	20141224	4.0	48284	11717	34944	33697	32407	17093	0.7	1.9	1.0	1.6	3.4	\N
2	1	20141225	4.0	48306	11717	34944	33697	32411	17093	0.7	1.9	1.0	\N	3.4	4.2
2	6	20141226	4.0	48306	11728	34944	33697	32411	17093	\N	1.9	1.0	1.5	\N	4.0
2	6	20141227	4.0	48306	11728	34944	33697	32434	17093	0.7	1.9	\N	1.5	\N	4.0
2	4	20141228	4.0	48306	11728	34961	33697	32434	17093	0.4	\N	1.0	1.5	3.4	4.0
2	4	20141229	4.0	48323	11728	34968	33716	32434	17093	0.4	1.9	1.0	\N	\N	4.0
2	3	20141230	4.0	48323	11728	34968	33716	32444	17115	0.4	\N	\N	\N	3.1	3.7
2	4	20141231	4.0	48323	11728	34968	33726	32444	17115	0.4	1.8	\N	\N	3.1	3.5
2	4	20150101	4.1	48323	11728	34978	33746	32444	17120	0.4	1.8	\N	1.5	3.0	3.5
2	4	20150102	4.1	48323	11743	34978	33746	32444	17120	0.4	2.0	1.0	1.2	3.0	3.5
2	5	20150103	4.1	48323	11743	34978	33746	32467	17120	0.4	2.0	\N	1.2	3.0	3.5
2	3	20150104	4.1	48323	11758	34978	33746	32467	17120	\N	2.0	\N	\N	3.0	\N
2	4	20150105	4.1	48325	11758	34978	33746	32467	17120	0.4	\N	1.0	\N	\N	3.5
2	1	20150106	4.1	48325	11776	34978	33759	32467	17133	\N	1.7	1.0	1.2	3.0	3.5
2	4	20150107	4.1	48325	11776	34978	33770	32467	17133	0.4	\N	0.9	1.2	3.0	\N
2	4	20150108	4.1	48325	11776	34978	33770	32467	17133	0.4	1.7	\N	\N	3.0	3.5
2	2	20150109	4.1	48325	11776	34978	33770	32467	17133	0.4	\N	0.9	1.4	3.0	3.5
2	3	20150110	4.1	48325	11776	34980	33770	32467	17133	0.5	1.7	0.8	1.4	3.0	3.5
2	3	20150111	3.8	48325	11776	34980	33770	32467	17133	0.5	\N	0.8	1.4	3.0	3.7
2	6	20150112	3.8	48343	11776	34980	33770	32467	17133	0.3	1.6	0.8	1.4	2.9	3.7
2	6	20150113	3.8	48355	11787	34980	33795	32467	17133	0.3	1.6	0.8	1.4	3.2	3.7
2	5	20150114	3.8	48355	11787	34980	33795	32467	17133	\N	1.6	0.8	1.3	3.5	3.7
2	5	20150115	3.8	48355	11787	35000	33795	32468	17133	0.3	1.4	\N	1.3	\N	\N
2	4	20150116	3.8	48355	11812	35000	33795	32468	17133	0.3	1.7	0.8	\N	3.5	3.7
2	5	20150117	3.8	48355	11835	35000	33811	32468	17145	\N	1.7	0.8	1.4	3.5	3.7
2	1	20150118	3.9	48355	11835	35000	33811	32468	17145	0.3	1.4	\N	1.2	3.7	3.7
2	2	20150119	3.9	48355	11855	35000	33830	32468	17145	\N	1.4	0.8	1.2	3.6	3.7
2	6	20150120	4.0	48355	11855	35000	33830	32468	17145	0.3	1.4	\N	1.2	3.6	3.7
2	4	20150121	4.2	48355	11855	35000	33843	32485	17145	0.3	1.4	0.8	1.2	3.6	3.7
2	3	20150122	4.0	48376	11855	35003	33846	32485	17170	0.3	\N	0.8	\N	3.4	3.7
2	2	20150123	4.0	48376	11855	35020	33846	32485	17170	0.3	1.4	0.8	\N	\N	3.7
2	4	20150124	4.0	48376	11855	35020	33846	32485	17183	0.3	1.4	0.8	1.2	\N	3.7
2	2	20150125	4.0	48376	11855	35020	33856	32498	17183	\N	1.3	0.8	1.1	3.4	\N
2	6	20150126	4.0	48376	11855	35020	33856	32498	17183	0.4	1.3	0.8	1.1	3.4	\N
2	6	20150127	4.3	48376	11877	35043	33856	32498	17183	\N	\N	0.8	1.1	3.4	\N
2	4	20150128	4.3	48376	11877	35043	33856	32498	17183	0.1	1.3	0.8	1.1	3.3	\N
2	1	20150129	4.4	48389	11877	35043	33871	32506	17183	0.1	1.3	0.8	1.3	3.3	\N
2	6	20150130	4.7	48389	11888	35043	33871	32506	17183	0.1	1.3	\N	\N	\N	\N
2	2	20150131	4.9	48389	11888	35043	33871	32506	17190	0.1	1.3	\N	\N	3.3	3.8
2	4	20150201	4.9	48389	11888	35043	33871	32506	17197	\N	\N	0.8	\N	\N	3.8
2	1	20150202	5.0	48389	11888	35043	33871	32506	17197	0.1	\N	0.8	1.6	3.3	3.8
2	5	20150203	5.0	48409	11910	35043	33887	32506	17200	0.1	1.2	0.8	1.6	3.4	3.8
2	6	20150204	5.0	48409	11910	35043	33887	32526	17200	0.2	1.2	0.8	1.3	3.4	3.8
2	3	20150205	5.0	48409	11917	35056	33887	32526	17200	\N	1.2	0.7	1.3	3.4	3.8
2	1	20150206	5.0	48419	11924	35056	33887	32526	17200	0.3	\N	0.7	\N	3.4	3.8
2	3	20150207	5.0	48419	11924	35056	33887	32526	17200	0.4	1.3	0.7	\N	\N	3.8
2	1	20150208	5.0	48419	11924	35056	33887	32529	17200	0.4	1.3	0.7	1.3	3.4	3.8
2	4	20150209	5.0	48419	11927	35078	33887	32529	17200	0.5	1.3	0.7	1.3	3.4	\N
2	1	20150210	5.2	48419	11927	35078	33887	32529	17200	0.5	1.3	0.7	1.3	\N	\N
2	4	20150211	5.4	48419	11927	35078	33887	32529	17211	0.5	1.3	0.7	1.3	3.6	3.8
2	4	20150212	5.4	48419	11927	35078	33891	32529	17211	0.6	1.1	0.7	1.3	3.6	3.8
2	2	20150213	5.4	48423	11938	35102	33891	32529	17211	\N	1.1	0.6	1.3	3.6	3.8
2	1	20150214	5.4	48423	11938	35102	33899	32529	17211	0.6	1.1	0.6	1.3	3.3	\N
2	1	20150215	5.4	48423	11948	35102	33899	32543	17215	0.6	1.2	0.6	1.3	\N	3.8
2	3	20150216	5.4	48423	11948	35102	33899	32543	17223	\N	1.0	0.6	\N	3.1	3.8
2	2	20150217	5.4	48423	11971	35102	33899	32543	17223	0.6	1.0	0.7	1.3	3.1	3.8
2	1	20150218	5.4	48439	11971	35102	33899	32565	17223	0.6	\N	0.8	1.6	\N	3.8
2	3	20150219	5.4	48439	11995	35102	33899	32565	17223	0.6	0.9	1.0	\N	\N	3.7
2	5	20150220	5.5	48439	11995	35112	33907	32565	17223	0.7	0.9	1.0	1.2	3.3	3.7
2	1	20150221	5.5	48439	12015	35112	33907	32565	17223	\N	0.9	1.0	1.2	3.3	3.7
2	5	20150222	5.5	48461	12015	35112	33907	32565	17246	0.7	\N	1.0	1.2	3.3	\N
2	3	20150223	5.5	48461	12015	35121	33928	32577	17259	0.7	1.1	\N	1.2	3.1	3.7
2	4	20150224	5.5	48461	12015	35121	33928	32577	17259	0.7	1.1	1.0	1.2	3.1	\N
2	2	20150225	5.5	48461	12015	35121	33928	32577	17276	0.7	1.1	1.0	\N	3.1	3.8
2	6	20150226	5.5	48461	12036	35124	33928	32577	17282	0.7	1.1	1.2	1.5	3.1	3.5
2	1	20150227	5.5	48461	12036	35124	33928	32580	17282	\N	1.1	1.2	1.5	\N	\N
2	4	20150228	5.3	48472	12036	35124	33928	32580	17289	0.5	1.1	1.3	\N	3.2	3.5
2	3	20150301	5.3	48472	12040	35124	33928	32580	17289	0.5	\N	\N	\N	3.2	\N
2	5	20150302	5.3	48472	12040	35124	33928	32580	17289	0.5	1.2	1.5	\N	3.2	\N
2	2	20150303	5.3	48477	12043	35124	33928	32580	17298	0.8	1.2	1.3	1.3	3.2	3.6
2	3	20150304	5.3	48477	12043	35124	33948	32580	17304	\N	1.2	1.3	1.3	3.2	3.6
2	3	20150305	5.3	48477	12043	35124	33948	32594	17304	0.8	1.2	1.3	1.5	3.2	3.6
2	5	20150306	5.3	48477	12043	35129	33948	32603	17304	\N	1.2	\N	1.4	\N	3.6
2	1	20150307	5.3	48497	12043	35129	33948	32622	17308	0.9	1.2	1.3	1.7	\N	\N
2	3	20150308	5.3	48497	12043	35129	33948	32622	17308	\N	1.2	1.6	1.7	3.3	3.7
2	4	20150309	5.3	48502	12043	35154	33948	32639	17325	0.7	\N	1.6	1.7	3.3	3.9
2	4	20150310	5.3	48502	12043	35154	33948	32639	17325	\N	\N	1.6	\N	3.2	\N
2	3	20150311	5.3	48509	12050	35154	33973	32639	17325	\N	1.3	1.6	1.5	3.2	\N
2	5	20150312	5.3	48509	12050	35154	33993	32639	17325	0.5	1.6	\N	1.5	3.2	4.0
2	1	20150313	5.3	48524	12065	35154	33993	32639	17325	\N	1.6	1.6	1.5	3.1	3.9
2	6	20150314	5.3	48525	12074	35154	33993	32646	17325	0.6	1.8	1.6	1.5	3.1	3.9
2	2	20150315	5.3	48525	12083	35154	33993	32646	17340	0.6	\N	1.6	1.5	3.1	\N
2	6	20150316	5.4	48525	12097	35154	33993	32648	17340	0.6	1.8	\N	\N	3.1	\N
2	2	20150317	5.1	48525	12097	35154	34012	32671	17340	\N	1.8	1.8	1.7	2.9	3.5
2	5	20150318	4.8	48525	12097	35167	34012	32671	17341	0.6	\N	1.8	\N	2.9	\N
2	1	20150319	4.8	48547	12097	35167	34012	32671	17341	0.6	\N	1.8	1.7	2.9	3.8
2	6	20150320	4.8	48555	12115	35167	34024	32671	17341	\N	\N	\N	1.7	2.9	3.8
2	1	20150321	4.8	48555	12115	35172	34024	32677	17354	0.6	1.2	1.8	1.7	2.9	3.8
2	2	20150322	4.8	48555	12115	35172	34043	32677	17354	0.6	\N	1.8	1.9	2.9	\N
2	4	20150323	4.8	48555	12126	35172	34053	32687	17354	0.6	1.2	1.8	1.6	2.9	3.9
2	3	20150324	4.9	48555	12126	35172	34053	32697	17354	0.6	1.5	1.8	1.6	\N	3.9
2	3	20150325	4.9	48555	12126	35172	34053	32706	17354	0.6	1.5	1.8	1.6	3.2	3.9
2	3	20150326	4.9	48555	12126	35172	34067	32708	17354	\N	1.5	1.6	1.6	\N	\N
2	2	20150327	4.9	48555	12126	35172	34067	32708	17365	0.8	1.8	\N	1.6	3.2	\N
2	6	20150328	4.8	48555	12134	35183	34067	32708	17371	0.8	1.8	1.6	1.6	3.2	3.4
2	6	20150329	4.9	48565	12134	35185	34067	32708	17371	\N	\N	1.6	1.6	3.2	\N
2	4	20150330	4.9	48565	12134	35185	34067	32708	17371	0.8	1.8	1.6	1.6	\N	\N
2	4	20150331	4.9	48565	12134	35185	34067	32708	17371	1.0	1.8	\N	1.6	3.1	\N
2	2	20150401	4.9	48576	12147	35190	34067	32708	17371	\N	1.8	\N	1.5	3.0	3.2
2	1	20150402	4.9	48589	12147	35190	34067	32708	17371	1.0	2.1	1.7	1.5	3.0	3.2
2	3	20150403	4.9	48589	12147	35190	34067	32708	17371	1.0	2.1	\N	\N	3.0	3.2
2	3	20150404	4.9	48589	12156	35190	34091	32708	17371	1.0	2.1	1.7	1.5	3.0	\N
2	2	20150405	4.9	48589	12156	35190	34091	32708	17383	1.0	2.1	\N	\N	\N	\N
2	2	20150406	4.9	48589	12156	35211	34091	32708	17383	\N	2.3	1.7	\N	\N	3.2
2	6	20150407	4.9	48589	12160	35222	34109	32713	17383	1.0	2.3	1.7	1.4	3.3	3.2
2	6	20150408	4.9	48608	12185	35222	34109	32713	17408	1.0	2.3	1.7	1.4	3.3	3.2
2	3	20150409	4.9	48608	12189	35231	34109	32713	17408	1.0	2.3	1.7	1.4	3.3	3.2
2	3	20150410	4.8	48625	12189	35231	34109	32713	17408	1.0	2.3	1.7	1.4	3.3	3.2
2	3	20150411	4.8	48625	12204	35231	34109	32722	17408	1.0	2.1	1.5	1.6	3.3	3.2
2	6	20150412	4.6	48630	12225	35249	34109	32722	17432	0.8	2.1	\N	1.6	3.3	3.2
2	3	20150413	4.6	48630	12225	35249	34109	32722	17432	\N	2.1	1.6	1.6	\N	3.2
2	2	20150414	4.6	48635	12225	35251	34124	32722	17432	0.8	2.1	1.6	1.6	3.2	\N
2	1	20150415	4.6	48642	12229	35251	34124	32722	17432	0.8	2.1	1.6	1.6	3.1	\N
2	3	20150416	4.6	48642	12229	35251	34124	32722	17432	0.7	\N	\N	1.6	3.4	\N
2	5	20150417	4.4	48642	12229	35252	34129	32736	17432	0.7	1.9	\N	\N	3.4	\N
2	5	20150418	4.4	48642	12229	35252	34129	32736	17432	\N	\N	1.7	1.6	\N	2.6
2	4	20150419	4.4	48642	12229	35252	34129	32736	17454	0.7	2.0	1.7	1.6	3.4	2.6
2	6	20150420	4.5	48642	12229	35260	34141	32736	17454	0.7	2.0	1.7	1.6	3.4	2.6
2	1	20150421	4.7	48642	12235	35260	34163	32736	17454	0.7	2.0	1.7	\N	3.4	\N
2	5	20150422	4.7	48642	12235	35271	34185	32736	17454	\N	2.0	\N	1.6	\N	2.6
2	3	20150423	4.7	48642	12235	35271	34185	32736	17454	0.7	\N	1.7	1.6	\N	2.6
2	3	20150424	4.7	48642	12235	35276	34185	32736	17454	0.7	\N	1.7	1.6	3.5	\N
2	6	20150425	4.5	48642	12235	35286	34185	32736	17454	0.7	2.2	1.7	\N	3.6	2.3
2	1	20150426	4.5	48642	12235	35291	34185	32736	17454	0.7	2.5	\N	1.6	3.4	2.3
2	4	20150427	4.5	48650	12235	35291	34204	32748	17457	0.7	\N	1.7	1.6	\N	2.3
2	3	20150428	4.5	48650	12239	35291	34204	32748	17467	0.7	2.5	1.7	\N	\N	2.3
2	2	20150429	4.5	48650	12239	35291	34204	32748	17467	0.9	2.5	1.7	1.4	\N	2.3
2	6	20150430	4.5	48650	12239	35311	34222	32773	17467	1.0	\N	1.7	1.4	3.5	2.3
2	6	20150501	4.5	48650	12250	35311	34222	32773	17467	1.0	2.7	1.6	1.4	3.5	\N
2	5	20150502	4.5	48650	12250	35311	34222	32773	17467	0.7	2.7	1.7	1.4	3.5	2.0
2	4	20150503	4.3	48673	12250	35311	34222	32798	17477	0.7	2.7	\N	1.4	3.5	2.0
2	4	20150504	4.3	48673	12250	35320	34222	32801	17477	0.7	\N	1.5	1.4	3.5	2.1
2	4	20150505	4.3	48673	12250	35320	34234	32801	17477	0.7	\N	1.5	1.4	\N	2.1
2	6	20150506	4.3	48673	12260	35320	34242	32801	17477	\N	2.8	\N	1.6	3.5	1.8
2	4	20150507	4.3	48673	12260	35320	34242	32801	17498	\N	2.7	1.7	1.6	3.6	1.8
2	3	20150508	4.3	48673	12260	35320	34246	32801	17498	0.7	2.7	1.7	\N	3.6	1.8
2	6	20150509	4.3	48673	12260	35320	34256	32821	17498	0.7	2.7	1.7	1.8	3.9	1.8
2	1	20150510	4.3	48673	12260	35320	34256	32821	17498	\N	2.7	1.7	\N	3.9	1.8
2	4	20150511	4.3	48673	12260	35342	34266	32822	17498	1.0	2.7	1.7	1.8	3.9	1.8
2	4	20150512	4.3	48694	12260	35342	34266	32822	17498	\N	2.7	\N	1.8	4.1	\N
2	1	20150513	4.1	48694	12265	35342	34277	32822	17498	1.2	2.7	1.4	1.8	4.1	1.7
2	3	20150514	4.1	48694	12265	35342	34286	32822	17498	1.2	2.7	1.4	\N	4.1	1.7
2	5	20150515	4.1	48694	12285	35342	34286	32837	17522	\N	\N	1.2	2.0	4.1	1.7
2	5	20150516	4.1	48694	12285	35342	34306	32837	17522	1.2	\N	1.2	\N	4.1	1.9
2	1	20150517	3.9	48694	12285	35342	34306	32837	17526	1.2	\N	\N	\N	4.1	1.9
2	5	20150518	4.0	48694	12285	35342	34306	32837	17526	1.2	2.7	\N	1.8	4.1	1.9
2	1	20150519	3.7	48694	12285	35342	34323	32837	17526	1.2	2.7	1.2	1.8	4.1	1.9
2	2	20150520	3.7	48694	12285	35363	34323	32837	17526	1.2	\N	\N	1.8	4.1	\N
2	3	20150521	3.6	48694	12285	35363	34324	32837	17541	1.0	2.7	1.3	1.7	4.1	2.0
2	6	20150522	3.6	48718	12285	35363	34324	32837	17545	1.0	\N	1.3	1.8	4.1	2.0
2	6	20150523	3.6	48718	12285	35363	34324	32837	17545	1.0	2.5	1.1	\N	4.1	2.0
2	1	20150524	3.7	48718	12285	35363	34324	32837	17569	1.0	2.5	1.1	1.8	4.1	2.0
2	2	20150525	3.7	48718	12285	35385	34324	32837	17569	1.0	2.5	1.2	1.8	4.1	\N
2	5	20150526	3.7	48718	12285	35385	34324	32837	17569	\N	\N	1.2	1.8	4.1	\N
2	5	20150527	3.7	48736	12294	35385	34332	32837	17585	\N	2.5	1.2	1.8	3.8	2.0
2	4	20150528	3.7	48741	12294	35389	34340	32837	17585	0.8	2.5	1.2	1.8	3.8	2.0
2	4	20150529	3.7	48741	12307	35389	34340	32837	17585	\N	2.5	0.9	\N	\N	2.0
2	3	20150530	3.7	48754	12307	35405	34340	32837	17585	0.8	2.5	\N	1.8	3.8	\N
2	1	20150531	3.7	48774	12307	35405	34341	32837	17585	\N	2.5	\N	1.8	\N	2.2
2	2	20150601	3.7	48774	12307	35411	34341	32842	17606	0.8	2.3	0.9	\N	\N	2.2
2	4	20150602	3.6	48799	12307	35411	34341	32842	17606	\N	2.5	\N	1.8	3.8	2.2
2	5	20150603	3.6	48799	12307	35411	34341	32842	17606	\N	2.5	0.9	1.8	4.0	2.4
2	4	20150604	3.6	48799	12307	35411	34341	32842	17606	0.8	2.5	\N	1.8	4.0	2.4
2	1	20150605	3.9	48799	12307	35416	34341	32842	17606	0.8	2.5	0.9	\N	3.7	2.4
2	2	20150606	3.9	48809	12307	35416	34341	32842	17606	0.7	2.3	0.9	\N	3.7	\N
2	4	20150607	3.9	48829	12309	35440	34341	32856	17621	\N	2.3	0.6	\N	\N	2.4
2	4	20150608	3.8	48829	12315	35440	34346	32856	17628	0.7	2.3	0.6	1.9	4.0	2.4
2	2	20150609	3.8	48854	12320	35440	34346	32856	17628	0.7	2.4	0.6	1.9	4.0	2.4
2	5	20150610	3.8	48877	12320	35440	34346	32856	17628	0.7	2.4	0.6	1.9	\N	2.4
2	6	20150611	3.8	48877	12339	35440	34346	32856	17628	0.7	2.4	0.6	1.9	3.8	\N
2	4	20150612	3.6	48877	12339	35445	34346	32856	17628	0.7	2.4	0.6	\N	\N	2.5
2	4	20150613	3.6	48877	12351	35445	34346	32856	17628	0.9	2.4	\N	1.9	3.8	2.5
2	1	20150614	3.6	48888	12351	35456	34346	32856	17628	0.9	2.4	0.6	1.9	3.8	2.5
2	3	20150615	3.6	48892	12351	35456	34346	32856	17628	1.1	2.4	0.6	1.9	\N	2.5
2	6	20150616	3.6	48892	12351	35474	34346	32856	17628	1.1	2.4	0.6	1.7	\N	2.5
2	2	20150617	3.6	48892	12351	35474	34346	32856	17628	\N	\N	0.6	1.7	3.9	2.5
2	3	20150618	3.6	48892	12351	35475	34346	32856	17628	1.1	\N	0.6	1.4	3.9	2.6
2	2	20150619	3.6	48892	12375	35475	34346	32856	17645	1.1	2.1	0.6	1.4	3.8	2.3
2	3	20150620	3.8	48892	12375	35475	34357	32857	17645	1.1	2.1	0.6	1.4	3.9	2.3
2	2	20150621	3.8	48892	12375	35475	34357	32857	17645	0.9	1.9	\N	1.4	3.9	\N
2	4	20150622	3.8	48909	12375	35475	34357	32863	17645	1.1	1.9	1.0	\N	3.8	\N
2	6	20150623	4.1	48909	12375	35478	34357	32875	17645	1.1	1.8	0.7	1.4	3.8	2.4
2	6	20150624	4.1	48909	12375	35478	34357	32895	17645	\N	\N	\N	1.4	3.8	\N
2	6	20150625	3.9	48909	12400	35478	34367	32896	17663	1.1	2.0	0.5	1.4	\N	2.4
2	6	20150626	3.9	48933	12400	35478	34367	32896	17678	1.1	1.8	0.5	1.4	\N	2.4
2	4	20150627	3.9	48933	12400	35478	34367	32896	17678	1.1	1.8	\N	1.6	3.5	2.4
2	4	20150628	3.9	48933	12411	35478	34367	32896	17678	1.1	1.8	0.5	\N	3.5	2.4
2	6	20150629	3.9	48956	12411	35478	34367	32896	17678	1.1	\N	0.5	1.6	3.5	2.4
2	5	20150630	3.9	48956	12411	35489	34391	32896	17678	1.1	1.8	0.5	1.6	3.5	\N
2	3	20150701	3.9	48956	12411	35489	34391	32896	17678	1.1	\N	0.5	1.6	3.5	2.4
2	5	20150702	3.7	48956	12411	35502	34405	32896	17678	1.1	1.6	0.5	1.6	3.3	2.4
2	4	20150703	3.7	48956	12411	35502	34405	32917	17678	1.1	\N	0.5	\N	\N	2.4
2	6	20150704	3.7	48966	12420	35502	34405	32940	17678	1.1	1.6	0.6	\N	3.1	2.2
2	6	20150705	3.7	48966	12433	35525	34417	32943	17679	1.1	1.6	0.5	\N	3.4	2.2
2	1	20150706	3.7	48966	12456	35525	34417	32943	17691	1.1	\N	\N	1.7	3.5	2.2
2	3	20150707	3.7	48979	12456	35525	34428	32943	17714	1.1	1.3	0.5	1.7	3.5	2.2
2	1	20150708	3.7	48979	12456	35525	34428	32943	17714	1.1	\N	0.5	1.7	3.5	\N
2	6	20150709	3.7	48979	12468	35525	34428	32943	17714	\N	\N	0.7	1.7	\N	2.0
2	1	20150710	3.7	49001	12468	35525	34428	32943	17714	\N	\N	0.7	1.6	3.3	2.0
2	6	20150711	3.7	49009	12468	35542	34446	32943	17734	0.9	1.1	\N	\N	3.3	2.0
2	3	20150712	3.7	49032	12468	35542	34446	32967	17748	0.9	1.1	0.5	\N	\N	2.0
2	5	20150713	3.7	49032	12473	35544	34465	32967	17773	0.9	0.9	0.5	1.9	\N	2.0
2	3	20150714	3.8	49032	12485	35563	34465	32967	17773	0.9	0.9	\N	2.0	\N	2.0
2	1	20150715	3.8	49032	12485	35563	34465	32967	17773	0.9	1.0	0.5	2.0	3.3	2.0
2	2	20150716	3.8	49032	12485	35563	34465	32967	17773	0.9	0.8	0.5	2.0	3.1	2.0
2	4	20150717	3.8	49032	12485	35563	34465	32967	17773	\N	0.8	0.5	2.0	3.1	2.0
2	6	20150718	3.6	49032	12485	35563	34465	32967	17775	\N	0.8	0.5	2.0	\N	2.3
2	4	20150719	3.6	49032	12485	35563	34465	32967	17775	\N	0.8	0.5	2.1	3.0	\N
2	4	20150720	3.6	49037	12485	35580	34465	32967	17783	1.4	0.8	0.5	1.9	2.8	\N
2	4	20150721	3.6	49037	12507	35580	34465	32978	17799	1.4	0.5	0.5	1.9	2.8	\N
2	2	20150722	3.5	49037	12507	35598	34465	33003	17799	1.4	0.5	0.6	1.9	\N	\N
2	5	20150723	3.5	49037	12507	35598	34467	33003	17799	1.7	\N	\N	1.7	2.8	\N
2	6	20150724	3.5	49037	12507	35598	34467	33028	17799	1.7	0.2	\N	1.7	2.9	\N
2	2	20150725	3.5	49037	12507	35598	34467	33028	17816	1.8	0.2	\N	1.7	2.7	2.5
2	2	20150726	3.5	49037	12507	35611	34473	33039	17840	1.8	0.2	0.6	\N	\N	2.5
2	1	20150727	3.4	49037	12507	35623	34476	33039	17840	\N	\N	0.6	1.5	\N	2.5
2	2	20150728	3.4	49059	12507	35623	34476	33046	17840	1.6	0.2	0.6	\N	\N	\N
2	4	20150729	3.4	49059	12507	35623	34476	33046	17840	1.6	\N	\N	\N	\N	\N
2	4	20150730	3.4	49072	12507	35623	34476	33068	17853	1.6	0.0	0.8	\N	2.9	2.5
2	2	20150731	3.6	49077	12507	35645	34476	33068	17862	1.6	\N	0.8	1.7	2.9	2.5
2	1	20150801	3.6	49077	12507	35657	34476	33089	17862	1.3	0.2	0.8	1.7	2.9	\N
2	6	20150802	3.6	49077	12507	35664	34484	33089	17862	1.3	\N	0.8	2.0	2.9	2.7
2	5	20150803	3.4	49077	12507	35679	34484	33089	17862	1.3	0.1	0.8	1.7	2.9	\N
2	5	20150804	3.4	49077	12507	35679	34484	33089	17862	\N	\N	\N	\N	2.8	2.7
2	5	20150805	3.4	49077	12507	35679	34497	33089	17862	1.3	0.2	0.8	1.7	\N	2.7
2	6	20150806	3.6	49077	12526	35703	34497	33089	17862	1.3	0.2	0.6	1.7	2.9	2.9
2	1	20150807	3.6	49077	12527	35703	34505	33089	17862	1.2	0.2	0.6	1.7	\N	2.9
2	4	20150808	3.6	49077	12550	35703	34505	33112	17862	\N	0.2	0.6	1.7	\N	\N
2	4	20150809	3.6	49077	12550	35703	34505	33112	17862	1.2	0.2	0.6	1.7	\N	2.8
2	6	20150810	3.6	49092	12550	35703	34505	33112	17862	1.2	\N	0.7	1.7	\N	2.8
2	1	20150811	3.6	49092	12550	35703	34505	33112	17862	1.2	\N	0.7	\N	\N	2.8
2	5	20150812	3.6	49098	12552	35703	34505	33133	17883	1.2	0.1	0.7	1.8	3.0	2.8
2	1	20150813	3.4	49098	12552	35703	34505	33133	17883	1.2	0.1	\N	1.8	\N	2.9
2	5	20150814	3.4	49102	12552	35708	34505	33133	17883	1.2	0.1	0.4	\N	3.0	2.9
2	6	20150815	3.7	49102	12552	35708	34505	33133	17907	1.2	0.1	0.6	1.9	3.0	2.9
2	6	20150816	3.7	49102	12552	35708	34505	33133	17907	1.2	0.1	0.7	1.9	3.0	2.9
2	5	20150817	3.4	49102	12552	35708	34513	33133	17907	1.2	0.1	\N	\N	3.0	2.9
2	3	20150818	3.4	49102	12552	35708	34523	33147	17907	1.1	0.1	0.7	2.0	3.0	\N
2	5	20150819	3.4	49102	12565	35730	34523	33147	17907	1.1	0.1	0.7	1.9	\N	2.9
2	1	20150820	3.4	49102	12565	35730	34523	33147	17907	1.1	0.1	0.9	\N	2.8	2.9
2	3	20150821	3.4	49108	12565	35744	34523	33147	17907	1.1	0.0	0.9	1.8	2.8	2.9
2	3	20150822	3.4	49108	12575	35744	34523	33147	17907	1.1	0.0	0.9	\N	2.8	\N
2	5	20150823	3.5	49133	12575	35744	34523	33159	17907	0.9	0.0	0.9	\N	2.8	2.9
2	3	20150824	3.7	49133	12575	35744	34523	33162	17911	\N	\N	0.9	1.6	\N	\N
2	5	20150825	3.7	49157	12575	35755	34530	33171	17935	\N	0.0	0.9	1.6	\N	\N
2	3	20150826	3.7	49157	12575	35769	34530	33189	17935	0.9	0.0	0.9	1.6	2.5	3.0
2	6	20150827	3.8	49157	12575	35774	34530	33189	17935	\N	0.0	0.9	1.6	2.5	3.0
2	1	20150828	3.8	49180	12575	35774	34530	33189	17935	0.9	0.0	0.7	1.5	\N	3.0
2	4	20150829	3.8	49180	12575	35774	34530	33195	17935	\N	0.0	0.7	1.4	2.5	3.1
2	6	20150830	3.8	49180	12575	35774	34538	33195	17935	0.9	\N	0.7	1.2	2.5	3.1
2	6	20150831	3.8	49180	12575	35774	34538	33195	17935	\N	0.0	0.7	1.2	2.5	\N
2	4	20150901	3.8	49180	12586	35774	34538	33195	17949	0.9	\N	0.7	1.2	2.8	3.1
2	2	20150902	3.8	49190	12586	35774	34538	33195	17949	0.9	0.0	\N	1.2	2.8	3.1
2	5	20150903	3.8	49190	12594	35774	34538	33195	17949	0.8	0.0	0.6	1.2	2.8	3.1
2	6	20150904	3.8	49190	12597	35774	34538	33195	17949	0.8	\N	0.6	1.2	2.8	3.1
2	6	20150905	3.8	49190	12597	35774	34558	33195	17949	0.8	-0.2	0.5	\N	\N	\N
2	4	20150906	3.8	49190	12597	35793	34572	33199	17949	0.8	-0.2	0.5	1.2	3.0	3.4
2	3	20150907	3.8	49202	12597	35793	34572	33199	17949	\N	-0.3	0.5	1.2	3.0	\N
2	1	20150908	3.8	49202	12597	35793	34591	33199	17974	0.8	-0.1	0.5	1.2	\N	3.4
2	3	20150909	3.9	49202	12597	35793	34591	33221	17974	0.8	\N	0.6	1.2	3.0	\N
2	5	20150910	3.9	49202	12597	35793	34594	33221	17982	0.6	-0.1	\N	\N	3.0	\N
2	3	20150911	3.9	49202	12597	35793	34594	33236	17982	\N	-0.1	0.7	1.1	3.0	3.4
2	4	20150912	4.0	49202	12597	35793	34609	33236	17982	0.6	-0.1	0.5	0.8	3.0	3.4
2	1	20150913	4.2	49224	12599	35793	34609	33236	17982	0.6	-0.1	0.8	0.8	3.0	3.4
2	1	20150914	4.2	49234	12599	35793	34609	33236	17982	0.6	0.0	0.8	0.8	3.0	\N
2	6	20150915	4.4	49234	12599	35793	34609	33260	17982	\N	0.0	0.8	0.8	3.0	3.6
2	4	20150916	4.4	49234	12602	35793	34628	33260	17982	0.7	\N	0.8	0.8	3.1	3.6
2	6	20150917	4.4	49251	12602	35793	34628	33260	17982	0.7	0.0	0.8	\N	3.1	3.6
2	5	20150918	4.4	49251	12602	35804	34628	33260	17982	\N	0.0	0.7	0.5	3.1	\N
2	2	20150919	4.4	49251	12602	35804	34635	33260	17982	0.6	0.2	0.7	0.5	3.1	3.6
2	4	20150920	4.4	49252	12602	35804	34635	33260	17988	\N	0.5	0.7	0.5	3.1	3.6
2	6	20150921	4.5	49252	12602	35804	34635	33260	17996	0.7	0.7	\N	0.7	3.0	\N
2	4	20150922	4.5	49252	12602	35804	34635	33260	18002	0.9	0.7	0.9	0.7	3.0	3.6
2	3	20150923	4.5	49252	12602	35804	34635	33260	18002	\N	0.6	\N	0.7	3.0	3.8
2	2	20150924	4.5	49252	12624	35807	34635	33267	18002	0.7	0.4	0.8	0.7	3.0	3.8
2	4	20150925	4.5	49252	12624	35807	34635	33267	18019	0.7	0.4	0.8	0.7	2.8	3.8
2	5	20150926	4.5	49252	12624	35826	34635	33267	18024	0.7	0.4	0.8	\N	2.8	\N
2	1	20150927	4.5	49252	12624	35826	34648	33288	18034	0.7	0.4	0.8	\N	2.8	3.8
2	5	20150928	4.5	49252	12642	35828	34648	33288	18059	\N	0.4	0.8	0.7	2.7	3.8
2	5	20150929	4.5	49252	12642	35828	34648	33288	18059	0.7	0.4	1.1	0.7	2.7	3.8
2	1	20150930	4.5	49252	12642	35828	34648	33288	18061	1.0	0.4	1.2	\N	2.7	3.8
2	3	20151001	4.5	49268	12642	35828	34648	33291	18061	\N	0.4	\N	0.9	\N	3.8
2	6	20151002	4.6	49268	12642	35841	34659	33291	18061	\N	0.6	1.2	\N	\N	\N
2	1	20151003	4.9	49268	12642	35841	34661	33315	18069	0.8	0.6	\N	0.8	2.4	3.6
2	1	20151004	4.9	49272	12665	35841	34661	33315	18069	0.5	0.6	1.2	0.8	2.2	3.6
2	3	20151005	4.9	49280	12665	35841	34682	33315	18069	0.5	0.6	\N	0.8	2.2	3.6
2	3	20151006	4.9	49280	12665	35841	34682	33319	18069	\N	0.6	1.4	0.8	\N	3.6
2	2	20151007	4.9	49280	12687	35857	34682	33319	18069	\N	0.6	1.1	0.8	2.2	3.6
2	4	20151008	4.9	49280	12687	35872	34682	33319	18069	0.3	0.6	\N	1.1	\N	3.6
2	5	20151009	4.9	49280	12687	35872	34682	33319	18069	\N	0.6	\N	1.1	2.4	3.6
2	2	20151010	4.9	49280	12701	35872	34682	33319	18082	\N	0.6	1.1	\N	2.4	3.6
2	2	20151011	4.9	49285	12711	35872	34682	33319	18082	0.3	0.6	1.1	1.1	2.7	3.5
2	4	20151012	4.9	49285	12711	35893	34688	33319	18090	0.3	0.6	1.1	1.1	2.7	\N
2	2	20151013	4.9	49285	12711	35912	34711	33329	18090	0.5	0.6	1.1	0.8	2.7	3.5
2	5	20151014	4.9	49285	12711	35912	34711	33329	18090	0.5	0.6	\N	0.8	2.7	3.5
2	2	20151015	4.9	49285	12711	35912	34711	33343	18090	0.5	0.6	1.1	0.8	2.7	3.5
2	6	20151016	4.7	49285	12711	35915	34734	33343	18107	0.5	\N	1.1	0.8	2.7	3.4
2	3	20151017	4.7	49301	12711	35915	34734	33343	18107	0.5	\N	1.1	0.9	2.8	3.4
2	5	20151018	4.7	49301	12711	35940	34734	33350	18107	\N	0.6	1.1	0.9	2.8	3.4
2	1	20151019	4.7	49315	12711	35963	34734	33350	18116	0.6	0.6	\N	0.9	\N	3.3
2	5	20151020	4.7	49315	12729	35963	34734	33350	18116	\N	0.6	1.2	0.9	2.7	3.3
2	1	20151021	4.7	49315	12729	35968	34754	33350	18116	0.6	0.4	1.2	0.9	2.7	3.3
2	6	20151022	4.7	49326	12729	35968	34754	33350	18116	0.6	0.4	1.2	0.9	2.7	3.3
2	4	20151023	4.7	49326	12729	35991	34754	33350	18117	0.6	0.4	1.2	0.9	\N	\N
2	3	20151024	4.9	49332	12729	35991	34754	33354	18117	0.6	\N	1.2	0.9	2.9	3.3
2	3	20151025	4.9	49337	12729	35991	34754	33374	18132	0.6	\N	\N	0.9	\N	3.3
2	3	20151026	4.9	49337	12729	35991	34754	33374	18132	0.6	0.5	\N	\N	2.9	3.3
2	4	20151027	4.9	49337	12729	35991	34754	33374	18132	0.6	0.5	\N	1.2	2.9	3.3
2	4	20151028	4.8	49339	12729	35991	34754	33396	18132	0.6	0.5	1.3	1.2	2.9	3.3
2	6	20151029	4.5	49339	12729	35991	34754	33405	18132	0.6	\N	1.3	1.5	\N	3.3
2	2	20151030	4.5	49339	12729	36011	34768	33405	18132	\N	\N	\N	1.5	2.9	3.4
2	6	20151031	4.5	49339	12729	36011	34768	33405	18132	0.6	0.8	1.4	1.5	\N	3.4
2	4	20151101	4.5	49339	12729	36011	34768	33405	18132	\N	0.7	\N	1.5	2.8	3.4
2	2	20151102	4.2	49339	12729	36011	34768	33405	18132	0.9	\N	1.4	1.5	2.8	3.4
2	4	20151103	4.2	49339	12746	36011	34768	33405	18132	0.9	0.7	1.4	1.5	2.8	3.4
2	2	20151104	4.2	49364	12746	36011	34774	33407	18132	0.9	0.7	1.4	1.5	\N	\N
2	6	20151105	4.1	49364	12746	36011	34782	33407	18141	\N	0.7	1.4	1.5	\N	3.4
2	1	20151106	4.4	49366	12746	36011	34782	33407	18141	0.9	0.7	1.4	1.5	\N	3.4
2	4	20151107	4.6	49366	12746	36011	34791	33407	18141	0.9	\N	1.4	1.5	2.8	3.5
2	2	20151108	4.6	49366	12764	36011	34791	33407	18147	0.7	0.9	1.7	1.6	2.8	3.5
2	3	20151109	4.5	49366	12764	36011	34791	33407	18147	1.0	0.9	\N	1.6	2.8	3.5
2	3	20151110	4.5	49366	12764	36011	34816	33431	18147	0.7	\N	1.7	1.6	\N	3.5
2	4	20151111	4.5	49366	12778	36011	34836	33431	18153	0.7	0.8	1.7	1.6	\N	3.6
2	1	20151112	4.5	49366	12778	36011	34836	33431	18153	0.7	0.8	1.7	\N	2.5	3.6
2	6	20151113	4.5	49366	12778	36011	34836	33432	18153	\N	0.8	1.7	1.6	2.5	3.6
2	6	20151114	4.5	49366	12778	36011	34836	33432	18153	0.6	0.8	\N	1.6	2.5	3.6
2	3	20151115	4.4	49366	12778	36011	34853	33451	18153	0.6	0.8	\N	1.6	2.5	3.6
2	6	20151116	4.4	49366	12778	36011	34853	33451	18153	0.6	0.8	1.9	1.9	2.2	3.6
2	1	20151117	4.4	49366	12778	36011	34853	33451	18167	0.6	0.8	1.9	1.9	2.2	3.6
2	5	20151118	4.4	49366	12778	36011	34869	33451	18169	0.7	0.8	1.9	1.9	\N	3.6
2	6	20151119	4.3	49366	12778	36011	34869	33451	18169	0.7	\N	1.9	\N	\N	\N
2	1	20151120	4.1	49377	12778	36011	34888	33451	18169	0.7	1.2	\N	1.9	2.2	3.9
2	3	20151121	4.1	49377	12778	36011	34888	33451	18185	0.7	1.2	1.9	1.9	2.2	3.9
2	3	20151122	4.1	49377	12778	36011	34888	33451	18185	0.7	1.3	1.9	\N	2.2	3.9
2	5	20151123	4.1	49391	12778	36011	34888	33451	18185	\N	\N	1.9	1.9	2.2	3.9
2	1	20151124	4.1	49391	12803	36011	34898	33473	18185	0.7	1.3	2.1	1.9	2.2	3.9
2	6	20151125	4.1	49391	12811	36011	34915	33473	18185	0.7	1.3	\N	\N	2.3	\N
2	2	20151126	4.1	49391	12827	36011	34915	33473	18185	0.7	1.3	2.2	\N	2.0	4.2
2	5	20151127	4.2	49391	12846	36026	34933	33473	18185	0.7	1.3	2.2	2.1	2.1	4.2
2	1	20151128	4.5	49391	12846	36026	34933	33473	18185	\N	1.5	\N	2.1	\N	4.2
2	6	20151129	4.2	49391	12864	36026	34933	33473	18185	0.6	\N	2.3	\N	2.2	4.2
2	1	20151130	4.2	49403	12865	36026	34933	33474	18185	\N	1.4	2.3	2.1	2.5	4.2
2	2	20151201	4.2	49418	12865	36026	34933	33478	18208	0.6	1.5	2.2	2.1	2.5	4.2
2	2	20151202	4.4	49434	12865	36048	34933	33478	18208	\N	1.6	2.0	2.1	\N	4.5
2	5	20151203	4.3	49434	12865	36048	34958	33478	18208	0.9	1.6	2.0	\N	\N	\N
2	2	20151204	4.3	49447	12865	36048	34958	33500	18232	0.9	1.7	2.0	\N	2.5	4.5
2	6	20151205	4.3	49447	12865	36065	34962	33500	18232	0.9	1.7	2.0	\N	2.5	4.5
2	1	20151206	4.3	49447	12865	36065	34962	33523	18232	\N	\N	2.0	1.9	2.5	4.5
2	6	20151207	4.3	49462	12878	36065	34962	33523	18232	0.9	1.7	1.8	\N	2.5	4.5
2	2	20151208	4.3	49462	12878	36065	34975	33523	18232	0.9	1.5	1.8	1.7	2.5	4.5
2	1	20151209	4.3	49462	12879	36065	34975	33523	18232	0.9	1.5	1.6	1.4	\N	4.3
2	1	20151210	4.3	49462	12879	36065	34975	33523	18232	\N	\N	\N	1.4	\N	\N
2	2	20151211	4.3	49472	12898	36065	34975	33523	18249	0.9	1.3	1.3	1.4	2.4	4.3
2	1	20151212	4.3	49472	12898	36072	34994	33523	18249	0.9	1.1	1.3	\N	2.4	\N
2	2	20151213	4.1	49472	12898	36072	34994	33523	18262	0.9	1.1	\N	1.3	\N	4.3
2	1	20151214	4.1	49472	12898	36072	35009	33523	18270	\N	1.1	\N	1.4	2.4	4.3
2	3	20151215	4.1	49480	12898	36072	35009	33523	18277	0.7	0.8	1.4	\N	2.4	\N
2	6	20151216	4.1	49489	12908	36072	35027	33523	18277	\N	0.8	1.4	1.6	2.6	4.5
2	6	20151217	4.1	49489	12908	36072	35027	33525	18277	\N	0.8	1.3	\N	2.6	4.5
2	2	20151218	4.1	49492	12924	36072	35027	33525	18277	0.7	0.8	1.3	1.6	2.5	\N
2	1	20151219	4.0	49492	12924	36072	35027	33525	18277	0.7	0.8	1.3	1.6	2.5	4.2
2	4	20151220	4.0	49492	12924	36072	35027	33542	18277	0.5	0.8	1.3	1.8	2.5	4.2
2	5	20151221	3.8	49504	12924	36072	35027	33543	18292	0.5	0.8	1.5	1.8	\N	\N
2	4	20151222	3.8	49516	12925	36072	35029	33543	18296	0.8	0.8	\N	1.8	2.2	4.0
2	1	20151223	3.8	49516	12940	36072	35029	33543	18299	0.8	0.9	1.5	\N	2.2	\N
2	2	20151224	3.6	49516	12950	36092	35029	33543	18299	0.8	1.0	1.5	\N	2.2	3.8
2	1	20151225	3.3	49516	12950	36092	35029	33558	18317	\N	1.0	1.7	1.8	2.2	\N
2	3	20151226	3.3	49516	12950	36105	35029	33558	18317	\N	1.0	1.7	1.8	\N	3.8
2	6	20151227	3.3	49516	12950	36105	35029	33558	18317	0.9	\N	1.7	\N	2.0	3.8
2	3	20151228	3.3	49517	12950	36105	35029	33558	18317	\N	1.1	1.7	1.8	\N	3.8
2	5	20151229	3.3	49517	12974	36118	35042	33558	18317	\N	1.3	\N	1.8	\N	3.8
2	1	20151230	3.3	49517	12974	36118	35042	33558	18321	\N	1.3	1.7	\N	2.0	3.8
2	3	20151231	3.3	49522	12974	36118	35055	33558	18321	0.8	1.3	1.7	1.8	2.0	3.8
2	1	20160101	3.2	49522	12974	36118	35055	33558	18334	0.8	1.3	1.7	1.8	2.0	\N
3	2	20141203	1.8	24346	23891	26842	30750	18624	49798	\N	5.0	2.0	3.6	2.1	1.2
3	6	20141204	1.8	24346	23891	26842	30758	18640	49798	2.5	5.0	2.0	\N	2.4	\N
3	3	20141205	1.8	24346	23891	26842	30758	18645	49798	\N	5.0	2.2	3.6	2.4	1.4
3	2	20141206	1.8	24346	23891	26842	30758	18645	49798	2.4	5.0	\N	3.9	2.7	1.4
3	3	20141207	1.8	24346	23891	26842	30758	18659	49808	\N	\N	2.0	3.9	2.7	\N
3	5	20141208	1.8	24350	23910	26842	30758	18659	49808	2.1	5.2	2.1	\N	\N	1.4
3	6	20141209	1.8	24357	23910	26842	30758	18674	49820	2.1	5.2	2.1	3.6	2.7	1.4
3	1	20141210	1.8	24357	23910	26842	30758	18695	49820	\N	5.2	2.1	3.6	\N	\N
3	2	20141211	1.8	24376	23926	26842	30758	18695	49820	2.1	\N	\N	\N	2.7	\N
3	6	20141212	1.8	24376	23928	26857	30758	18695	49820	\N	5.1	2.1	3.6	\N	1.4
3	1	20141213	1.8	24376	23928	26857	30758	18695	49820	2.3	5.1	2.1	3.6	\N	\N
3	4	20141214	1.8	24376	23928	26857	30760	18695	49820	2.3	5.1	2.1	3.6	3.0	1.2
3	1	20141215	1.8	24376	23928	26857	30760	18695	49820	2.6	5.1	2.1	3.6	3.0	1.3
3	1	20141216	1.8	24376	23930	26879	30760	18695	49820	2.7	5.1	2.1	\N	\N	\N
3	6	20141217	1.9	24376	23930	26879	30763	18718	49824	2.7	5.1	2.1	3.6	\N	\N
3	6	20141218	1.9	24376	23933	26879	30763	18718	49824	2.6	4.9	1.9	3.5	\N	1.3
3	6	20141219	1.9	24376	23933	26879	30763	18738	49824	2.6	\N	1.9	3.5	3.0	1.3
3	1	20141220	1.9	24376	23933	26879	30763	18738	49824	2.6	\N	1.9	\N	\N	1.3
3	4	20141221	1.9	24386	23933	26879	30763	18738	49827	\N	4.9	\N	\N	3.0	\N
3	4	20141222	1.9	24386	23938	26883	30769	18756	49827	2.6	4.9	\N	3.4	3.0	\N
3	2	20141223	2.1	24386	23962	26883	30769	18756	49827	2.6	4.9	2.0	3.4	3.0	1.3
3	6	20141224	2.1	24386	23962	26883	30779	18780	49829	2.6	\N	\N	3.4	3.0	\N
3	5	20141225	2.1	24386	23972	26883	30779	18780	49829	2.6	4.7	\N	3.4	3.0	0.9
3	1	20141226	2.1	24394	23972	26901	30779	18802	49843	\N	4.9	2.3	3.4	3.0	0.9
3	4	20141227	2.1	24412	23972	26901	30779	18812	49843	2.9	4.9	2.3	3.4	\N	0.9
3	1	20141228	2.1	24412	23972	26915	30785	18812	49843	2.7	4.9	2.3	\N	3.0	0.8
3	1	20141229	2.2	24412	23972	26915	30785	18812	49843	2.7	5.2	2.3	\N	3.0	0.9
3	5	20141230	2.2	24412	23972	26917	30785	18812	49843	2.7	5.2	2.3	3.2	3.0	\N
3	1	20141231	2.2	24412	23972	26917	30785	18812	49843	2.7	5.2	2.3	3.2	3.0	0.9
3	6	20150101	2.0	24412	23972	26932	30785	18812	49843	\N	5.2	2.3	\N	3.0	\N
3	1	20150102	2.0	24412	23972	26932	30785	18812	49843	2.7	\N	2.0	3.2	3.0	\N
3	2	20150103	2.0	24412	23972	26932	30785	18812	49843	2.7	5.2	\N	3.2	3.0	0.9
3	4	20150104	2.0	24412	23985	26932	30800	18812	49843	2.7	5.2	1.7	3.2	3.0	1.1
3	5	20150105	2.0	24412	23985	26932	30825	18812	49843	2.7	5.2	1.5	3.3	\N	1.1
3	4	20150106	2.0	24412	23997	26932	30825	18827	49843	2.4	5.2	1.5	3.5	3.0	\N
3	2	20150107	2.0	24412	23997	26932	30825	18827	49866	2.3	5.2	1.4	3.5	3.0	1.1
3	4	20150108	2.0	24412	23997	26932	30825	18845	49866	2.3	5.2	1.1	3.5	3.0	1.1
3	1	20150109	2.0	24412	23997	26932	30825	18845	49866	\N	5.2	\N	\N	\N	1.1
3	2	20150110	2.0	24412	23997	26932	30832	18845	49866	2.3	5.2	1.1	3.5	2.8	\N
3	3	20150111	1.9	24412	23997	26941	30845	18854	49889	2.3	5.1	1.1	\N	\N	1.0
3	2	20150112	1.9	24412	23997	26941	30845	18854	49889	\N	5.1	1.1	3.5	2.8	1.2
3	3	20150113	1.9	24412	23997	26941	30845	18854	49889	2.1	\N	1.0	3.6	2.8	1.2
3	1	20150114	1.9	24412	24003	26941	30845	18854	49889	2.1	5.1	0.8	3.6	\N	\N
3	6	20150115	1.9	24436	24003	26941	30845	18854	49889	2.1	5.1	\N	3.6	2.5	1.3
3	5	20150116	1.9	24436	24003	26941	30845	18864	49889	2.1	4.9	0.8	\N	2.8	1.3
3	1	20150117	1.9	24436	24011	26941	30863	18864	49913	2.1	4.9	\N	\N	2.8	1.3
3	4	20150118	1.9	24436	24035	26941	30863	18864	49913	2.1	4.9	\N	\N	2.8	1.6
3	3	20150119	2.0	24436	24035	26941	30863	18866	49913	\N	4.9	1.0	3.6	2.8	1.6
3	6	20150120	2.0	24436	24035	26941	30863	18866	49913	2.0	4.9	1.0	3.5	2.6	1.6
3	4	20150121	2.0	24436	24041	26941	30863	18866	49913	\N	4.9	1.0	3.6	2.6	1.6
3	1	20150122	2.0	24436	24041	26941	30863	18867	49913	2.0	\N	\N	\N	2.4	1.6
3	3	20150123	2.0	24438	24041	26955	30863	18873	49913	2.0	4.9	\N	3.6	2.4	\N
3	5	20150124	2.0	24438	24041	26955	30881	18873	49913	2.0	4.9	1.0	3.4	2.4	1.4
3	5	20150125	2.0	24438	24041	26955	30881	18873	49913	2.0	4.9	\N	3.4	2.4	1.4
3	6	20150126	2.0	24438	24060	26955	30896	18873	49918	2.0	4.8	1.0	3.4	2.4	1.4
3	4	20150127	1.9	24444	24073	26955	30896	18873	49918	2.0	4.8	1.0	3.4	2.2	1.4
3	3	20150128	1.9	24444	24075	26967	30896	18873	49931	\N	4.8	\N	3.4	2.2	1.7
3	2	20150129	1.9	24444	24075	26967	30896	18876	49931	\N	4.8	0.8	3.4	2.2	1.6
3	1	20150130	1.9	24444	24075	26967	30896	18876	49931	2.0	4.8	0.8	3.4	2.2	\N
3	1	20150131	1.9	24461	24075	26967	30897	18876	49931	2.0	\N	0.8	\N	2.2	1.6
3	5	20150201	1.9	24461	24078	26967	30897	18876	49931	2.0	\N	0.8	3.4	2.2	\N
3	4	20150202	1.6	24461	24078	26974	30897	18880	49931	1.9	4.8	0.8	3.4	2.3	1.6
3	4	20150203	1.6	24466	24078	26974	30897	18889	49935	1.9	4.8	\N	3.2	2.3	1.5
3	1	20150204	1.6	24466	24078	26974	30897	18889	49935	1.9	4.8	0.9	\N	2.4	1.5
3	3	20150205	1.6	24466	24078	26990	30897	18889	49935	1.9	\N	\N	3.0	\N	1.8
3	4	20150206	1.6	24466	24078	26990	30897	18889	49948	1.9	4.7	\N	\N	2.4	1.8
3	5	20150207	1.4	24466	24090	26996	30897	18889	49948	\N	4.7	0.9	2.8	2.4	1.8
3	6	20150208	1.4	24466	24090	26996	30897	18889	49948	1.9	\N	0.9	\N	2.4	1.8
3	5	20150209	1.4	24484	24090	26996	30897	18889	49973	2.1	\N	0.9	2.7	2.4	1.8
3	3	20150210	1.7	24502	24115	26996	30897	18889	49998	2.1	4.1	0.9	2.7	\N	1.8
3	4	20150211	1.7	24502	24115	26996	30897	18889	49998	2.1	\N	\N	2.7	2.4	\N
3	2	20150212	1.7	24525	24115	26996	30897	18889	49998	\N	4.1	0.9	2.7	2.4	1.8
3	1	20150213	1.7	24525	24115	26996	30897	18889	49998	1.9	\N	0.9	2.7	2.4	1.7
3	2	20150214	1.4	24525	24116	26996	30897	18889	49998	2.2	\N	1.1	\N	2.4	1.8
3	5	20150215	1.4	24525	24116	26996	30897	18889	49998	2.4	4.1	1.1	2.7	2.4	1.8
3	2	20150216	1.4	24544	24116	26996	30898	18889	49998	\N	4.1	1.1	\N	2.4	1.8
3	3	20150217	1.7	24556	24121	26996	30898	18889	49998	2.4	4.1	1.1	2.5	2.4	1.8
3	2	20150218	1.7	24565	24121	27008	30909	18889	49998	2.2	4.1	1.3	\N	2.4	1.8
3	1	20150219	1.6	24565	24121	27017	30909	18889	50007	\N	4.0	\N	\N	2.6	1.8
3	5	20150220	1.6	24565	24127	27017	30915	18889	50019	2.2	\N	1.3	2.7	2.6	1.8
3	3	20150221	1.6	24565	24134	27023	30918	18889	50037	2.2	\N	1.6	2.7	\N	2.0
3	1	20150222	1.6	24565	24136	27023	30934	18889	50037	\N	4.0	1.6	2.7	2.6	\N
3	3	20150223	1.6	24565	24136	27023	30935	18890	50037	2.2	\N	1.8	\N	\N	2.3
3	2	20150224	1.6	24565	24136	27023	30935	18890	50037	2.2	\N	1.8	2.6	2.5	2.3
3	4	20150225	1.9	24565	24136	27023	30935	18890	50054	2.2	4.0	1.8	2.6	\N	\N
3	4	20150226	1.9	24587	24141	27023	30952	18910	50054	2.2	4.1	\N	2.6	2.6	\N
3	2	20150227	1.9	24587	24141	27024	30952	18910	50054	\N	4.1	\N	\N	2.6	2.5
3	1	20150228	1.9	24587	24141	27024	30975	18920	50054	2.2	4.1	\N	2.4	2.6	2.4
3	4	20150301	1.9	24587	24141	27032	30975	18920	50054	2.5	3.9	1.9	2.4	\N	\N
3	2	20150302	1.9	24596	24158	27048	30975	18920	50054	2.5	\N	2.0	2.4	\N	\N
3	3	20150303	1.9	24603	24158	27048	30978	18920	50054	2.5	\N	2.0	\N	2.8	2.6
3	6	20150304	1.9	24604	24158	27048	30978	18920	50054	\N	\N	\N	\N	2.8	\N
3	2	20150305	1.9	24604	24168	27048	30989	18929	50054	\N	4.1	2.1	2.8	2.8	\N
3	5	20150306	1.9	24604	24168	27048	30989	18929	50054	2.5	4.1	2.0	\N	2.8	\N
3	5	20150307	1.9	24604	24168	27053	30989	18929	50054	2.5	4.1	2.0	\N	2.8	2.8
3	6	20150308	1.9	24604	24191	27076	30989	18929	50054	2.5	4.1	2.0	3.0	2.8	2.9
3	2	20150309	1.8	24604	24198	27076	31001	18929	50056	\N	4.1	2.0	3.0	\N	2.9
3	4	20150310	1.8	24609	24198	27076	31001	18929	50056	2.5	4.1	\N	\N	\N	\N
3	1	20150311	1.8	24628	24198	27076	31022	18929	50080	2.5	4.1	1.7	3.1	2.8	2.9
3	3	20150312	1.8	24628	24199	27076	31022	18929	50080	2.6	4.1	1.7	3.1	\N	2.9
3	3	20150313	1.8	24628	24199	27076	31023	18929	50080	2.6	4.1	1.7	3.1	2.8	2.9
3	3	20150314	1.7	24628	24199	27076	31023	18948	50080	2.7	4.1	1.7	3.1	2.8	\N
3	2	20150315	1.7	24635	24199	27076	31023	18948	50080	2.6	4.1	2.0	2.9	2.8	2.9
3	5	20150316	1.7	24636	24199	27097	31023	18971	50080	\N	\N	2.0	2.9	2.8	2.8
3	1	20150317	1.7	24636	24199	27097	31023	18971	50087	2.7	4.1	2.0	2.9	2.8	2.6
3	6	20150318	1.7	24636	24199	27097	31023	18971	50087	\N	4.1	\N	2.9	\N	2.9
3	2	20150319	1.7	24645	24199	27097	31043	18971	50087	2.6	4.1	\N	\N	2.8	2.9
3	2	20150320	1.7	24645	24219	27097	31043	18978	50087	2.6	4.1	2.0	2.9	\N	2.9
3	6	20150321	1.7	24645	24219	27097	31043	18978	50087	2.6	4.1	2.0	\N	\N	\N
3	1	20150322	1.9	24645	24232	27097	31043	18978	50087	2.6	4.1	2.0	2.9	2.8	3.3
3	5	20150323	2.1	24649	24239	27097	31066	18978	50087	2.6	4.1	2.0	2.9	2.8	3.3
3	5	20150324	2.1	24649	24239	27097	31066	18978	50087	2.6	4.1	2.2	\N	\N	\N
3	4	20150325	2.1	24649	24239	27097	31066	18978	50087	\N	4.1	\N	\N	2.7	\N
3	3	20150326	2.1	24649	24239	27099	31066	18978	50087	2.9	4.1	2.2	2.6	2.7	\N
3	2	20150327	2.1	24649	24239	27110	31066	18978	50087	2.8	4.1	2.4	2.5	2.7	3.0
3	1	20150328	2.1	24649	24239	27110	31066	18978	50101	\N	4.1	2.4	\N	2.7	3.0
3	5	20150329	2.1	24649	24239	27110	31066	18995	50102	2.8	4.1	2.6	2.4	\N	\N
3	3	20150330	2.1	24649	24239	27132	31066	19018	50113	2.8	4.1	2.6	2.4	2.5	\N
3	6	20150331	2.1	24657	24239	27132	31082	19027	50120	\N	4.1	2.6	2.4	\N	\N
3	2	20150401	2.0	24657	24239	27132	31096	19027	50120	2.8	4.1	2.7	2.4	2.5	\N
3	4	20150402	2.0	24660	24239	27132	31096	19027	50120	\N	\N	\N	2.4	2.5	2.8
3	6	20150403	2.0	24660	24242	27132	31096	19027	50120	2.8	4.1	\N	2.3	2.5	2.7
3	2	20150404	2.0	24660	24242	27132	31096	19027	50120	2.8	4.1	2.7	\N	2.5	2.7
3	5	20150405	2.0	24660	24242	27132	31096	19027	50120	2.8	4.1	2.7	2.5	\N	\N
3	4	20150406	2.1	24660	24242	27132	31096	19037	50120	\N	4.1	2.7	\N	\N	2.7
3	3	20150407	1.9	24660	24267	27139	31096	19037	50120	3.0	3.9	2.7	2.5	2.3	2.7
3	1	20150408	1.9	24660	24267	27139	31096	19050	50136	2.8	\N	2.7	\N	2.3	2.7
3	3	20150409	1.9	24660	24267	27139	31096	19050	50137	2.8	\N	2.7	2.5	2.3	2.6
3	2	20150410	1.9	24662	24267	27139	31096	19050	50137	2.8	\N	2.7	2.5	2.0	2.6
3	3	20150411	1.9	24662	24286	27139	31096	19050	50137	3.1	4.0	2.7	\N	\N	\N
3	3	20150412	1.9	24666	24286	27139	31096	19050	50137	3.1	4.0	\N	2.7	\N	2.4
3	5	20150413	1.9	24666	24286	27139	31096	19056	50137	3.1	4.0	\N	2.7	2.0	\N
3	6	20150414	1.9	24666	24286	27139	31096	19076	50137	3.1	4.0	2.7	3.0	2.0	2.5
3	1	20150415	1.8	24666	24287	27139	31096	19076	50150	\N	4.0	2.7	\N	2.0	2.5
3	2	20150416	1.8	24673	24289	27139	31096	19099	50150	2.8	4.0	2.7	\N	2.0	\N
3	5	20150417	1.8	24673	24289	27160	31096	19108	50168	2.8	\N	2.9	\N	\N	\N
3	1	20150418	1.8	24682	24289	27160	31097	19108	50168	\N	4.0	2.9	3.1	2.0	2.7
3	5	20150419	1.7	24682	24289	27164	31100	19108	50168	\N	4.0	2.9	3.1	2.0	2.7
3	1	20150420	1.9	24682	24304	27164	31100	19108	50168	2.5	3.8	2.9	3.4	2.0	2.7
3	1	20150421	2.1	24682	24304	27164	31100	19108	50168	2.5	3.6	\N	3.4	2.0	\N
3	4	20150422	2.1	24682	24305	27164	31100	19108	50168	2.5	3.7	2.9	3.4	\N	2.7
3	6	20150423	2.1	24682	24305	27164	31100	19115	50168	2.5	\N	2.9	3.4	\N	\N
3	4	20150424	2.1	24682	24305	27172	31100	19134	50168	2.3	3.7	2.6	3.4	2.3	2.5
3	3	20150425	2.2	24682	24305	27188	31109	19134	50168	2.3	3.7	2.6	3.4	\N	2.4
3	4	20150426	2.0	24682	24305	27188	31109	19134	50187	\N	\N	2.4	3.4	2.3	2.4
3	1	20150427	2.0	24701	24305	27188	31109	19134	50187	2.6	3.5	2.4	\N	2.4	\N
3	2	20150428	2.0	24705	24305	27188	31109	19134	50187	2.6	3.5	2.5	3.3	2.4	2.4
3	1	20150429	2.0	24705	24305	27188	31109	19134	50203	2.5	3.5	2.5	3.3	2.4	2.4
3	6	20150430	2.0	24705	24305	27188	31109	19134	50204	2.5	3.5	2.5	3.3	2.2	2.5
3	2	20150501	2.0	24718	24305	27188	31109	19134	50224	2.5	3.5	2.5	3.3	2.2	\N
3	4	20150502	1.8	24718	24305	27188	31131	19134	50235	2.5	3.5	2.5	3.3	2.2	2.5
3	2	20150503	1.8	24718	24305	27191	31145	19140	50235	2.5	3.5	2.5	\N	\N	2.5
3	3	20150504	1.8	24720	24314	27191	31145	19140	50235	2.5	\N	\N	3.3	2.2	2.4
3	1	20150505	1.8	24720	24314	27198	31145	19140	50246	2.5	3.2	\N	3.3	2.2	2.3
3	3	20150506	1.8	24720	24318	27207	31145	19149	50246	2.5	3.2	\N	3.3	\N	2.3
3	3	20150507	1.8	24720	24318	27207	31145	19149	50250	2.5	3.2	2.5	3.3	2.2	2.3
3	6	20150508	1.8	24720	24340	27212	31148	19149	50250	2.5	\N	2.6	\N	2.2	\N
3	1	20150509	1.8	24720	24364	27212	31148	19168	50267	2.5	3.2	\N	\N	2.4	2.1
3	2	20150510	1.8	24741	24364	27212	31148	19168	50267	2.5	\N	2.6	\N	\N	2.1
3	3	20150511	1.8	24741	24364	27215	31148	19168	50267	2.4	3.1	2.6	\N	2.1	\N
3	3	20150512	1.8	24746	24364	27215	31148	19168	50267	2.4	3.1	2.6	\N	2.1	2.4
3	4	20150513	1.8	24746	24364	27226	31173	19170	50267	2.4	3.1	2.6	3.4	2.1	2.4
3	6	20150514	1.8	24746	24364	27226	31183	19170	50267	\N	\N	2.6	3.4	1.9	2.4
3	4	20150515	1.6	24746	24364	27226	31183	19184	50267	2.6	3.2	\N	3.4	1.9	2.4
3	4	20150516	1.6	24746	24365	27226	31183	19198	50273	\N	3.2	2.6	3.4	\N	2.4
3	1	20150517	1.4	24746	24379	27226	31183	19198	50273	2.7	\N	\N	3.4	2.0	2.4
3	3	20150518	1.4	24746	24379	27226	31183	19198	50273	2.7	3.0	2.8	\N	2.0	2.4
3	1	20150519	1.4	24759	24398	27251	31183	19211	50290	2.7	3.0	2.9	3.2	2.0	2.4
3	6	20150520	1.4	24764	24402	27251	31205	19211	50290	2.7	\N	2.9	3.2	2.0	2.4
3	4	20150521	1.4	24784	24402	27261	31228	19211	50291	2.7	\N	2.9	3.2	2.0	2.4
3	5	20150522	1.4	24784	24402	27261	31244	19211	50309	2.7	3.1	\N	3.2	2.0	\N
3	1	20150523	1.4	24784	24402	27261	31244	19211	50309	2.7	3.1	3.0	3.2	2.0	\N
3	5	20150524	1.4	24784	24402	27261	31244	19211	50309	2.7	3.1	3.0	3.4	2.0	2.4
3	1	20150525	1.4	24784	24402	27264	31244	19211	50329	2.4	3.1	\N	3.2	2.0	2.4
3	6	20150526	1.1	24784	24402	27264	31261	19211	50329	\N	3.1	\N	3.2	2.1	\N
3	2	20150527	1.1	24784	24402	27264	31261	19211	50329	2.2	3.1	\N	3.2	2.1	\N
3	6	20150528	1.1	24784	24402	27264	31261	19235	50329	\N	\N	3.0	\N	2.1	\N
3	4	20150529	1.1	24784	24413	27267	31286	19235	50329	\N	3.0	\N	3.2	2.1	2.4
3	6	20150530	1.1	24791	24413	27267	31286	19235	50330	\N	3.0	3.2	3.2	2.1	2.5
3	2	20150531	1.1	24791	24413	27267	31286	19235	50330	2.3	\N	\N	\N	2.1	2.5
3	3	20150601	1.1	24797	24434	27267	31297	19235	50330	2.3	3.0	3.0	3.2	2.2	\N
3	5	20150602	1.1	24818	24434	27272	31317	19235	50330	2.3	3.1	3.0	3.2	2.2	2.2
3	6	20150603	1.1	24818	24434	27272	31317	19259	50330	\N	3.0	2.9	\N	2.2	2.2
3	3	20150604	1.1	24818	24434	27295	31327	19284	50350	2.0	3.0	2.9	3.2	2.2	\N
3	3	20150605	1.1	24818	24434	27295	31327	19284	50350	2.0	3.0	2.9	\N	\N	2.2
3	3	20150606	1.1	24818	24434	27295	31331	19295	50350	2.0	\N	2.9	3.2	\N	2.2
3	4	20150607	1.1	24818	24434	27295	31341	19295	50356	2.0	2.9	\N	3.2	2.2	2.2
3	2	20150608	1.1	24818	24434	27295	31341	19318	50374	2.2	\N	2.9	3.4	\N	\N
3	5	20150609	1.1	24818	24434	27295	31341	19318	50381	2.2	2.9	3.1	3.2	2.2	\N
3	6	20150610	1.1	24818	24436	27295	31365	19338	50381	2.2	2.9	\N	3.2	2.2	2.2
3	2	20150611	1.1	24818	24436	27302	31365	19360	50381	2.3	2.9	3.0	3.2	2.2	2.2
3	5	20150612	1.1	24818	24442	27302	31384	19360	50381	\N	\N	3.0	3.0	2.2	\N
3	3	20150613	1.1	24818	24442	27302	31403	19360	50401	2.3	3.2	3.3	\N	2.2	2.1
3	4	20150614	1.1	24835	24442	27302	31403	19360	50401	2.3	2.9	3.3	3.0	2.2	2.1
3	1	20150615	1.1	24835	24449	27326	31403	19360	50401	2.3	\N	\N	\N	2.0	2.3
3	2	20150616	1.1	24835	24463	27326	31417	19360	50401	2.0	2.8	\N	\N	2.0	2.3
3	3	20150617	1.1	24835	24463	27343	31417	19385	50401	1.7	2.8	3.1	3.0	\N	2.4
3	2	20150618	1.1	24835	24463	27343	31417	19401	50401	\N	\N	3.1	3.0	2.1	2.4
3	4	20150619	1.1	24835	24468	27343	31426	19401	50401	1.7	\N	3.1	3.0	2.4	2.4
3	3	20150620	1.3	24835	24468	27343	31426	19415	50401	1.7	2.8	\N	3.0	2.4	2.3
3	4	20150621	1.3	24835	24487	27343	31426	19415	50401	1.7	\N	\N	3.0	2.4	2.3
3	3	20150622	1.3	24835	24487	27343	31435	19415	50415	1.7	2.9	2.9	3.0	2.4	2.2
3	4	20150623	1.3	24836	24487	27343	31435	19415	50415	1.7	2.9	2.9	3.0	\N	\N
3	3	20150624	1.0	24836	24487	27343	31435	19415	50415	1.7	\N	\N	\N	2.4	2.2
3	6	20150625	1.0	24857	24487	27345	31435	19418	50415	1.7	2.9	2.9	3.0	2.4	2.2
3	2	20150626	1.0	24875	24487	27345	31435	19418	50415	1.8	\N	2.9	3.0	2.4	2.2