0	20171201	137	156	2.5	25	174	195	330	274	308	2.5	3.5	4.0	4.5	0.5	5.0
0	20171202	140	131	2.0	61	162	207	186	160	488	2.0	4.0	1.0	2.5	3.5	3.5
0	20171203	126	150	0.5	94	137	153	374	112	221	2.5	2.0	2.0	3.0	4.0	1.5
0	20171204	126	134	1.5	122	145	130	254	497	291	3.5	2.5	4.0	1.5	3.0	3.0
0	20171205	144	146	2.0	141	188	166	354	470	556	4.5	4.0	3.5	2.0	5.0	4.0
0	20171206	131	159	0.5	158	140	281	362	452	153	4.5	2.0	4.5	4.0	1.5	1.0
0	20171207	153	158	4.0	185	108	232	309	172	254	1.0	4.5	4.5	3.5	1.5	2.0
0	20171208	139	125	5.0	211	134	295	314	442	258	4.0	4.5	5.0	3.0	2.5	3.0
0	20171209	140	154	4.0	222	190	251	295	112	530	2.0	5.0	3.5	5.0	4.5	4.5
0	20171210	158	121	4.5	249	158	260	187	324	576	2.5	0.5	0.5	0.5	5.0	4.0
0	20171211	149	125	0.5	265	106	172	209	276	376	5.0	0.5	0.5	3.0	0.5	2.5
0	20171212	158	157	1.0	275	187	139	156	394	254	4.5	3.0	1.5	0.5	0.5	3.5
0	20171213	126	120	0.5	284	136	173	201	362	561	4.5	4.0	1.0	1.5	4.0	1.5
0	20171214	150	122	1.5	303	153	154	161	274	585	1.5	1.5	4.5	4.0	0.5	5.0
0	20171215	136	131	5.0	327	173	224	326	123	592	1.0	4.0	1.0	0.5	4.5	1.5
0	20171216	153	131	2.0	363	153	177	180	156	421	2.0	2.5	1.5	3.5	1.5	5.0
0	20171217	160	152	3.0	375	101	237	176	197	248	2.5	2.0	3.0	2.0	0.5	2.5
0	20171218	157	131	4.0	415	186	148	195	187	181	3.5	4.0	1.0	5.0	4.0	1.0
0	20171219	145	147	2.5	443	106	105	207	463	179	1.5	0.5	5.0	5.0	1.0	2.0
0	20171220	140	152	1.5	482	124	165	232	209	209	1.5	1.0	1.5	3.5	1.0	1.0
0	20171221	160	142	1.5	520	165	282	205	165	587	0.5	1.0	2.0	1.5	5.0	2.0
0	20171222	155	129	4.0	553	141	195	241	253	237	5.0	3.0	3.5	1.5	5.0	1.5
0	20171223	141	160	2.0	592	153	243	361	223	535	1.0	3.5	4.0	4.0	5.0	3.0
0	20171224	159	122	2.0	608	108	245	289	399	422	2.5	3.0	1.5	1.0	0.5	2.0
0	20171225	128	142	1.5	646	163	260	219	187	247	3.5	5.0	1.0	5.0	2.0	3.0
0	20171226	148	158	4.5	683	195	200	358	141	304	3.0	0.5	0.5	4.5	0.5	3.0
0	20171227	152	149	3.5	712	120	282	210	284	477	2.5	5.0	4.0	3.0	2.5	3.5
0	20171228	158	144	0.5	725	178	120	382	490	224	5.0	4.5	1.5	0.5	0.5	4.5
0	20171229	142	145	3.5	732	140	211	256	384	545	1.0	3.5	3.5	0.5	5.0	2.0
0	20171230	142	135	0.5	741	142	266	207	403	306	0.5	3.5	3.5	1.0	5.0	4.0
0	20171231	143	137	3.5	770	113	208	317	411	412	4.0	1.5	5.0	1.5	4.0	4.0
0	20180101	132	120	2.5	797	159	157	222	469	463	2.5	1.5	1.0	3.0	4.0	3.5
0	20180102	158	129	5.0	812	102	297	333	349	530	1.0	2.0	2.0	0.5	0.5	3.0
0	20180103	124	149	3.0	851	132	273	237	342	347	5.0	1.5	5.0	3.0	4.0	3.5
0	20180104	160	145	1.0	871	158	174	273	177	460	3.5	4.0	3.0	1.0	1.5	2.0
0	20180105	124	153	5.0	906	156	125	317	496	292	1.0	2.0	2.0	1.5	0.5	1.5
0	20180106	126	136	5.0	938	178	154	210	221	172	0.5	1.0	3.5	2.0	4.0	2.5
0	20180107	126	133	3.5	951	158	299	331	293	438	2.0	1.0	1.0	4.0	4.5	4.0
0	20180108	142	137	5.0	975	158	172	270	352	320	2.5	3.0	5.0	2.5	4.0	1.5
0	20180109	149	126	3.0	1006	193	222	345	256	162	3.0	2.5	3.0	5.0	4.0	1.0
0	20180110	127	152	1.5	1036	126	102	276	282	560	2.0	2.0	1.0	0.5	0.5	4.5
0	20180111	137	155	5.0	1055	121	163	366	168	509	1.5	4.0	1.5	4.0	3.5	1.0
0	20180112	135	156	1.0	1095	180	275	238	341	419	1.5	5.0	3.5	2.5	2.0	5.0
0	20180113	140	151	3.5	1104	124	118	351	306	108	0.5	5.0	1.0	4.5	1.0	3.5
0	20180114	129	138	5.0	1115	141	162	358	205	371	5.0	2.0	0.5	2.5	1.5	1.0
0	20180115	122	146	3.0	1151	105	178	339	291	519	3.0	4.0	4.5	2.0	3.5	3.5
0	20180116	153	121	5.0	1175	180	209	140	405	488	2.0	3.0	0.5	2.0	5.0	1.5
0	20180117	130	157	4.5	1201	147	185	314	397	193	1.0	1.5	5.0	5.0	0.5	0.5
0	20180118	157	145	5.0	1238	113	251	342	306	374	1.0	2.0	1.5	1.5	3.0	5.0
0	20180119	151	144	0.5	1271	133	192	277	330	130	3.5	4.5	5.0	4.0	4.0	1.0
0	20180120	125	156	4.0	1294	193	296	292	351	580	3.5	2.0	4.5	2.5	2.0	4.0
0	20180121	129	136	5.0	1327	172	107	282	280	154	5.0	1.5	5.0	1.0	1.5	4.0
0	20180122	125	146	3.0	1365	128	256	197	245	150	3.0	2.0	4.0	3.0	1.5	5.0
0	20180123	133	157	0.5	1371	104	220	122	287	382	0.5	1.5	2.0	2.0	2.0	0.5
0	20180124	154	159	0.5	1400	155	190	119	301	104	4.5	2.0	0.5	5.0	3.5	3.5
0	20180125	151	157	3.0	1428	107	108	327	320	151	4.0	3.5	0.5	3.0	3.5	1.5
0	20180126	136	141	3.5	1468	139	236	373	300	599	1.0	3.5	1.0	3.0	3.5	4.0
0	20180127	126	135	4.5	1494	129	184	130	158	454	1.5	3.0	1.0	0.5	1.5	3.0
0	20180128	129	128	1.5	1525	166	152	141	274	453	1.0	1.5	4.5	1.0	3.0	4.5
0	20180129	145	135	0.5	1563	169	282	387	300	196	5.0	1.5	4.0	2.5	4.0	4.5
0	20180130	152	131	2.0	1598	124	120	316	111	263	2.5	2.5	1.5	2.0	1.0	0.5
0	20180131	150	154	5.0	1617	133	269	361	203	452	2.0	1.5	2.0	0.5	3.5	3.5
1	20171201	138	155	3.5	33	127	150	112	443	230	4.0	3.0	4.0	4.0	4.0	1.0
1	20171202	137	134	2.0	73	194	193	207	132	463	4.0	2.0	4.5	2.0	2.0	4.0
1	20171203	155	151	3.5	89	120	248	196	348	123	3.0	3.0	3.0	5.0	1.5	2.5
1	20171204	149	143	4.0	110	148	244	189	141	481	2.0	3.5	0.5	3.0	0.5	2.0
1	20171205	130	155	4.0	144	140	119	305	393	472	1.0	0.5	3.0	1.5	1.5	3.0
1	20171206	155	131	0.5	181	164	233	123	180	526	4.5	2.0	5.0	1.5	3.5	5.0
1	20171207	143	157	4.0	199	109	109	327	397	350	1.5	3.5	2.5	4.0	2.0	4.5
1	20171208	156	157	5.0	231	194	170	134	150	398	2.0	4.5	3.5	3.5	4.0	2.0
1	20171209	138	134	0.5	264	115	223	371	257	482	2.0	2.5	3.0	3.0	4.0	2.0
1	20171210	146	152	1.5	296	181	148	246	129	206	5.0	0.5	1.0	1.5	0.5	3.5
1	20171211	120	136	1.5	335	119	211	391	252	158	2.5	3.0	3.5	5.0	3.0	4.5
1	20171212	144	141	5.0	344	129	233	148	338	217	3.0	5.0	5.0	3.0	2.0	3.5
1	20171213	129	136	4.0	362	145	251	185	319	240	4.0	1.5	3.0	3.0	2.0	2.0
1	20171214	134	129	1.0	394	166	153	239	442	142	4.0	0.5	4.5	1.0	3.0	4.5
1	20171215	147	142	4.0	427	119	146	143	370	167	4.0	3.0	3.0	3.5	3.5	3.5
1	20171216	147	129	2.0	447	109	276	282	318	538	5.0	5.0	2.5	5.0	5.0	3.5
1	20171217	145	142	0.5	470	121	103	319	169	511	3.0	2.5	4.5	3.0	3.5	1.0
1	20171218	160	124	3.5	507	169	202	215	223	102	3.5	2.0	2.0	2.0	1.5	5.0
1	20171219	147	138	3.0	515	116	243	225	191	425	2.0	2.0	4.0	4.5	4.0	1.0
1	20171220	138	155	1.0	555	175	196	142	408	428	1.0	3.0	3.5	5.0	2.5	0.5
1	20171221	141	157	3.0	584	143	293	185	102	164	0.5	0.5	2.5	2.0	5.0	3.5
1	20171222	137	146	3.5	595	155	154	139	404	202	2.5	1.5	2.0	4.5	2.0	5.0
1	20171223	160	149	4.0	634	142	100	213	258	265	3.0	5.0	0.5	0.5	5.0	5.0
1	20171224	135	132	2.0	655	162	240	198	341	572	5.0	3.0	4.5	0.5	1.0	5.0
1	20171225	152	124	1.0	661	176	270	206	493	268	3.0	1.0	4.5	5.0	5.0	3.0
1	20171226	136	142	3.0	687	174	234	345	349	256	1.0	1.0	2.5	3.5	0.5	3.0
1	20171227	139	152	1.0	707	141	201	252	222	600	2.5	3.0	4.0	1.5	5.0	3.0
1	20171228	156	144	5.0	726	197	229	152	476	143	4.0	3.5	3.0	3.0	2.5	1.0
1	20171229	131	140	2.5	761	158	158	276	425	519	2.0	5.0	4.5	3.5	3.0	5.0
1	20171230	136	139	3.5	782	179	153	196	127	446	4.0	3.0	1.0	0.5	4.5	4.5
1	20171231	129	158	1.5	801	125	165	378	227	116	2.5	1.5	3.0	4.0	3.0	2.0
1	20180101	139	157	2.0	808	116	269	197	139	243	3.5	0.5	2.0	2.0	4.5	5.0
1	20180102	146	148	1.0	841	182	100	333	469	219	4.0	5.0	1.0	4.0	3.5	2.0
1	20180103	125	160	1.0	869	194	245	292	154	430	1.5	3.5	4.0	1.0	2.5	1.0
1	20180104	149	147	1.5	875	123	237	201	313	357	3.0	5.0	3.5	3.5	5.0	4.0
1	20180105	146	124	3.0	897	179	224	154	277	269	1.5	1.0	0.5	1.5	1.5	4.5
1	20180106	126	126	1.5	933	135	299	246	270	313	2.0	4.5	5.0	4.0	1.5	3.0
1	20180107	120	148	4.0	971	158	239	361	239	555	2.0	3.0	3.5	2.0	0.5	3.0
1	20180108	146	123	1.5	978	198	208	194	449	303	3.5	1.0	0.5	3.0	3.0	3.0
1	20180109	124	122	4.0	986	144	187	334	293	510	1.5	0.5	1.0	0.5	1.0	3.5
1	20180110	130	134	5.0	992	149	262	282	311	266	2.0	0.5	3.0	4.5	0.5	4.0
1	20180111	160	135	2.5	1017	163	214	103	146	401	3.0	3.0	2.0	3.0	3.5	5.0
1	20180112	159	157	4.5	1025	132	195	283	491	573	0.5	0.5	3.0	3.5	1.0	3.0
1	20180113	160	146	3.0	1057	153	194	359	384	141	4.0	3.5	5.0	1.5	3.0	2.0
1	20180114	124	120	3.0	1079	111	200	334	306	181	3.5	2.0	5.0	4.5	2.0	3.5
1	20180115	127	137	3.0	1090	117	118	319	432	191	4.0	5.0	5.0	4.5	1.0	3.0
1	20180116	156	131	3.5	1096	122	192	310	146	500	0.5	4.0	0.5	3.5	1.0	0.5
1	20180117	154	139	3.0	1119	159	166	229	282	502	0.5	2.0	4.0	3.5	4.0	3.0
1	20180118	137	149	4.0	1127	171	253	195	410	470	5.0	1.5	5.0	2.5	3.0	3.5
1	20180119	150	146	0.5	1151	167	277	219	456	207	2.5	4.0	2.5	2.0	3.0	2.5
1	20180120	125	129	1.0	1158	154	151	193	149	117	4.5	3.0	1.5	4.5	2.5	0.5
1	20180121	160	145	3.5	1189	181	278	249	426	257	3.0	3.5	3.5	3.0	1.5	4.5
1	20180122	153	126	1.5	1208	134	207	277	108	314	3.5	0.5	2.0	5.0	5.0	4.0
1	20180123	142	142	2.5	1233	117	218	288	248	483	4.5	0.5	5.0	3.5	2.5	1.0
1	20180124	143	145	3.5	1252	101	238	268	184	356	1.0	5.0	1.0	2.0	2.0	3.0
1	20180125	143	138	2.5	1270	125	171	232	180	218	4.0	3.0	1.5	2.5	2.5	3.5
1	20180126	124	140	2.5	1285	155	261	329	425	404	4.5	4.5	5.0	4.0	3.0	3.5
1	20180127	146	122	0.5	1304	185	223	111	214	431	1.5	4.5	5.0	4.0	5.0	0.5
1	20180128	149	155	4.5	1340	153	296	204	257	260	4.5	1.5	3.0	1.0	1.0	3.5
1	20180129	158	131	5.0	1375	109	279	264	487	351	2.5	3.5	3.5	4.0	4.0	3.0
1	20180130	135	134	0.5	1390	178	205	189	343	428	2.0	5.0	0.5	0.5	2.5	4.5
1	20180131	143	147	2.0	1407	188	149	148	486	242	5.0	3.0	4.0	4.5	3.5	5.0
2	20171201	129	124	4.0	12	165	169	342	350	264	4.5	4.0	1.0	0.5	1.0	3.0
2	20171202	134	125	3.5	21	142	133	217	199	236	5.0	4.0	4.5	3.0	3.5	2.0
2	20171203	123	159	5.0	29	171	121	114	355	342	1.0	4.5	4.5	3.0	3.0	2.5
2	20171204	128	139	4.5	39	124	110	318	363	432	3.0	1.5	3.0	1.0	3.5	4.5
2	20171205	135	160	2.5	68	181	126	344	468	357	2.5	0.5	4.5	1.0	4.5	4.5
2	20171206	137	138	1.0	79	149	121	138	187	118	2.5	4.0	3.0	0.5	3.0	2.0
2	20171207	138	125	0.5	107	184	206	212	230	501	3.0	2.5	1.0	3.5	5.0	0.5
2	20171208	147	142	1.0	134	139	207	276	208	546	2.0	3.5	4.0	3.0	1.0	2.0
2	20171209	150	145	5.0	139	136	125	289	478	368	1.5	5.0	4.5	2.0	4.0	4.0
2	20171210	149	124	3.0	173	102	142	225	396	209	2.5	4.5	1.5	1.0	0.5	3.0
2	20171211	136	134	1.0	195	127	151	310	312	385	2.0	5.0	3.0	1.0	2.0	3.0
2	20171212	144	146	1.5	214	121	173	100	364	325	3.0	4.5	0.5	2.5	3.0	3.0
2	20171213	133	124	4.0	240	103	277	250	118	381	0.5	0.5	1.0	5.0	3.0	5.0
2	20171214	155	149	2.0	248	152	233	161	495	410	3.5	3.0	1.0	4.0	0.5	1.0
2	20171215	128	151	1.5	274	183	134	325	500	537	4.5	4.0	2.5	4.5	2.5	3.5
2	20171216	124	156	1.5	311	119	131	347	489	267	2.0	1.5	3.0	2.0	3.0	4.0
2	20171217	136	159	5.0	319	119	292	115	363	560	4.5	3.0	4.0	2.5	1.0	3.0
2	20171218	132	130	2.5	353	135	170	319	483	166	0.5	4.5	3.0	2.5	2.0	2.0
2	20171219	123	132	3.5	389	118	199	129	334	488	2.0	5.0	1.5	3.5	1.5	1.0
2	20171220	120	124	4.0	418	134	285	138	460	301	3.0	2.5	0.5	1.5	3.0	0.5
2	20171221	131	149	4.5	435	198	143	338	282	392	2.5	0.5	2.5	3.5	3.5	1.5
2	20171222	144	146	0.5	453	164	279	245	182	370	0.5	2.0	2.5	1.5	2.0	0.5
2	20171223	154	138	2.0	464	150	144	311	152	142	1.0	2.0	0.5	4.0	0.5	5.0
2	20171224	129	150	1.0	470	141	141	352	410	522	1.5	1.5	1.5	3.0	2.0	3.0
2	20171225	120	123	1.0	501	130	216	363	221	180	0.5	1.5	4.0	1.0	4.5	0.5
2	20171226	127	125	0.5	514	176	233	359	285	186	4.5	4.0	1.0	1.5	3.0	0.5
2	20171227	146	143	2.5	522	171	159	145	420	202	2.0	2.5	1.0	4.5	3.5	0.5
2	20171228	128	134	3.0	538	149	300	372	103	553	2.0	1.0	2.0	1.5	4.5	3.5
2	20171229	133	141	2.0	546	141	213	117	116	145	2.0	1.5	2.5	1.0	3.5	3.0
2	20171230	120	154	5.0	557	174	205	101	100	315	2.5	0.5	2.5	3.0	2.0	5.0
2	20171231	154	160	1.5	588	193	272	251	462	102	3.0	2.5	4.0	3.0	1.5	4.5
2	20180101	151	139	1.5	594	129	161	341	283	300	1.5	5.0	4.0	4.0	3.5	4.5
2	20180102	124	126	1.0	611	105	192	248	328	160	2.5	2.0	2.5	1.5	1.5	3.5
2	20180103	146	144	3.0	619	186	219	180	452	127	3.0	2.5	2.5	4.0	5.0	4.0
2	20180104	137	159	4.5	646	191	100	228	210	362	2.0	0.5	3.5	2.5	4.5	2.0
2	20180105	144	122	1.5	678	168	123	146	445	213	2.5	2.5	3.0	2.0	2.5	5.0
2	20180106	152	160	0.5	683	121	180	101	133	473	1.0	1.5	3.0	2.5	4.0	0.5
2	20180107	126	155	1.5	704	140	226	384	129	143	0.5	3.0	3.0	1.0	4.0	1.5
2	20180108	135	148	4.5	736	145	250	265	109	184	4.0	3.0	2.5	5.0	2.0	2.0
2	20180109	123	155	3.0	751	113	225	278	365	120	3.0	3.5	2.0	1.5	1.0	1.0
2	20180110	129	139	2.5	773	126	252	276	135	353	0.5	4.5	4.5	2.0	4.0	3.5
2	20180111	143	136	4.0	810	183	240	295	432	452	4.0	2.5	2.0	3.5	3.0	0.5
2	20180112	137	155	2.0	830	160	157	245	389	134	5.0	5.0	4.0	5.0	2.0	3.5
2	20180113	121	125	2.5	839	170	266	237	286	169	4.0	3.5	2.5	1.5	2.5	0.5
2	20180114	144	127	4.5	861	149	211	343	176	454	4.5	4.5	5.0	1.5	5.0	2.5
2	20180115	137	122	4.5	871	158	247	280	337	119	3.5	5.0	1.5	1.0	0.5	0.5
2	20180116	131	139	2.5	887	151	238	200	244	406	3.5	1.0	0.5	3.5	0.5	0.5
2	20180117	139	139	3.5	896	122	217	229	447	410	1.0	3.0	1.0	4.5	3.5	4.5
2	20180118	132	155	5.0	911	160	135	194	120	244	2.5	2.5	1.0	3.0	1.5	2.0
2	20180119	150	122	0.5	938	136	243	361	211	301	1.5	5.0	2.0	1.5	3.5	2.5
2	20180120	139	123	2.5	955	176	214	386	171	388	1.0	0.5	2.5	4.5	2.5	1.0
2	20180121	134	125	2.5	986	156	147	393	374	221	3.5	5.0	3.0	3.0	3.5	1.0
2	20180122	155	140	0.5	998	131	225	326	176	536	0.5	3.0	3.5	5.0	0.5	1.5
2	20180123	151	133	5.0	1030	142	198	390	184	110	4.0	0.5	4.0	1.0	1.0	5.0
2	20180124	123	154	2.0	1048	121	187	256	418	231	3.5	4.5	2.0	1.5	3.5	1.5
2	20180125	143	132	2.0	1085	138	171	393	242	245	4.5	3.5	2.0	0.5	3.0	0.5
2	20180126	130	123	4.5	1110	112	231	170	257	401	3.5	2.5	5.0	3.0	4.5	5.0
2	20180127	149	160	1.0	1139	131	266	117	119	370	2.5	5.0	1.0	2.0	3.0	3.5
2	20180128	144	148	3.5	1159	138	144	255	485	459	3.5	0.5	1.5	5.0	0.5	1.0
2	20180129	143	136	1.5	1199	182	255	395	217	558	3.5	0.5	4.0	4.0	1.5	5.0
2	20180130	131	155	2.5	1215	142	271	352	109	274	4.0	1.5	0.5	0.5	0.5	1.5
2	20180131	154	150	1.0	1255	145	291	349	147	187	2.0	1.5	5.0	1.5	1.0	4.5
3	20171201	154	122	4.5	9	102	224	322	175	460	3.5	4.0	4.5	2.5	1.5	1.5
3	20171202	146	123	3.5	47	191	298	400	458	295	4.5	0.5	5.0	2.0	2.0	4.5
3	20171203	145	154	0.5	79	189	130	270	135	208	3.5	4.0	0.5	3.0	4.0	0.5
3	20171204	138	122	4.0	89	165	252	321	407	500	5.0	3.5	1.5	3.0	1.5	5.0
3	20171205	148	130	5.0	99	158	198	234	231	147	3.5	4.0	2.0	3.0	2.0	4.0
3	20171206	136	125	3.5	120	142	285	205	308	388	0.5	2.5	3.0	4.0	3.0	3.0
3	20171207	142	120	4.0	135	101	183	202	500	333	1.5	2.5	3.0	1.0	2.0	1.0
3	20171208	155	133	3.0	170	112	183	303	491	198	1.0	0.5	3.0	5.0	1.0	1.5
3	20171209	135	139	4.5	200	194	162	214	247	209	2.0	2.0	1.5	1.5	5.0	3.0
3	20171210	144	123	0.5	221	181	202	319	461	408	1.0	3.5	5.0	3.0	2.5	2.5
3	20171211	143	132	3.5	237	110	242	345	316	111	4.5	4.5	2.5	1.0	0.5	0.5
3	20171212	159	131	1.5	262	120	148	191	458	565	3.0	3.0	4.5	4.0	2.0	4.0
3	20171213	123	126	5.0	287	109	164	313	483	510	0.5	2.5	4.5	2.5	0.5	2.0
3	20171214	159	155	5.0	298	117	163	148	394	421	0.5	5.0	3.5	2.5	4.5	3.0
3	20171215	149	121	1.0	322	110	139	312	434	426	2.5	5.0	1.5	1.0	3.0	1.0
3	20171216	125	149	3.5	343	105	126	310	490	439	5.0	5.0	2.0	4.5	4.5	2.0
3	20171217	134	128	2.0	364	136	170	363	421	523	4.5	4.0	2.5	0.5	5.0	3.5
3	20171218	133	133	3.5	389	114	234	245	264	325	2.0	1.0	0.5	4.5	2.0	1.0
3	20171219	141	126	3.0	424	198	296	360	144	131	2.5	2.0	1.5	1.5	3.5	2.5
3	20171220	157	144	3.0	447	171	285	301	136	253	2.5	1.0	5.0	4.5	4.5	0.5
3	20171221	120	151	3.5	470	163	169	386	223	388	4.5	5.0	4.5	4.5	0.5	0.5
3	20171222	146	145	3.5	499	190	234	288	103	255	3.5	1.5	5.0	5.0	4.0	4.0
3	20171223	152	156	4.0	505	111	113	264	299	373	0.5	3.5	3.0	2.0	4.5	3.0
3	20171224	141	148	3.0	531	192	291	248	382	372	4.5	5.0	1.5	3.0	4.0	1.5
3	20171225	158	140	1.5	559	162	277	343	128	280	1.5	2.0	3.0	2.0	2.0	5.0
3	20171226	150	140	0.5	572	199	128	243	199	171	5.0	4.0	2.5	4.5	3.5	4.5
3	20171227	123	154	1.0	596	119	207	312	152	236	0.5	2.5	3.0	3.0	4.0	0.5
3	20171228	160	123	0.5	623	178	186	133	108	599	4.0	0.5	5.0	4.0	1.5	3.5
3	20171229	147	137	3.0	653	143	300	119	391	388	1.0	0.5	1.0	2.5	3.0	0.5
3	20171230	143	155	2.0	663	156	151	192	461	255	5.0	3.0	0.5	5.0	2.5	1.0
3	20171231	135	157	1.5	700	138	201	218	108	324	2.5	2.0	1.0	5.0	2.0	4.5
3	20180101	149	132	3.5	727	177	292	304	420	472	2.0	3.0	2.0	4.5	5.0	2.0
3	20180102	138	136	5.0	756	150	244	330	432	143	4.5	1.0	5.0	2.0	4.0	4.0
3	20180103	150	132	0.5	778	173	268	219	410	322	0.5	5.0	4.5	2.0	5.0	2.5
3	20180104	145	138	1.0	785	159	168	260	327	283	2.5	1.0	3.5	2.5	4.5	5.0
3	20180105	136	144	5.0	815	186	267	199	486	594	5.0	1.5	1.0	2.5	4.0	1.0
3	20180106	120	135	0.5	846	135	209	138	214	570	3.5	3.5	2.0	5.0	3.5	3.5
3	20180107	126	125	3.5	867	103	183	118	177	537	4.0	3.5	0.5	1.5	2.0	4.5
3	20180108	147	154	1.0	897	165	150	255	421	155	1.5	3.5	1.5	3.5	3.5	1.0
3	20180109	133	132	2.0	902	161	243	182	337	507	1.0	4.0	3.0	2.5	5.0	0.5
3	20180110	154	137	1.0	917	103	219	368	479	329	2.5	3.0	1.5	3.0	3.0	3.0
3	20180111	121	157	1.0	932	130	264	246	364	481	4.0	5.0	5.0	1.5	1.0	3.0
3	20180112	145	138	0.5	963	197	145	223	171	311	4.5	4.0	2.5	5.0	1.5	2.0
3	20180113	151	136	1.0	977	100	152	341	205	275	3.5	2.5	0.5	3.5	1.0	4.5
3	20180114	151	128	4.5	992	108	163	231	157	107	1.0	0.5	2.5	0.5	2.5	3.0
3	20180115	138	123	4.0	998	117	193	127	184	358	1.0	5.0	2.5	2.0	2.5	1.0
3	20180116	123	148	2.0	1011	117	282	242	124	488	3.5	4.5	4.5	2.0	2.5	0.5
3	20180117	147	144	1.0	1016	145	139	251	147	108	1.0	3.0	2.5	4.5	2.0	0.5
3	20180118	153	158	4.5	1036	108	271	315	370	523	3.5	3.5	1.0	5.0	5.0	4.0
3	20180119	160	130	4.0	1072	173	192	305	231	120	3.5	5.0	2.5	1.0	0.5	4.5
3	20180120	155	137	5.0	1087	197	207	174	496	477	1.5	4.0	4.5	1.0	1.0	3.5
3	20180121	142	144	2.0	1122	107	277	373	132	386	2.5	0.5	1.0	4.5	2.5	3.0
3	20180122	124	152	0.5	1140	122	246	393	327	131	2.5	2.5	4.0	1.5	1.5	1.0
3	20180123	122	151	3.0	1179	156	143	262	269	241	4.5	3.0	1.5	3.5	3.0	4.5
3	20180124	138	131	2.5	1211	196	216	377	416	260	1.5	2.5	0.5	5.0	5.0	1.5
3	20180125	127	128	3.0	1225	147	263	312	319	395	0.5	4.0	1.5	0.5	5.0	0.5
3	20180126	139	137	3.5	1256	182	192	189	250	142	4.0	3.5	5.0	0.5	3.5	3.0
3	20180127	156	127	2.0	1264	131	250	105	252	587	5.0	4.5	5.0	5.0	1.0	1.0
3	20180128	121	128	5.0	1293	183	300	124	166	409	5.0	4.5	0.5	3.5	2.0	1.0
3	20180129	122	135	1.0	1327	122	104	300	293	337	1.0	4.5	4.5	0.5	3.5	2.0
3	20180130	135	122	4.0	1344	129	249	286	466	428	3.0	4.0	1.5	2.5	3.5	3.5
3	20180131	157	153	1.0	1362	101	233	223	322	472	0.5	1.0	2.5	3.5	4.0	4.0
4	20171201	146	136	3.5	31	109	258	262	208	304	2.0	1.5	4.5	2.0	3.5	1.0
4	20171202	142	126	3.0	71	131	229	188	254	166	0.5	5.0	3.0	5.0	2.0	0.5
4	20171203	136	137	4.0	82	178	171	290	463	498	4.5	5.0	1.5	3.0	3.0	1.0
4	20171204	156	159	4.0	102	127	261	101	262	384	4.0	1.5	3.0	5.0	1.5	4.0
4	20171205	149	152	1.5	123	161	275	227	494	227	0.5	4.0	1.5	4.0	3.0	0.5
4	20171206	155	135	2.5	150	129	270	358	402	252	3.5	1.5	3.5	3.0	3.5	2.5
4	20171207	128	148	4.5	178	174	113	244	283	557	1.0	3.5	3.0	2.0	3.5	1.5
4	20171208	157	136	4.0	206	140	198	210	389	263	0.5	2.0	1.0	1.0	1.0	1.5
4	20171209	129	156	1.5	230	147	282	336	207	182	1.0	4.0	5.0	4.5	5.0	0.5
4	20171210	134	126	5.0	267	177	248	396	251	275	2.0	1.0	2.5	2.0	4.5	4.5
4	20171211	159	138	4.5	296	186	277	131	359	114	2.0	4.5	1.5	1.0	1.5	5.0
4	20171212	120	129	0.5	322	181	243	146	222	336	0.5	5.0	4.5	5.0	1.0	5.0
4	20171213	134	143	0.5	327	146	219	134	466	525	3.0	4.0	4.5	4.0	4.0	3.5
4	20171214	128	147	5.0	348	141	224	341	477	433	2.5	1.5	4.0	2.0	1.5	1.5
4	20171215	143	138	1.0	368	101	227	323	146	349	2.5	3.5	4.5	2.0	2.5	5.0
4	20171216	148	125	4.5	387	176	110	256	228	444	4.5	3.0	4.0	3.5	2.5	4.0
4	20171217	131	153	5.0	404	172	191	329	497	433	1.0	3.5	3.5	2.5	5.0	4.0
4	20171218	127	137	3.0	416	105	120	314	365	510	4.0	2.5	2.0	2.5	5.0	0.5
4	20171219	147	149	2.0	448	108	252	259	129	257	5.0	1.5	2.5	0.5	5.0	5.0
4	20171220	134	151	3.0	457	198	155	224	474	251	2.5	3.0	1.5	0.5	2.5	0.5
4	20171221	140	147	4.5	484	139	299	140	182	509	1.0	0.5	3.0	1.0	1.5	3.0
4	20171222	136	156	0.5	498	118	285	355	466	377	2.5	4.0	0.5	1.5	2.0	3.5
4	20171223	156	129	3.0	506	178	147	345	226	133	3.5	1.5	3.5	2.0	0.5	0.5
4	20171224	149	133	1.0	546	102	165	260	368	471	2.5	1.0	4.0	2.5	0.5	4.5
4	20171225	156	137	5.0	582	139	260	390	263	581	1.5	4.0	5.0	2.5	4.0	2.0
4	20171226	150	136	2.0	600	153	168	210	168	191	4.0	2.0	4.5	4.5	3.5	4.5
4	20171227	155	160	2.0	610	170	161	176	218	207	4.5	2.5	5.0	3.0	3.5	5.0
4	20171228	157	155	2.5	646	130	240	197	175	266	4.5	5.0	1.5	1.0	5.0	1.0
4	20171229	138	153	5.0	654	136	206	142	337	434	3.0	4.5	2.5	3.0	5.0	1.5
4	20171230	160	140	3.0	678	127	127	277	350	494	4.0	2.5	5.0	2.0	1.5	1.5
4	20171231	124	124	2.0	714	151	108	236	439	197	2.5	2.5	3.0	4.0	3.5	0.5
4	20180101	125	144	1.0	720	136	190	198	312	511	2.0	1.5	3.5	0.5	1.0	0.5
4	20180102	122	127	1.0	732	100	288	153	215	410	2.5	3.0	5.0	5.0	3.0	2.0
4	20180103	138	151	3.5	769	176	203	348	240	220	2.0	1.0	0.5	2.5	3.0	3.0
4	20180104	155	132	0.5	795	106	115	382	442	228	2.5	1.5	1.5	1.0	2.5	3.5
4	20180105	151	131	0.5	827	141	114	100	429	530	2.5	2.0	3.0	2.0	2.5	2.0
4	20180106	159	135	1.5	860	134	120	274	403	356	1.5	2.5	2.0	0.5	5.0	3.0
4	20180107	158	157	0.5	888	149	247	356	382	438	1.0	5.0	1.0	4.0	2.5	0.5
4	20180108	133	127	3.0	893	192	259	388	391	454	3.0	1.0	1.5	4.5	1.5	2.0
4	20180109	154	152	2.0	924	129	286	326	263	349	3.0	1.0	0.5	3.5	1.0	1.0
4	20180110	149	151	4.5	945	150	194	392	475	563	2.5	0.5	2.0	3.5	1.5	0.5
4	20180111	141	154	5.0	953	170	148	352	414	275	3.0	2.5	2.0	2.5	3.0	1.0
4	20180112	160	128	3.5	987	163	153	378	481	160	3.5	4.5	4.5	4.5	2.5	4.0
4	20180113	129	151	2.5	1017	107	123	347	366	535	2.5	4.0	0.5	4.5	1.0	2.0
4	20180114	135	134	4.5	1041	152	250	145	307	490	2.5	2.0	1.0	5.0	1.5	4.0
4	20180115	148	148	1.0	1049	184	178	101	301	204	1.0	4.5	3.0	2.0	1.0	1.0
4	20180116	135	137	1.5	1070	186	203	128	209	581	2.0	3.0	4.5	4.0	3.0	4.5
4	20180117	154	143	3.5	1087	177	184	381	200	568	5.0	1.5	1.0	1.5	1.0	4.5
4	20180118	147	130	0.5	1115	180	101	159	309	498	3.5	2.0	3.0	1.5	4.5	2.5
4	20180119	148	145	4.0	1124	107	251	344	369	534	4.5	2.5	0.5	1.5	3.0	5.0
4	20180120	148	160	4.5	1153	101	168	386	277	150	3.5	1.5	1.5	0.5	4.5	0.5
4	20180121	125	155	2.0	1161	167	107	150	249	408	0.5	5.0	4.0	2.0	1.0	5.0
4	20180122	156	151	4.5	1185	192	265	255	249	384	1.0	1.0	3.5	0.5	3.0	4.5
4	20180123	133	144	2.5	1213	104	112	189	378	100	2.0	0.5	1.0	1.5	4.0	3.5
4	20180124	123	122	3.0	1219	125	140	315	126	465	1.0	1.5	1.0	3.5	3.5	2.0
4	20180125	124	127	2.5	1240	180	104	209	243	255	2.0	4.5	4.0	1.5	2.5	3.5
4	20180126	153	154	2.0	1269	146	166	313	238	199	0.5	0.5	2.5	4.0	3.0	2.5
4	20180127	150	136	4.0	1275	200	182	336	314	499	2.0	0.5	3.5	1.5	2.5	5.0
4	20180128	123	141	0.5	1288	191	256	142	458	260	3.0	1.5	2.0	4.5	3.0	1.0
4	20180129	122	138	3.0	1310	182	247	257	108	162	3.0	3.5	4.0	4.0	2.5	2.0
4	20180130	129	154	1.0	1324	135	102	214	453	433	3.0	3.0	1.5	0.5	1.5	2.0
4	20180131	154	148	4.5	1359	143	192	375	343	174	2.0	1.5	3.5	0.5	4.0	4.5
5	20171201	124	125	4.5	32	116	220	399	463	189	2.0	1.5	1.5	3.5	2.0	3.0
5	20171202	146	149	2.5	59	162	134	382	405	580	1.0	4.5	1.5	2.0	5.0	1.0
5	20171203	122	138	2.0	76	180	157	182	233	575	1.0	5.0	4.5	2.0	3.5	1.5
5	20171204	145	154	3.0	114	105	114	120	404	182	2.5	0.5	4.0	2.0	0.5	2.5
5	20171205	134	143	4.0	131	133	106	163	162	517	1.5	4.5	3.5	5.0	1.5	4.5
5	20171206	137	150	2.0	152	135	127	269	430	285	1.0	3.0	3.5	1.5	3.0	2.5
5	20171207	123	159	4.0	168	108	154	229	131	497	2.0	4.0	4.5	2.0	2.5	1.5
5	20171208	131	159	5.0	174	142	213	353	220	132	1.5	1.0	2.0	5.0	1.0	5.0
5	20171209	135	151	5.0	186	187	104	246	376	175	3.0	4.5	4.5	2.0	0.5	0.5
5	20171210	130	153	0.5	221	124	208	159	331	564	2.5	1.5	3.5	2.5	4.5	4.0
5	20171211	133	127	4.5	237	125	208	347	435	583	4.5	0.5	2.5	1.0	4.0	0.5
5	20171212	158	160	1.0	277	155	212	320	357	240	4.0	4.0	4.5	2.0	0.5	2.0
5	20171213	133	121	2.0	299	166	184	243	480	512	0.5	3.0	3.5	4.0	5.0	0.5
5	20171214	148	125	5.0	310	122	179	248	178	228	3.5	1.0	2.5	1.0	2.0	1.5
5	20171215	136	122	5.0	317	140	172	270	114	269	3.0	3.0	2.5	2.0	1.5	0.5
5	20171216	135	123	2.0	322	166	178	249	443	599	3.0	3.5	5.0	1.0	1.5	3.0
5	20171217	147	159	0.5	335	192	267	296	192	387	4.0	1.0	4.0	4.0	4.5	5.0
5	20171218	122	138	0.5	350	135	228	385	350	424	0.5	4.5	0.5	1.5	1.5	3.5
5	20171219	155	153	4.5	382	121	129	282	256	500	4.0	4.5	1.0	2.0	4.0	4.5
5	20171220	132	149	2.5	395	156	136	232	455	285	2.0	5.0	4.5	1.5	2.0	2.5
5	20171221	122	139	4.0	421	183	102	111	258	188	2.0	3.5	2.5	2.5	5.0	3.0
5	20171222	153	138	4.0	435	106	288	216	329	252	0.5	0.5	1.5	0.5	2.0	5.0
5	20171223	143	134	2.5	475	157	275	241	164	111	3.5	5.0	0.5	3.0	0.5	3.0
5	20171224	150	126	4.5	498	144	250	111	450	151	4.5	2.0	2.5	5.0	4.0	5.0
5	20171225	136	155	1.0	507	182	121	296	132	430	0.5	5.0	1.0	3.5	0.5	4.5
5	20171226	146	139	4.0	541	130	193	396	403	186	1.5	4.5	1.0	2.5	4.0	0.5
5	20171227	135	122	1.0	558	155	199	179	175	463	3.0	2.0	3.0	5.0	2.5	0.5
5	20171228	123	125	3.5	580	140	221	177	427	174	3.0	0.5	0.5	2.5	3.5	1.5
5	20171229	140	137	1.5	585	121	172	280	122	511	3.0	1.0	4.0	0.5	1.0	2.0
5	20171230	140	154	4.5	610	101	178	211	450	422	2.5	2.5	5.0	4.5	3.5	4.0
5	20171231	145	159	1.0	626	108	253	142	427	462	2.0	0.5	3.0	2.0	3.0	4.0
5	20180101	128	132	4.0	666	114	229	123	156	537	3.0	2.0	1.0	4.0	3.5	4.5
5	20180102	131	140	3.5	686	193	182	298	475	316	4.5	1.0	1.0	3.5	3.5	2.5
5	20180103	135	158	1.5	700	101	205	311	108	292	2.5	4.5	0.5	3.5	4.0	4.0
5	20180104	151	127	5.0	731	119	113	336	294	567	1.0	4.0	2.5	1.0	3.0	3.5
5	20180105	151	158	5.0	762	140	216	391	261	323	1.5	4.5	4.0	4.5	4.5	4.5
5	20180106	123	123	1.5	782	189	244	186	364	572	1.5	0.5	3.5	1.0	3.0	2.0
5	20180107	134	144	0.5	794	175	191	394	491	541	5.0	2.5	2.0	1.0	3.5	4.0
5	20180108	131	128	2.0	825	195	211	373	131	175	2.0	0.5	2.5	3.5	3.0	5.0
5	20180109	149	157	4.0	833	153	291	119	193	477	3.5	1.5	3.0	4.5	2.5	4.0
5	20180110	150	135	1.0	844	173	208	151	433	122	2.5	3.5	4.0	3.0	2.5	3.5
5	20180111	145	122	4.0	874	102	290	291	382	287	0.5	2.5	0.5	3.0	2.5	2.0
5	20180112	127	138	2.0	909	130	196	127	178	295	2.0	3.5	1.0	3.0	0.5	1.5
5	20180113	136	160	3.0	940	156	192	115	206	133	5.0	1.5	0.5	2.0	1.5	3.5
5	20180114	147	144	1.5	970	123	141	337	313	102	2.0	4.5	5.0	1.0	5.0	3.5
5	20180115	147	139	4.0	983	123	178	222	234	112	2.5	5.0	1.5	3.5	1.0	4.0
5	20180116	151	137	0.5	998	101	254	239	193	407	3.5	4.0	1.0	3.5	2.0	3.5
5	20180117	141	131	1.0	1034	124	125	332	304	332	5.0	4.5	2.5	2.0	3.5	2.0
5	20180118	131	136	4.5	1049	132	217	126	379	112	4.5	4.0	3.5	5.0	3.5	1.0
5	20180119	145	143	3.5	1070	200	228	243	449	174	2.5	3.5	5.0	1.5	0.5	2.0
5	20180120	149	153	2.0	1103	133	284	271	119	436	0.5	0.5	1.0	2.0	4.0	4.0
5	20180121	138	144	1.5	1125	131	238	197	399	362	3.0	2.5	4.5	4.0	4.0	5.0
5	20180122	139	159	1.0	1154	107	209	114	476	414	4.0	3.0	0.5	2.0	2.0	4.5
5	20180123	140	153	1.0	1185	105	224	170	131	354	4.0	2.0	2.0	3.5	0.5	2.0
5	20180124	160	159	2.0	1201	101	219	129	408	475	3.0	1.0	4.5	5.0	4.0	2.5
5	20180125	153	150	0.5	1219	155	176	396	410	126	5.0	4.0	4.5	1.0	2.0	2.5
5	20180126	149	141	4.5	1250	189	235	309	179	251	0.5	1.5	0.5	2.5	1.0	2.0
5	20180127	158	144	4.0	1270	179	198	347	155	148	4.5	1.0	5.0	5.0	2.5	1.0
5	20180128	134	127	3.5	1298	165	179	113	472	231	4.0	0.5	2.0	2.5	4.0	3.5
5	20180129	145	153	2.0	1329	131	164	107	123	253	5.0	2.0	5.0	1.5	0.5	5.0
5	20180130	156	128	2.5	1361	150	162	134	399	316	3.5	5.0	5.0	1.5	5.0	2.0
5	20180131	123	136	3.0	1396	190	255	174	284	198	4.5	4.5	3.5	3.5	1.0	5.0
6	20171201	157	141	3.0	40	114	286	257	464	235	2.5	2.0	5.0	4.5	3.0	5.0
6	20171202	145	146	3.5	49	128	250	177	496	402	3.5	2.0	5.0	1.5	3.5	0.5
6	20171203	138	122	1.5	57	191	289	378	459	507	3.0	1.0	3.5	1.5	1.0	5.0
6	20171204	123	150	2.5	73	148	255	276	259	305	1.0	3.5	0.5	3.0	2.0	0.5
6	20171205	158	136	0.5	103	101	219	183	285	444	3.5	0.5	1.5	0.5	4.5	0.5
6	20171206	128	144	1.5	114	119	292	385	152	458	0.5	1.0	1.0	4.0	4.5	2.5
6	20171207	159	157	0.5	123	108	113	260	117	591	4.0	0.5	2.5	0.5	4.0	3.5
6	20171208	159	159	1.0	146	146	262	219	283	559	2.0	0.5	5.0	4.0	5.0	3.0
6	20171209	153	135	1.0	186	148	256	378	487	278	0.5	1.5	3.5	4.5	2.0	1.0
6	20171210	137	123	3.0	200	192	122	380	263	536	3.0	1.0	2.5	4.0	2.5	4.5
6	20171211	151	126	3.0	229	191	272	251	370	444	4.5	5.0	1.0	0.5	2.0	3.5
6	20171212	135	128	5.0	255	144	162	174	307	197	3.5	5.0	3.0	0.5	5.0	3.5
6	20171213	147	130	2.0	271	104	221	378	334	388	1.0	4.0	3.0	5.0	1.0	3.5
6	20171214	139	157	0.5	281	111	105	237	480	105	4.0	4.5	0.5	4.5	5.0	2.0
6	20171215	138	131	1.0	289	181	195	266	133	446	0.5	2.0	4.5	2.0	1.5	1.5
6	20171216	125	123	1.0	319	178	251	127	362	313	0.5	5.0	3.5	2.0	0.5	3.0
6	20171217	151	140	1.5	337	159	148	151	340	331	1.5	1.0	0.5	2.5	3.0	1.0
6	20171218	137	125	4.0	374	131	231	309	388	439	2.5	2.5	4.0	3.0	0.5	4.0
6	20171219	131	140	1.0	380	109	191	204	332	376	3.0	4.5	3.0	4.5	2.5	2.0
6	20171220	150	132	3.0	395	147	245	359	422	588	3.5	0.5	4.5	4.5	1.0	4.5
6	20171221	141	141	4.5	414	191	296	179	282	539	3.0	4.5	3.5	1.0	4.0	1.5
6	20171222	131	131	2.5	429	189	129	318	237	271	4.5	1.0	4.0	0.5	5.0	3.0
6	20171223	148	152	4.0	456	146	281	247	281	342	2.0	1.0	1.0	2.0	3.5	5.0
6	20171224	157	145	3.0	495	177	223	138	482	298	3.0	1.0	2.0	5.0	2.0	1.0
6	20171225	125	137	3.5	530	188	102	123	251	568	3.5	1.5	3.0	1.5	4.0	4.0
6	20171226	154	141	1.5	551	160	136	127	105	316	4.5	4.5	4.5	2.5	1.0	5.0
6	20171227	153	140	4.0	583	174	254	213	101	264	1.5	0.5	4.5	3.0	3.5	3.5
6	20171228	159	133	3.0	593	192	183	392	252	162	3.5	1.0	3.5	2.0	0.5	2.0
6	20171229	159	127	4.0	615	108	136	355	448	237	1.5	2.5	4.5	5.0	1.5	2.5
6	20171230	126	154	1.0	621	129	262	306	149	538	0.5	3.0	4.5	3.5	1.0	1.5
6	20171231	132	121	3.0	643	125	289	288	226	332	4.0	4.0	0.5	3.5	3.0	4.0
6	20180101	130	140	3.5	680	148	268	297	290	229	3.0	3.0	0.5	2.5	3.5	1.5
6	20180102	155	155	2.0	685	184	220	356	340	199	3.5	0.5	3.5	2.0	3.5	4.0
6	20180103	137	159	1.5	694	166	186	123	372	135	1.0	2.0	1.0	0.5	4.0	4.5
6	20180104	159	155	3.5	714	179	237	314	318	547	4.5	3.0	1.5	4.0	2.5	3.0
6	20180105	147	136	1.0	738	196	164	256	388	364	4.0	0.5	0.5	3.5	4.0	4.5
6	20180106	140	138	2.0	752	190	199	355	331	523	4.5	4.5	1.5	2.0	3.5	4.0
6	20180107	159	156	4.0	760	199	180	132	472	231	0.5	3.0	5.0	4.0	4.0	3.0
6	20180108	154	149	2.0	798	199	182	127	305	280	2.0	0.5	2.5	1.0	3.5	1.5
6	20180109	145	145	0.5	826	103	246	216	300	582	3.5	4.5	3.0	2.5	1.5	4.0
6	20180110	156	132	5.0	833	149	208	209	309	371	2.0	3.5	0.5	4.5	2.0	5.0
6	20180111	153	155	2.0	843	119	221	341	101	262	2.5	5.0	4.5	4.0	3.0	0.5
6	20180112	131	160	0.5	869	182	168	288	315	171	2.0	3.0	4.0	1.0	2.0	4.0
6	20180113	146	160	0.5	882	140	194	319	273	128	0.5	1.0	1.5	5.0	1.5	3.5
6	20180114	128	139	3.0	922	167	101	318	155	212	5.0	3.5	0.5	3.0	1.5	1.0
6	20180115	141	122	4.0	933	122	100	244	343	399	0.5	5.0	3.5	0.5	2.5	3.5
6	20180116	156	156	5.0	939	109	219	226	340	386	3.5	4.0	5.0	1.0	2.5	5.0
6	20180117	159	132	5.0	966	133	145	390	382	496	0.5	3.0	3.0	5.0	4.5	2.5
6	20180118	143	149	0.5	983	188	224	137	357	410	1.5	3.5	2.5	2.5	4.0	2.5
6	20180119	149	140	4.0	1013	154	154	132	224	324	2.0	4.5	5.0	5.0	2.5	1.5
6	20180120	135	124	2.5	1022	167	102	279	385	113	5.0	0.5	3.5	3.0	1.0	1.0
6	20180121	137	151	1.0	1040	138	252	302	429	231	1.5	5.0	4.0	1.5	4.0	3.0
6	20180122	128	147	1.5	1079	134	185	120	164	305	5.0	4.0	3.0	1.0	2.5	2.0
6	20180123	136	147	3.0	1112	176	100	313	212	356	3.5	0.5	4.0	0.5	3.0	1.0
6	20180124	145	128	1.0	1145	147	152	304	339	256	2.5	1.0	0.5	4.0	5.0	4.5
6	20180125	152	147	1.5	1160	120	218	339	131	466	3.0	5.0	0.5	1.5	4.5	1.5
6	20180126	134	137	0.5	1185	199	274	153	429	432	3.0	1.5	3.0	4.0	3.5	4.0
6	20180127	148	141	2.0	1191	119	173	140	261	416	3.0	2.5	3.5	4.5	4.5	5.0
6	20180128	133	130	4.0	1203	108	128	136	449	186	3.0	4.0	4.5	4.0	1.0	2.5
6	20180129	122	154	0.5	1228	156	299	206	235	337	4.0	4.5	2.5	1.0	3.0	1.5
6	20180130	130	146	1.0	1262	127	255	375	189	591	4.5	2.5	2.5	0.5	3.5	4.0
6	20180131	127	140	5.0	1293	131	193	257	380	164	5.0	1.0	2.0	1.0	3.5	1.5
7	20171201	124	142	1.5	21	182	250	256	208	341	3.5	3.0	3.5	5.0	3.5	5.0
7	20171202	154	152	2.5	56	109	136	262	491	219	2.5	0.5	3.0	2.0	2.5	3.5
7	20171203	156	130	5.0	69	161	241	206	337	254	3.0	5.0	4.5	5.0	4.5	3.0
7	20171204	128	131	3.0	81	181	130	191	374	565	5.0	1.5	3.5	1.0	3.5	5.0
7	20171205	160	156	3.5	107	155	196	286	237	400	2.5	2.0	5.0	0.5	2.5	4.0
7	20171206	140	124	4.5	115	141	294	212	231	257	0.5	0.5	3.0	4.5	1.0	1.0
7	20171207	150	157	4.0	147	185	273	380	354	112	2.5	3.0	4.0	4.5	4.0	2.0
7	20171208	152	120	5.0	162	200	241	306	104	419	3.5	2.5	2.5	0.5	3.0	3.0
7	20171209	156	122	4.0	172	115	152	130	136	586	0.5	0.5	2.0	1.0	3.0	2.0
7	20171210	134	138	5.0	177	153	146	268	338	162	4.0	1.5	1.0	2.5	4.0	2.0
7	20171211	125	134	3.0	210	131	156	174	159	592	3.5	1.5	4.5	3.5	1.5	2.0
7	20171212	159	126	4.5	223	155	163	338	217	593	5.0	2.0	1.0	5.0	1.0	0.5
7	20171213	145	153	4.5	228	133	216	315	369	585	3.5	4.0	3.0	4.0	4.0	3.0
7	20171214	129	126	1.5	268	110	284	219	210	386	5.0	4.5	2.5	0.5	1.0	2.5
7	20171215	125	140	1.0	296	152	167	379	324	521	2.5	5.0	1.5	0.5	2.5	2.5
7	20171216	143	146	2.5	324	182	169	259	215	427	2.5	0.5	3.0	0.5	4.5	1.0
7	20171217	151	156	0.5	344	200	102	334	355	116	2.0	5.0	2.5	1.5	2.5	2.0
7	20171218	133	160	4.5	363	152	131	136	423	592	0.5	5.0	4.0	3.5	0.5	1.0
7	20171219	122	136	0.5	381	199	239	108	202	182	4.5	0.5	0.5	2.0	3.5	3.0
7	20171220	144	143	2.0	415	115	198	201	484	183	4.0	3.5	4.5	1.5	4.5	2.5
7	20171221	148	152	1.0	441	142	211	244	100	145	3.5	5.0	4.5	3.0	2.0	4.5
7	20171222	140	155	4.0	461	193	203	376	176	344	2.5	5.0	0.5	2.0	0.5	1.5
7	20171223	121	146	1.5	485	131	203	378	298	478	3.5	1.5	1.5	3.5	1.0	5.0
7	20171224	130	153	3.0	491	197	178	196	452	433	3.5	1.5	4.5	4.5	3.5	3.5
7	20171225	160	123	2.5	527	107	110	280	127	599	3.0	2.5	0.5	1.0	1.0	5.0
7	20171226	153	147	4.5	543	137	110	163	301	427	1.5	1.5	0.5	0.5	3.0	4.5
7	20171227	138	148	3.0	556	158	259	238	388	189	4.0	1.5	5.0	1.0	3.5	1.0
7	20171228	145	120	1.5	568	182	144	139	192	304	2.0	1.0	1.5	1.5	2.0	0.5
7	20171229	120	152	5.0	598	196	223	182	149	486	0.5	3.5	1.0	4.5	1.5	2.5
7	20171230	144	123	3.5	603	145	165	218	312	275	1.5	3.5	2.0	4.0	4.0	3.5
7	20171231	139	152	4.5	616	125	296	393	295	257	1.0	5.0	3.5	2.5	3.5	3.0
7	20180101	145	128	3.0	656	125	161	163	363	555	1.0	4.5	1.5	4.5	2.0	0.5
7	20180102	134	133	3.5	680	184	230	317	127	390	1.0	2.5	4.5	1.0	4.5	5.0
7	20180103	127	157	0.5	711	115	133	292	105	543	2.0	4.5	3.0	1.0	4.0	4.0
7	20180104	131	153	3.5	728	158	180	106	188	289	2.5	1.5	4.5	5.0	2.0	0.5
7	20180105	128	136	2.0	742	165	299	281	141	290	3.0	2.5	4.5	4.5	4.0	4.0
7	20180106	148	128	2.0	768	163	298	258	481	119	3.5	5.0	4.5	1.5	4.0	3.0
7	20180107	131	129	4.5	806	193	189	224	416	178	2.0	1.0	4.5	2.5	2.0	2.5
7	20180108	122	121	4.0	823	120	216	117	194	540	4.5	3.5	4.5	3.0	4.5	0.5
7	20180109	127	148	2.0	829	143	255	233	281	347	3.0	3.5	0.5	3.5	3.0	3.0
7	20180110	124	151	2.0	869	164	288	151	253	403	2.5	5.0	2.5	3.0	5.0	4.0
7	20180111	127	152	2.0	895	169	280	246	494	311	4.0	1.0	4.5	1.0	0.5	2.5
7	20180112	143	144	2.0	902	107	178	129	244	143	0.5	4.5	4.5	2.5	2.5	0.5
7	20180113	126	129	3.0	913	114	262	247	239	528	2.0	2.5	3.5	2.5	4.0	1.0
7	20180114	128	140	3.0	953	158	258	304	306	203	2.5	1.0	0.5	0.5	3.5	4.0
7	20180115	150	154	2.0	969	166	168	329	255	172	2.5	3.0	4.5	1.0	4.5	0.5
7	20180116	139	130	1.5	994	119	292	287	130	362	2.0	2.5	3.0	2.5	2.0	1.5
7	20180117	131	159	0.5	1032	116	282	341	192	115	5.0	4.5	3.5	3.0	5.0	1.5
7	20180118	125	139	2.0	1071	132	158	183	329	355	5.0	3.5	2.5	2.0	2.0	2.0
7	20180119	127	153	2.0	1102	168	263	143	378	478	4.5	3.5	4.0	2.0	0.5	1.0
7	20180120	122	156	1.0	1110	102	227	241	462	104	3.5	2.5	2.5	0.5	1.0	3.0
7	20180121	148	140	2.5	1149	153	276	154	158	146	1.0	2.5	3.0	4.5	0.5	3.0
7	20180122	123	135	1.0	1160	137	210	250	388	157	1.5	1.0	5.0	4.0	5.0	0.5
7	20180123	120	158	1.5	1178	161	111	368	455	574	0.5	5.0	1.0	3.5	3.0	3.0
7	20180124	151	153	0.5	1189	177	278	263	370	193	3.0	4.0	5.0	1.5	0.5	3.5
7	20180125	129	141	1.0	1202	161	148	179	268	506	2.0	5.0	3.5	4.5	3.0	0.5
7	20180126	136	124	2.0	1217	175	198	177	266	477	0.5	5.0	1.5	2.0	2.5	5.0
7	20180127	124	132	5.0	1225	146	208	139	189	440	1.0	0.5	5.0	4.5	5.0	3.0
7	20180128	124	126	0.5	1236	113	197	388	301	170	2.0	0.5	5.0	3.5	1.0	3.5
7	20180129	144	122	0.5	1267	193	229	311	329	282	4.0	0.5	4.0	5.0	4.5	4.0
7	20180130	125	145	2.5	1305	129	243	181	211	491	4.0	3.0	2.0	1.5	2.0	1.0
7	20180131	120	121	5.0	1334	187	277	111	299	548	0.5	3.0	3.0	0.5	2.0	3.5
8	20171201	149	152	2.5	14	123	195	255	108	273	2.5	0.5	0.5	1.5	3.0	0.5
8	20171202	125	136	3.5	32	121	289	212	322	282	4.0	4.5	5.0	3.0	3.5	4.0
8	20171203	130	136	3.0	54	111	272	129	313	166	1.5	3.5	4.0	2.5	2.5	3.0
8	20171204	151	134	3.5	86	135	187	121	494	333	0.5	3.5	3.0	3.0	2.0	1.5
8	20171205	126	138	5.0	109	189	180	142	141	390	5.0	2.0	4.5	4.5	4.0	3.0
8	20171206	151	133	5.0	115	113	242	152	114	176	3.5	4.5	1.5	3.5	2.5	2.0
8	20171207	146	122	4.5	151	138	298	307	164	529	0.5	0.5	2.5	1.0	3.5	1.0
8	20171208	127	145	5.0	172	183	109	209	151	121	1.5	1.0	2.0	1.0	1.5	0.5
8	20171209	124	149	1.0	194	110	248	129	122	330	1.5	0.5	3.0	5.0	4.5	2.5
8	20171210	160	148	3.5	231	180	195	291	148	308	2.5	2.0	0.5	5.0	1.0	3.5
8	20171211	143	128	4.0	248	164	164	226	216	460	5.0	5.0	5.0	1.5	4.0	4.0
8	20171212	134	144	5.0	254	109	108	362	250	557	4.0	5.0	4.0	2.5	4.5	2.0
8	20171213	150	122	1.0	286	138	200	170	293	549	3.0	3.5	0.5	1.0	3.5	3.0
8	20171214	137	155	4.5	321	114	286	377	495	505	3.0	2.0	4.0	0.5	5.0	2.0
8	20171215	151	155	2.0	356	174	270	363	169	421	4.0	5.0	3.5	1.0	4.5	5.0
8	20171216	159	140	5.0	378	180	209	124	448	104	0.5	5.0	2.5	4.0	3.5	2.0
8	20171217	131	153	5.0	414	112	196	359	489	135	3.0	4.0	4.0	5.0	1.5	4.0
8	20171218	130	124	2.5	434	109	224	355	330	589	2.0	2.5	2.5	1.5	1.0	2.5
8	20171219	131	148	5.0	463	106	184	282	141	566	2.0	2.0	1.0	4.5	3.0	4.0
8	20171220	154	152	3.5	474	147	233	370	167	348	3.0	5.0	1.5	0.5	1.0	3.0
8	20171221	133	144	2.0	487	163	251	265	364	252	3.0	4.0	1.5	1.0	0.5	4.5
8	20171222	136	153	3.0	499	113	240	162	205	280	4.5	3.0	1.0	2.5	3.0	0.5
8	20171223	156	157	3.5	535	118	135	335	234	316	5.0	3.5	4.0	2.5	2.0	1.5
8	20171224	159	144	2.5	555	182	211	361	311	432	4.5	3.5	1.0	1.0	1.0	0.5
8	20171225	120	140	1.5	590	188	129	116	421	216	4.0	4.5	5.0	4.0	3.0	1.0
8	20171226	151	141	1.0	616	144	257	366	291	372	4.0	0.5	0.5	1.0	3.5	3.0
8	20171227	158	159	2.5	627	175	182	348	182	187	2.0	3.0	2.5	0.5	4.5	2.0
8	20171228	124	135	5.0	655	148	220	203	195	541	0.5	4.5	4.0	0.5	2.0	2.5
8	20171229	131	150	4.5	673	104	145	177	447	528	3.5	4.0	0.5	5.0	4.5	1.0
8	20171230	139	143	0.5	678	195	120	274	340	598	1.0	3.0	1.0	4.0	1.5	2.0
8	20171231	146	135	3.5	698	181	286	264	384	502	4.0	1.5	0.5	2.5	1.0	4.5
8	20180101	126	148	0.5	733	127	204	332	111	400	2.5	3.5	4.0	4.0	2.0	3.5
8	20180102	136	136	5.0	739	192	104	243	152	402	2.5	5.0	4.5	5.0	2.5	4.0
8	20180103	155	121	0.5	746	139	296	323	232	195	2.0	1.5	2.0	1.5	5.0	3.5
8	20180104	154	126	1.0	771	194	298	113	301	470	4.0	4.0	4.5	0.5	3.5	4.0
8	20180105	131	120	4.5	785	142	283	105	277	120	3.5	0.5	2.0	3.0	2.5	2.0
8	20180106	140	150	3.0	804	189	208	173	208	197	4.0	3.5	0.5	3.5	0.5	5.0
8	20180107	129	154	4.0	838	130	235	315	235	259	2.0	4.5	3.0	0.5	4.5	4.5
8	20180108	126	122	4.0	857	142	246	159	172	524	1.0	2.0	3.0	0.5	4.5	3.5
8	20180109	136	122	5.0	877	115	158	264	335	157	1.5	2.0	2.0	0.5	2.5	3.0
8	20180110	131	154	4.0	888	149	294	178	312	342	4.0	5.0	2.5	4.5	5.0	4.0
8	20180111	149	124	2.5	919	175	278	382	419	222	4.5	2.0	4.5	4.5	3.0	3.0
8	20180112	136	151	4.0	949	186	119	224	428	100	4.5	4.0	4.0	5.0	1.5	1.5
8	20180113	150	129	4.5	977	180	125	350	111	367	3.0	4.0	2.0	1.5	4.0	2.0
8	20180114	123	143	3.0	1012	111	254	361	215	265	3.5	2.0	3.5	4.5	3.0	2.5
8	20180115	133	150	5.0	1044	125	232	331	197	466	4.5	0.5	4.0	2.0	5.0	3.5
8	20180116	149	147	2.5	1066	114	260	290	264	236	2.5	4.0	4.5	0.5	4.0	2.5
8	20180117	137	125	1.5	1080	165	129	357	143	162	0.5	2.0	4.0	4.5	1.5	0.5
8	20180118	132	129	4.0	1119	173	212	325	315	429	5.0	4.5	2.0	3.5	4.5	1.5
8	20180119	135	157	4.0	1146	139	203	287	452	343	2.5	1.0	1.5	4.5	3.0	4.0
8	20180120	149	157	0.5	1152	147	141	138	164	334	3.0	3.5	3.5	5.0	3.0	4.0
8	20180121	148	146	5.0	1163	175	192	343	430	169	3.5	2.0	3.5	5.0	5.0	0.5
8	20180122	129	157	1.5	1169	173	117	192	498	253	0.5	5.0	2.0	5.0	1.0	1.0
8	20180123	120	145	3.0	1186	147	239	154	476	380	5.0	1.5	3.0	1.0	1.0	5.0
8	20180124	121	134	4.5	1221	135	203	306	208	408	4.5	4.5	3.0	3.0	3.0	4.0
8	20180125	120	150	3.0	1254	142	138	179	329	401	0.5	3.0	5.0	4.0	4.5	5.0
8	20180126	141	128	2.0	1270	101	120	300	157	250	5.0	2.0	2.0	3.5	4.5	1.0
8	20180127	123	160	1.0	1275	143	157	190	238	544	2.5	2.5	1.0	4.0	1.0	3.5
8	20180128	149	146	3.0	1306	115	204	256	460	175	3.0	2.5	2.5	1.5	3.5	0.5
8	20180129	153	126	4.0	1332	189	270	235	211	151	1.5	3.0	3.5	0.5	1.0	0.5
8	20180130	136	138	4.0	1367	158	249	169	307	427	1.0	5.0	0.5	5.0	4.5	3.0
8	20180131	157	132	4.0	1379	198	267	336	364	243	4.0	2.0	3.5	1.5	4.0	5.0
9	20171201	148	145	4.0	13	173	178	340	436	567	0.5	0.5	5.0	2.0	4.5	5.0
9	20171202	129	151	0.5	53	122	174	279	225	381	5.0	0.5	2.5	2.5	3.5	3.0
9	20171203	156	127	1.5	73	166	243	196	294	512	1.5	4.5	4.5	4.5	5.0	2.0
9	20171204	148	159	1.5	101	165	114	201	206	481	4.0	4.5	1.5	4.5	3.0	0.5
9	20171205	125	130	4.5	116	134	143	189	305	509	3.5	4.5	1.5	3.0	1.0	4.5
9	20171206	146	159	4.5	136	130	120	359	204	193	3.0	2.5	3.0	0.5	3.5	5.0
9	20171207	131	141	2.5	150	104	169	205	215	395	4.0	0.5	1.0	4.0	0.5	5.0
9	20171208	151	149	4.5	180	111	291	371	474	436	2.5	3.5	3.5	0.5	1.0	0.5
9	20171209	132	138	0.5	204	113	147	395	294	136	0.5	4.5	4.5	2.5	3.5	2.5
9	20171210	125	154	3.0	210	171	118	276	494	101	0.5	4.0	0.5	5.0	4.0	2.5
9	20171211	122	146	3.0	237	162	241	287	300	200	3.5	2.5	3.5	4.5	2.5	4.0
9	20171212	130	149	0.5	275	159	131	293	268	555	2.5	4.0	3.0	2.5	0.5	3.5
9	20171213	143	157	2.5	290	128	224	246	224	294	4.0	2.5	1.0	5.0	5.0	3.5
9	20171214	124	141	5.0	300	182	183	387	274	261	4.0	1.5	1.0	5.0	2.0	4.0
9	20171215	137	141	3.0	318	148	278	237	290	218	4.5	1.0	1.5	1.0	4.5	4.5
9	20171216	138	135	2.0	356	143	244	221	389	563	3.5	0.5	3.5	5.0	3.0	4.5
9	20171217	149	145	3.0	365	161	164	393	309	271	1.0	3.5	2.0	4.0	4.5	0.5
9	20171218	133	125	4.5	400	150	164	319	217	495	2.0	3.0	1.5	4.0	4.5	4.5
9	20171219	157	158	2.0	405	144	259	152	471	218	2.5	2.0	1.5	1.5	1.5	4.0
9	20171220	154	124	1.5	439	195	223	285	358	390	3.0	3.0	2.0	4.0	5.0	2.0
9	20171221	131	141	1.0	479	198	276	218	420	108	4.5	2.0	4.0	4.0	2.0	3.0
9	20171222	160	141	3.0	514	133	261	136	469	388	3.5	0.5	3.0	1.0	3.0	5.0
9	20171223	144	140	2.0	539	125	185	194	109	554	3.5	2.5	1.0	4.5	0.5	1.5
9	20171224	156	135	3.0	562	146	182	212	300	479	3.5	5.0	5.0	0.5	1.0	5.0
9	20171225	141	147	2.0	600	168	163	195	238	293	1.0	1.0	1.5	5.0	3.5	0.5
9	20171226	136	142	5.0	640	105	122	224	494	327	3.0	4.5	3.5	4.5	2.0	0.5
9	20171227	122	154	4.0	646	183	231	281	236	537	3.5	3.0	1.5	2.0	1.0	5.0
9	20171228	134	130	2.0	677	119	289	318	174	182	2.0	5.0	4.0	2.0	1.5	3.5
9	20171229	123	122	2.0	707	128	256	223	139	457	1.0	2.5	5.0	2.0	5.0	3.0
9	20171230	145	128	5.0	734	186	291	303	276	573	5.0	4.5	0.5	4.5	5.0	3.0
9	20171231	122	137	4.0	759	126	297	280	465	444	2.5	2.0	3.0	4.5	0.5	2.0
9	20180101	136	129	5.0	768	186	232	267	419	254	4.0	5.0	2.0	1.5	0.5	4.0
9	20180102	152	140	4.0	777	129	174	346	339	265	3.0	5.0	2.5	1.5	1.0	2.5
9	20180103	128	156	3.5	813	157	249	343	479	570	1.0	1.5	3.0	0.5	5.0	3.0
9	20180104	120	144	4.0	824	161	234	333	431	560	5.0	4.5	1.0	2.0	2.5	4.5
9	20180105	149	130	2.0	853	112	119	351	344	349	4.0	0.5	4.5	4.5	4.0	1.5
9	20180106	124	158	3.5	874	114	205	180	444	211	3.0	4.5	5.0	3.5	4.5	0.5
9	20180107	131	129	2.5	883	148	244	283	249	369	2.5	5.0	1.5	4.5	1.0	4.5
9	20180108	153	150	0.5	900	186	288	139	343	224	2.0	1.0	2.5	3.5	0.5	1.5
9	20180109	122	123	1.0	916	128	188	190	297	238	3.5	1.0	1.0	0.5	3.5	3.0
9	20180110	124	122	3.0	933	146	127	159	175	408	2.5	3.0	4.0	2.0	1.0	4.0
9	20180111	130	160	5.0	955	189	214	241	157	454	4.5	3.5	5.0	2.5	2.0	4.5
9	20180112	143	136	5.0	971	199	196	143	443	302	4.5	1.5	2.0	5.0	3.5	0.5
9	20180113	151	147	0.5	976	164	196	125	423	534	3.5	1.0	3.5	4.5	2.5	2.0
9	20180114	121	132	4.5	1008	140	181	140	361	584	0.5	2.5	3.5	3.0	4.0	1.0
9	20180115	122	151	4.0	1013	109	124	214	347	530	1.0	2.5	4.0	2.5	3.0	5.0
9	20180116	126	129	5.0	1048	130	245	341	183	266	3.5	3.5	1.5	3.0	1.5	2.0
9	20180117	132	140	2.5	1077	140	269	385	468	134	1.5	1.5	2.0	0.5	1.0	2.0
9	20180118	136	122	5.0	1087	125	222	143	431	126	4.5	1.0	3.5	1.5	5.0	3.5
9	20180119	124	156	2.0	1092	108	226	149	100	176	5.0	5.0	2.5	3.5	4.5	3.0
9	20180120	120	157	1.0	1127	160	280	361	232	508	3.5	1.0	3.5	1.0	5.0	0.5
9	20180121	135	146	2.5	1164	145	283	181	231	450	1.5	2.5	4.0	2.5	0.5	3.5
9	20180122	149	131	2.0	1175	122	124	212	354	158	3.5	5.0	2.5	3.5	3.5	4.0
9	20180123	152	141	3.5	1180	160	264	346	120	485	2.0	4.0	3.5	1.5	3.5	1.0
9	20180124	139	136	4.0	1204	123	176	161	110	161	4.0	1.5	1.5	1.5	3.0	1.5
9	20180125	122	160	1.5	1212	136	136	220	324	119	3.0	3.0	2.0	0.5	2.5	4.5
9	20180126	142	129	2.5	1243	160	255	240	189	318	2.0	0.5	3.0	3.5	1.0	3.0
9	20180127	146	151	5.0	1282	194	297	358	344	300	5.0	0.5	2.5	4.5	5.0	1.0
9	20180128	156	155	4.0	1294	158	125	155	443	599	4.0	1.0	5.0	4.5	1.5	2.0
9	20180129	124	132	0.5	1307	104	265	280	165	250	3.0	1.5	4.5	1.0	2.5	2.0
9	20180130	151	151	3.0	1318	140	102	189	379	443	5.0	2.5	2.0	4.5	2.0	2.5
9	20180131	137	129	3.0	1339	176	250	359	227	336	1.0	5.0	0.5	3.0	0.5	4.0
10	20171201	133	147	2.5	21	165	182	260	195	163	1.5	4.0	2.0	4.5	3.0	2.0
10	20171202	126	144	1.0	61	194	248	375	228	308	5.0	1.0	0.5	5.0	4.5	5.0
10	20171203	131	145	4.0	78	164	279	199	263	102	2.0	0.5	3.0	3.5	1.5	5.0
10	20171204	124	153	5.0	115	186	285	229	109	488	5.0	2.5	4.5	2.5	3.0	0.5
10	20171205	139	140	3.0	123	143	185	366	271	459	2.0	2.0	3.5	5.0	1.0	2.0
10	20171206	132	129	0.5	149	190	196	156	294	221	3.0	2.0	4.0	3.0	4.5	3.5
10	20171207	148	157	3.0	177	100	229	192	258	399	1.5	3.5	1.0	1.5	2.5	1.0
10	20171208	143	135	2.0	192	153	123	244	342	484	4.5	1.5	5.0	4.0	4.0	1.0
10	20171209	134	129	5.0	197	164	165	204	213	128	2.5	1.0	0.5	4.0	3.5	1.5
10	20171210	135	145	4.5	203	104	237	134	220	212	3.0	2.5	1.0	3.0	3.5	1.5
10	20171211	132	129	0.5	215	164	291	340	336	113	0.5	5.0	4.5	4.0	1.0	3.5
10	20171212	129	124	1.5	250	105	299	286	423	530	3.5	3.0	1.5	1.0	4.0	5.0
10	20171213	132	134	2.5	273	187	212	319	297	442	3.0	2.5	2.5	0.5	3.5	3.5
10	20171214	124	140	2.5	286	192	243	395	147	492	1.5	3.0	4.5	0.5	4.5	2.5
10	20171215	157	158	1.0	301	154	182	232	362	270	2.0	0.5	4.0	2.0	5.0	2.0
10	20171216	138	138	3.0	312	196	185	181	127	256	3.5	3.5	5.0	4.5	2.5	4.5
10	20171217	152	125	1.5	340	109	234	325	271	587	5.0	1.5	3.5	5.0	5.0	1.0
10	20171218	144	141	4.5	360	129	109	272	408	182	3.5	1.5	3.0	4.0	1.0	1.0
10	20171219	126	145	1.5	381	176	228	214	190	493	4.5	3.5	3.5	0.5	3.0	4.0
10	20171220	155	126	1.5	407	134	230	395	314	549	2.0	5.0	3.5	1.0	2.5	1.0
10	20171221	132	155	2.0	428	116	210	117	385	381	1.0	4.5	3.5	3.5	4.5	1.5
10	20171222	145	141	3.5	453	183	228	203	149	310	2.0	2.5	4.5	4.5	3.0	4.0
10	20171223	156	142	2.0	464	126	190	384	377	563	1.5	0.5	4.5	3.0	4.5	2.5
10	20171224	158	143	3.5	498	104	283	391	252	580	3.5	0.5	1.5	3.5	3.0	5.0
10	20171225	122	131	4.5	527	161	115	114	157	414	2.0	5.0	0.5	5.0	3.5	0.5
10	20171226	123	124	0.5	540	158	102	155	483	106	4.5	3.0	0.5	5.0	2.0	4.5
10	20171227	146	145	3.5	573	157	186	218	277	234	5.0	1.0	1.0	3.0	2.0	4.5
10	20171228	129	135	4.0	600	137	139	311	136	409	2.0	3.5	2.5	3.0	1.0	5.0
10	20171229	122	126	0.5	609	150	161	134	419	353	2.0	2.5	2.5	2.5	2.0	1.5
10	20171230	159	156	1.5	630	159	246	214	209	512	1.0	4.0	4.0	1.5	2.0	2.5
10	20171231	122	147	2.5	646	187	168	251	390	365	0.5	1.0	0.5	0.5	1.5	2.5
10	20180101	154	156	2.5	672	112	141	167	483	356	0.5	3.5	1.5	4.5	1.5	3.5
10	20180102	149	134	0.5	709	133	282	112	113	531	5.0	2.0	5.0	2.5	1.0	4.0
10	20180103	155	158	4.5	724	141	159	367	498	297	4.5	1.5	0.5	5.0	3.0	5.0
10	20180104	133	139	2.0	759	187	139	201	274	274	3.5	4.5	0.5	1.5	2.0	3.5
10	20180105	155	143	5.0	782	197	259	173	165	522	2.5	1.5	0.5	1.5	2.0	2.5
10	20180106	141	140	3.0	810	104	110	221	285	162	2.0	3.5	2.0	2.5	3.0	0.5
10	20180107	155	150	3.0	846	116	153	224	494	544	2.0	5.0	0.5	4.5	3.0	3.0
10	20180108	143	155	1.5	872	198	199	103	500	134	2.0	3.5	4.5	5.0	3.5	3.5
10	20180109	136	148	5.0	902	142	203	329	489	160	4.5	2.0	1.5	3.5	0.5	2.5
10	20180110	135	139	3.0	926	160	179	280	361	386	2.5	4.5	5.0	5.0	3.0	1.0
10	20180111	135	149	3.5	953	163	231	198	436	280	5.0	2.5	4.0	1.0	4.0	4.5
10	20180112	120	143	4.5	992	195	143	240	219	192	1.0	4.5	0.5	1.0	3.5	1.5
10	20180113	154	160	2.5	1000	100	191	156	292	465	3.0	2.0	4.5	1.5	4.0	3.0
10	20180114	160	133	3.5	1013	144	246	295	197	526	2.5	4.5	5.0	2.5	3.5	5.0
10	20180115	120	144	3.5	1053	152	148	319	409	125	5.0	1.5	4.5	5.0	3.0	4.5
10	20180116	140	149	2.0	1069	128	100	165	354	226	5.0	4.5	0.5	0.5	3.0	4.0
10	20180117	123	120	2.0	1096	196	159	366	304	592	2.5	5.0	1.5	4.5	2.5	3.0
10	20180118	138	156	3.0	1110	182	128	100	210	494	2.5	4.5	1.0	4.0	4.0	5.0
10	20180119	134	133	1.5	1147	139	105	229	438	547	3.5	4.0	3.0	1.0	4.0	4.5
10	20180120	149	132	3.5	1164	146	216	347	457	133	3.5	1.5	4.5	4.5	3.5	1.5
10	20180121	149	140	0.5	1172	165	177	141	101	192	5.0	0.5	3.5	5.0	4.5	0.5
10	20180122	135	127	0.5	1191	165	162	218	235	529	3.5	3.5	2.0	0.5	1.0	2.0
10	20180123	131	140	2.5	1216	136	285	170	161	390	3.0	4.5	0.5	4.5	4.5	1.5
10	20180124	159	141	3.0	1241	103	115	205	431	546	1.0	5.0	3.0	2.0	0.5	3.0
10	20180125	157	158	1.0	1269	181	294	332	349	336	3.5	2.5	0.5	4.0	5.0	0.5
10	20180126	144	150	5.0	1301	102	173	204	433	236	3.0	2.0	4.0	5.0	3.5	2.5
10	20180127	152	144	5.0	1339	119	287	343	328	267	3.5	2.0	2.5	3.5	3.5	4.0
10	20180128	157	125	2.0	1357	131	209	240	372	235	5.0	4.0	1.5	2.5	4.5	5.0
10	20180129	146	150	1.5	1394	175	220	297	329	406	1.0	3.5	1.5	5.0	4.0	1.0
10	20180130	147	133	1.5	1402	131	124	371	138	373	1.5	1.0	4.5	5.0	3.0	2.0
10	20180131	151	136	0.5	1411	191	188	320	359	187	2.0	3.5	3.0	1.0	5.0	1.0
11	20171201	154	132	3.0	30	155	213	123	164	112	0.5	2.5	2.0	3.5	2.5	0.5
11	20171202	133	128	2.0	65	112	187	195	300	124	2.0	0.5	3.0	4.5	3.5	3.5
11	20171203	124	151	4.5	80	117	205	346	427	158	1.0	4.0	3.0	2.0	4.5	2.0
11	20171204	130	146	0.5	113	185	223	136	445	416	3.5	2.5	3.0	4.5	2.5	3.0
11	20171205	120	123	2.0	138	100	257	287	176	213	4.5	4.0	0.5	1.5	3.0	4.0
11	20171206	142	144	2.0	167	190	133	251	175	344	1.0	0.5	5.0	1.5	2.5	3.0
11	20171207	145	139	1.0	185	104	229	189	145	397	5.0	0.5	2.5	3.0	1.5	5.0
11	20171208	149	138	2.5	192	183	218	280	328	397	0.5	2.5	4.5	3.5	4.5	5.0
11	20171209	134	158	4.0	214	177	173	223	121	175	2.5	3.0	2.5	0.5	2.0	1.5
11	20171210	148	120	3.0	247	176	156	362	331	344	4.0	3.0	1.5	1.0	2.5	0.5
11	20171211	145	142	2.5	283	108	252	112	335	404	3.0	2.5	1.5	2.0	2.5	4.0
11	20171212	146	153	5.0	300	163	211	249	438	409	4.5	2.0	3.0	5.0	0.5	2.0
11	20171213	144	144	5.0	322	129	144	267	493	279	3.5	3.0	2.5	5.0	3.5	2.0
11	20171214	144	159	5.0	334	148	215	155	361	436	2.5	5.0	3.0	1.5	3.5	2.5
11	20171215	144	133	2.0	351	177	190	294	163	363	1.5	3.5	5.0	5.0	4.5	3.0
11	20171216	158	122	4.0	367	101	184	225	169	484	3.5	2.5	1.0	4.5	3.5	3.0
11	20171217	141	132	3.5	382	144	157	188	472	339	1.5	5.0	5.0	1.0	2.5	1.0
11	20171218	146	149	3.5	421	138	163	392	286	146	5.0	5.0	0.5	3.0	3.5	1.0
11	20171219	158	133	2.0	456	192	256	123	398	229	4.5	1.5	4.0	1.0	4.0	1.5
11	20171220	128	156	3.5	487	170	219	120	159	285	1.0	2.5	0.5	2.0	3.5	4.5
11	20171221	120	148	0.5	498	119	199	377	207	312	1.5	0.5	3.5	1.0	2.5	2.5
11	20171222	122	138	2.0	535	151	181	384	377	199	2.5	4.0	1.0	1.0	4.0	3.0
11	20171223	149	156	3.5	570	150	300	239	213	390	3.0	3.0	3.0	3.5	1.0	4.0
11	20171224	140	136	2.5	589	194	207	295	412	568	4.0	5.0	1.0	4.5	3.0	3.0
11	20171225	131	154	1.5	607	146	222	153	381	406	4.5	3.5	4.0	5.0	2.0	1.0
11	20171226	148	134	0.5	643	131	149	361	396	532	3.0	4.0	1.0	4.5	2.5	5.0
11	20171227	147	134	0.5	652	167	191	155	196	403	4.0	5.0	1.5	1.5	2.5	3.0
11	20171228	147	125	5.0	660	156	190	257	112	479	4.0	5.0	4.5	4.0	0.5	3.5
11	20171229	130	125	3.0	693	112	146	108	167	238	5.0	3.5	1.0	1.0	2.5	2.5
11	20171230	123	122	2.0	698	123	269	248	278	478	4.0	0.5	1.5	4.0	2.0	2.5
11	20171231	149	130	1.0	719	168	286	318	253	545	0.5	1.5	1.5	3.5	3.0	4.0
11	20180101	120	136	1.5	759	157	110	181	120	133	4.5	2.5	5.0	2.0	0.5	4.0
11	20180102	123	151	4.0	768	165	250	248	246	200	1.5	3.0	0.5	4.5	4.0	2.5
11	20180103	142	137	5.0	786	180	214	181	450	243	5.0	4.0	5.0	5.0	4.0	1.5
11	20180104	158	150	4.0	807	143	270	318	356	273	4.5	2.0	4.0	2.5	3.0	3.0
11	20180105	123	134	5.0	845	176	170	364	247	281	2.5	2.5	5.0	2.5	2.5	3.5
11	20180106	149	123	4.5	853	116	173	204	276	472	4.0	5.0	2.0	0.5	1.5	3.5
11	20180107	132	157	3.5	879	111	269	355	179	575	4.5	3.0	0.5	4.0	5.0	4.0
11	20180108	142	123	3.0	896	110	242	334	356	257	2.0	3.0	4.5	1.0	4.0	4.0
11	20180109	153	146	3.5	919	112	230	344	338	214	5.0	1.5	3.5	1.0	3.5	2.0
11	20180110	144	123	4.0	938	123	121	260	237	561	0.5	2.0	1.0	3.5	3.0	4.5
11	20180111	142	137	2.5	951	166	272	190	244	178	2.5	5.0	4.5	1.0	4.5	2.5
11	20180112	152	148	4.0	983	182	178	225	316	300	4.5	2.0	4.5	2.0	0.5	2.5
11	20180113	121	124	1.5	1022	153	201	113	334	348	2.0	1.5	1.5	3.0	2.5	3.0
11	20180114	150	126	4.0	1035	169	277	200	289	481	2.5	2.5	3.0	2.0	4.5	3.5
11	20180115	155	148	4.5	1052	137	229	180	445	464	2.0	4.0	2.0	4.0	5.0	1.5
11	20180116	137	155	1.5	1066	137	185	301	220	347	4.5	3.0	5.0	2.5	1.5	5.0
11	20180117	121	128	4.5	1090	189	260	149	159	387	0.5	5.0	3.5	3.5	0.5	2.5
11	20180118	140	151	0.5	1102	119	233	261	332	285	2.0	3.5	5.0	2.5	4.5	5.0
11	20180119	137	143	3.5	1129	197	287	195	307	371	1.5	4.5	0.5	2.5	2.5	4.5
11	20180120	122	150	4.0	1160	134	240	123	214	468	0.5	4.5	2.0	2.5	3.5	2.0
11	20180121	121	144	5.0	1197	162	116	132	159	288	1.0	3.5	3.0	3.0	2.0	4.5
11	20180122	142	127	3.0	1236	178	166	231	257	443	3.0	4.5	0.5	1.5	4.5	5.0
11	20180123	121	131	4.5	1260	106	293	270	373	441	5.0	2.0	0.5	2.0	3.5	0.5
11	20180124	151	149	5.0	1284	169	273	154	314	244	2.0	1.5	1.5	4.0	0.5	4.5
11	20180125	156	120	4.5	1308	190	174	335	109	494	5.0	3.5	3.5	1.5	3.5	1.5
11	20180126	160	131	2.0	1334	178	231	268	383	514	0.5	3.0	2.5	5.0	1.5	3.0
11	20180127	158	121	2.0	1346	135	285	133	193	386	4.5	0.5	4.0	3.5	1.5	0.5
11	20180128	151	132	2.0	1380	187	261	179	124	546	3.5	2.5	3.0	2.5	0.5	3.0
11	20180129	133	122	1.5	1398	109	104	283	439	281	1.5	1.0	2.5	4.5	3.5	1.5
11	20180130	123	122	2.0	1405	100	298	159	463	106	2.5	0.5	3.5	1.5	2.0	4.0
11	20180131	124	138	2.5	1434	142	163	210	127	521	0.5	0.5	4.5	4.0	0.5	2.0
12	20171201	139	155	2.5	38	184	199	392	167	427	3.0	3.5	2.0	4.5	1.0	3.5
12	20171202	156	152	2.5	49	118	300	378	114	257	1.5	2.0	5.0	2.0	1.5	3.0
12	20171203	142	140	2.5	61	142	283	114	264	350	4.5	2.0	2.5	2.0	5.0	2.0
12	20171204	133	145	3.0	76	176	235	158	299	499	5.0	4.5	1.5	1.0	4.5	2.5
12	20171205	126	157	3.0	104	114	277	135	290	373	1.5	2.0	2.0	0.5	3.0	4.5
12	20171206	136	149	5.0	135	183	265	302	253	563	1.5	4.0	4.0	4.5	4.5	5.0
12	20171207	152	153	1.5	154	172	114	198	102	307	2.5	1.0	5.0	4.0	5.0	3.0
12	20171208	143	127	3.0	194	154	174	334	323	141	1.0	2.5	2.0	4.5	1.0	1.5
12	20171209	152	154	1.0	200	130	175	270	391	252	3.5	1.0	2.5	1.0	2.0	1.0
12	20171210	120	149	2.0	239	185	124	254	249	380	3.0	5.0	3.5	2.0	4.5	1.5
12	20171211	124	122	4.5	245	138	108	238	479	245	1.0	3.0	2.5	3.0	4.5	4.5
12	20171212	159	138	3.5	266	176	178	271	405	471	1.5	4.0	4.0	5.0	2.5	1.5
12	20171213	144	156	4.5	302	200	201	305	262	590	4.0	4.5	3.0	4.0	2.0	3.0
12	20171214	125	127	1.5	315	161	198	156	465	309	3.5	2.0	3.0	3.5	1.0	1.5
12	20171215	132	137	3.0	339	187	122	275	456	123	4.5	1.5	5.0	3.5	0.5	5.0
12	20171216	159	143	0.5	368	123	260	227	240	173	4.5	4.0	0.5	3.0	2.0	5.0
12	20171217	146	127	5.0	407	167	150	102	319	526	1.0	4.5	1.0	3.0	2.5	4.5
12	20171218	156	142	1.0	421	110	112	274	493	432	4.0	4.5	4.0	3.5	4.5	4.5
12	20171219	127	138	3.0	439	157	246	379	474	487	3.0	5.0	3.0	2.0	3.0	4.5
12	20171220	124	128	4.0	479	116	269	115	179	360	3.0	2.0	0.5	2.0	4.5	1.0
12	20171221	123	151	3.0	507	195	289	188	200	557	3.5	2.5	1.5	1.5	3.5	2.0
12	20171222	139	149	3.5	547	124	140	130	329	190	1.0	3.5	5.0	5.0	1.5	2.5
12	20171223	159	124	1.5	577	163	116	390	141	235	4.5	2.5	3.5	1.0	3.5	0.5
12	20171224	159	149	2.0	585	139	182	284	363	511	5.0	1.5	1.5	3.0	1.0	4.0
12	20171225	158	122	2.5	622	137	133	141	121	519	3.0	4.5	1.0	0.5	4.0	4.5
12	20171226	154	159	1.5	643	165	200	110	363	590	1.0	1.5	5.0	1.5	1.0	3.5
12	20171227	139	130	3.5	658	106	240	328	439	494	5.0	2.5	3.5	1.5	2.0	1.5
12	20171228	151	142	4.0	687	110	137	264	338	534	5.0	4.0	0.5	4.5	2.5	1.0
12	20171229	143	141	2.0	700	175	276	351	226	476	4.0	1.0	2.5	4.5	1.0	5.0
12	20171230	149	121	3.5	738	168	104	167	455	264	4.5	4.5	4.0	3.5	1.5	5.0
12	20171231	147	127	4.0	747	114	134	101	106	242	4.0	3.5	3.5	4.5	3.5	1.0
12	20180101	143	134	1.0	754	116	116	166	487	191	3.0	3.0	4.0	5.0	5.0	0.5
12	20180102	149	153	3.5	762	108	179	330	296	573	3.5	2.0	0.5	3.0	2.0	2.5
12	20180103	139	140	3.0	792	187	192	257	169	582	3.0	1.0	4.5	1.0	4.0	2.5
12	20180104	147	128	1.5	812	102	120	205	365	285	3.5	3.5	1.5	2.0	1.5	1.5
12	20180105	121	131	3.0	850	184	135	234	140	350	0.5	3.5	0.5	1.0	5.0	2.0
12	20180106	151	147	2.0	869	189	172	150	392	511	0.5	5.0	5.0	3.5	2.5	5.0
12	20180107	144	124	0.5	900	115	244	169	318	200	4.5	3.5	4.5	2.5	0.5	3.5
12	20180108	132	140	2.5	934	120	276	300	113	152	1.5	1.0	3.5	1.5	3.5	0.5
12	20180109	127	127	1.5	947	153	184	311	357	266	2.5	1.5	1.0	0.5	0.5	1.0
12	20180110	121	156	2.0	971	158	119	208	161	569	3.5	3.0	4.5	3.5	1.0	5.0
12	20180111	138	127	3.0	1001	193	262	318	112	482	4.5	5.0	3.5	5.0	2.5	1.0
12	20180112	126	140	0.5	1036	102	187	105	246	433	4.0	2.0	0.5	1.0	2.5	2.0
12	20180113	147	150	4.5	1066	198	245	135	199	368	2.5	1.0	1.0	1.5	1.5	2.5
12	20180114	128	156	1.5	1072	103	131	236	429	450	3.0	1.0	3.5	3.0	1.5	2.0
12	20180115	136	158	1.0	1082	177	124	182	115	306	3.5	3.0	4.5	4.0	5.0	1.5
12	20180116	131	140	3.5	1106	113	136	231	302	308	1.5	3.0	0.5	5.0	3.5	4.0
12	20180117	143	122	1.0	1144	157	154	334	147	244	0.5	5.0	1.0	3.5	0.5	3.5
12	20180118	150	141	4.0	1154	146	281	106	284	445	1.0	3.5	4.0	2.5	5.0	4.5
12	20180119	152	151	4.0	1192	147	140	268	243	587	3.5	4.5	5.0	2.5	3.5	3.0
12	20180120	128	129	5.0	1208	140	169	326	266	581	3.5	2.0	2.0	3.5	5.0	2.0
12	20180121	128	159	1.5	1244	151	280	348	383	279	2.0	3.5	0.5	2.0	1.5	3.0
12	20180122	141	134	3.5	1257	175	188	271	371	467	1.5	4.0	2.5	2.5	4.0	5.0
12	20180123	140	160	2.5	1262	127	163	384	440	427	1.0	1.5	4.0	3.0	4.5	2.5
12	20180124	148	153	1.5	1282	141	280	290	258	564	3.0	2.0	4.5	0.5	1.0	2.5
12	20180125	130	130	4.0	1312	144	272	289	161	439	2.5	4.0	3.0	1.5	1.5	3.0
12	20180126	148	127	3.0	1342	178	151	113	215	135	3.0	2.5	0.5	2.0	4.5	1.0
12	20180127	143	133	2.5	1355	150	210	323	453	179	5.0	4.0	4.0	2.0	0.5	0.5
12	20180128	141	151	2.5	1390	127	145	103	386	219	0.5	2.5	1.5	3.0	2.0	2.0
12	20180129	155	136	3.0	1406	195	180	104	167	578	1.5	2.0	0.5	0.5	5.0	4.5
12	20180130	144	120	5.0	1422	133	200	360	338	211	2.0	0.5	2.0	1.5	5.0	2.0
12	20180131	124	150	4.5	1446	178	122	121	404	584	0.5	4.5	2.0	3.5	4.5	4.5
13	20171201	147	155	3.0	23	142	169	374	280	193	4.5	1.5	2.5	3.5	4.0	0.5
13	20171202	139	143	1.5	57	177	258	345	264	267	2.0	4.0	4.5	4.5	3.0	3.0
13	20171203	132	153	1.0	78	155	210	279	362	160	3.0	4.0	4.5	3.0	4.5	2.0
13	20171204	127	141	2.0	104	166	195	132	294	533	3.0	1.5	3.5	4.5	0.5	3.0
13	20171205	121	152	5.0	123	120	271	192	427	203	2.5	5.0	5.0	4.0	3.5	5.0
13	20171206	152	126	1.5	149	125	161	208	455	582	1.0	3.0	2.0	3.0	4.0	2.5
13	20171207	125	148	3.5	184	112	144	216	485	425	4.5	3.0	1.0	5.0	3.5	5.0
13	20171208	140	140	0.5	192	197	198	189	219	577	2.0	3.5	4.5	5.0	5.0	2.0
13	20171209	156	142	3.5	215	133	218	297	405	256	2.0	2.5	4.0	2.5	0.5	2.0
13	20171210	154	156	4.5	226	115	274	317	220	303	3.0	2.5	4.5	0.5	4.0	1.0
13	20171211	136	120	2.0	231	191	225	239	214	241	3.5	4.5	3.0	0.5	3.5	0.5
13	20171212	157	154	5.0	251	137	278	294	500	330	2.5	2.0	3.5	4.5	2.0	3.5
13	20171213	131	138	4.5	286	117	148	171	304	501	0.5	0.5	3.5	2.5	0.5	1.5
13	20171214	158	154	4.0	321	108	225	271	352	420	2.5	5.0	3.5	4.0	2.0	3.5
13	20171215	128	153	3.5	356	149	210	167	445	517	5.0	0.5	3.5	1.5	4.0	4.0
13	20171216	153	149	3.0	377	115	186	362	443	581	1.5	2.0	2.5	4.5	0.5	0.5
13	20171217	126	136	2.0	385	114	124	173	107	462	1.5	3.0	4.0	3.5	4.0	4.0
13	20171218	128	142	4.0	413	156	220	146	330	248	1.0	4.0	3.0	5.0	4.0	1.5
13	20171219	133	123	4.5	427	115	177	131	390	429	5.0	0.5	2.5	1.5	3.0	5.0
13	20171220	149	155	1.0	461	113	213	271	300	344	3.0	3.0	2.5	3.0	2.5	1.0
13	20171221	143	121	2.0	490	115	214	121	295	214	1.0	2.0	4.0	2.0	4.0	0.5
13	20171222	154	121	2.5	497	144	118	334	489	188	5.0	5.0	3.0	4.0	3.0	4.5
13	20171223	122	131	3.0	513	186	145	257	305	434	4.5	4.5	3.0	4.5	0.5	0.5
13	20171224	151	132	3.5	553	103	222	327	146	437	3.5	2.0	2.0	2.5	4.5	0.5
13	20171225	144	127	2.0	558	162	217	375	122	216	1.5	3.0	1.5	0.5	2.0	2.5
13	20171226	125	138	3.5	573	166	228	383	488	513	1.5	4.0	1.0	1.5	1.5	3.0
13	20171227	158	130	2.0	603	160	259	176	492	226	3.5	2.0	3.0	4.0	4.0	4.5
13	20171228	137	139	0.5	630	145	169	306	204	134	1.5	4.5	3.0	4.0	1.5	3.5
13	20171229	154	155	4.0	648	132	136	213	305	435	1.0	2.5	4.0	3.5	0.5	3.5
13	20171230	149	133	5.0	662	124	231	183	383	333	2.5	0.5	0.5	0.5	0.5	4.5
13	20171231	131	150	1.5	680	108	250	388	461	544	1.5	2.0	4.0	1.0	3.5	2.0
13	20180101	123	154	3.0	690	148	176	379	204	316	5.0	2.5	2.0	3.5	4.0	5.0
13	20180102	155	138	4.0	724	123	107	269	439	172	2.5	1.0	2.5	0.5	5.0	4.5
13	20180103	157	138	4.0	747	168	147	298	227	157	2.0	2.0	4.5	4.5	0.5	2.0
13	20180104	159	120	2.0	752	192	157	143	490	335	0.5	3.0	2.5	3.5	5.0	2.5
13	20180105	136	140	3.0	773	170	166	346	248	258	1.0	3.5	0.5	5.0	1.0	4.0
13	20180106	136	134	5.0	801	134	216	340	383	350	5.0	1.5	1.0	1.0	2.5	1.0
13	20180107	140	152	3.5	829	189	141	113	145	596	3.5	1.0	2.5	2.0	0.5	5.0
13	20180108	156	131	2.0	836	175	269	173	343	354	4.5	1.0	2.5	2.0	1.5	1.0
13	20180109	155	154	2.5	845	147	163	249	301	398	1.0	1.0	0.5	3.5	4.0	5.0
13	20180110	148	139	1.0	855	137	127	321	160	502	5.0	3.5	1.5	0.5	5.0	4.5
13	20180111	156	146	3.0	873	155	230	126	347	466	1.5	1.5	4.0	3.0	2.0	1.0
13	20180112	158	122	4.5	907	128	148	291	471	590	1.5	0.5	0.5	3.5	2.0	2.5
13	20180113	155	140	1.0	917	161	248	297	187	482	2.0	1.0	1.5	3.0	2.5	4.5
13	20180114	160	122	1.0	922	197	300	141	323	181	4.0	0.5	4.0	4.5	1.0	1.5
13	20180115	121	123	5.0	959	178	222	230	165	511	4.0	1.0	2.5	2.0	2.0	1.5
13	20180116	123	139	0.5	986	125	237	257	326	264	5.0	3.5	2.0	4.5	2.5	2.5
13	20180117	122	154	4.0	1001	166	213	268	407	117	3.0	3.0	4.5	4.5	5.0	5.0
13	20180118	154	159	3.5	1006	124	201	252	163	270	2.5	0.5	0.5	0.5	3.0	4.0
13	20180119	132	159	2.0	1031	155	130	129	127	566	3.0	3.5	2.0	2.5	4.0	1.5
13	20180120	125	129	3.5	1058	122	300	148	335	118	5.0	2.5	3.5	3.5	5.0	0.5
13	20180121	142	151	2.0	1065	184	255	394	335	303	1.5	1.5	2.0	2.0	2.0	4.5
13	20180122	131	133	4.5	1104	136	173	383	299	473	1.5	0.5	1.0	3.0	4.5	2.0
13	20180123	125	153	4.0	1140	136	204	361	307	237	1.5	3.0	3.0	2.5	2.0	0.5
13	20180124	140	137	1.0	1154	158	129	261	450	371	4.0	1.5	0.5	2.5	3.5	2.5
13	20180125	129	154	2.0	1177	140	282	184	305	544	4.5	3.5	2.0	1.0	1.5	1.0
13	20180126	126	132	4.0	1203	173	149	231	340	339	3.5	4.5	1.5	5.0	4.5	1.0
13	20180127	143	129	3.0	1224	176	122	197	113	562	5.0	3.5	4.5	4.0	4.5	1.5
13	20180128	128	156	1.0	1232	144	153	318	202	142	4.5	4.5	1.5	4.5	2.5	1.5
13	20180129	160	122	5.0	1260	166	136	367	399	226	3.5	4.5	3.5	4.0	1.5	0.5
13	20180130	136	134	2.0	1280	168	172	306	111	397	4.5	2.5	2.5	5.0	0.5	0.5
13	20180131	123	121	3.5	1296	127	112	270	397	270	2.5	4.5	3.0	3.5	3.5	0.5
14	20171201	121	155	2.5	36	168	198	211	206	421	0.5	3.0	2.5	5.0	5.0	2.5
14	20171202	152	130	3.5	41	143	287	224	257	336	3.0	4.0	1.0	3.0	1.0	4.5
14	20171203	123	137	2.0	53	178	268	341	158	415	3.5	4.5	1.5	3.0	0.5	2.0
14	20171204	156	143	2.0	75	152	175	396	172	543	0.5	4.0	2.5	2.5	4.0	0.5
14	20171205	157	158	5.0	115	154	133	115	377	465	1.0	2.5	1.5	3.5	2.5	3.0
14	20171206	137	133	4.0	130	153	263	192	302	587	0.5	2.0	0.5	0.5	2.0	1.0
14	20171207	142	133	4.5	168	195	132	354	176	179	4.0	1.0	2.5	4.0	1.0	5.0
14	20171208	120	132	0.5	201	141	171	389	447	197	3.0	3.0	4.5	2.5	4.5	3.0
14	20171209	141	155	4.5	217	193	107	238	467	600	4.5	1.5	2.5	4.5	2.5	3.5
14	20171210	124	147	4.0	254	133	129	186	414	126	3.0	3.5	2.0	3.5	0.5	0.5
14	20171211	147	160	4.0	272	119	268	101	448	373	3.5	1.5	1.5	5.0	3.0	2.0
14	20171212	127	156	1.5	309	161	141	267	172	434	3.5	4.5	1.0	5.0	1.0	1.0
14	20171213	151	150	2.5	329	152	203	254	440	545	4.5	4.0	0.5	4.5	1.0	3.5
14	20171214	137	135	3.5	354	196	241	137	442	180	4.0	4.5	4.0	2.5	4.0	5.0
14	20171215	156	144	2.5	369	114	159	394	372	146	1.5	4.0	4.5	2.5	1.0	4.5
14	20171216	133	156	4.0	404	151	114	204	180	197	4.0	3.5	3.0	3.5	0.5	0.5
14	20171217	135	151	4.5	433	196	140	237	417	163	2.5	1.0	0.5	3.0	3.0	1.5
14	20171218	139	139	0.5	449	102	133	245	379	501	1.0	1.0	0.5	4.0	3.5	1.0
14	20171219	138	152	4.5	484	157	221	126	470	295	2.0	1.0	3.5	5.0	1.0	3.0
14	20171220	153	138	5.0	510	103	129	331	114	138	5.0	1.0	1.5	1.0	3.5	4.0
14	20171221	126	136	2.5	542	179	167	350	361	575	2.0	5.0	3.5	0.5	1.0	2.0
14	20171222	158	147	3.5	559	110	269	348	395	574	0.5	4.5	1.5	2.5	5.0	5.0
14	20171223	134	143	1.5	578	200	246	244	253	506	2.5	5.0	3.0	3.0	5.0	0.5
14	20171224	129	126	3.0	588	167	162	245	335	167	4.0	2.5	0.5	4.5	2.5	1.0
14	20171225	147	127	2.5	621	146	255	178	494	403	2.5	1.0	3.5	2.0	1.5	0.5
14	20171226	131	156	4.0	647	166	216	303	161	572	1.5	1.5	2.5	1.5	2.5	3.0
14	20171227	153	151	1.5	667	179	172	290	239	571	2.5	1.5	2.0	5.0	5.0	2.0
14	20171228	157	128	2.0	703	105	263	233	238	504	2.0	0.5	5.0	2.5	1.5	4.0
14	20171229	123	126	3.5	737	192	114	192	266	235	1.5	4.0	3.0	2.5	3.5	3.0
14	20171230	140	126	2.5	747	149	156	158	299	542	3.0	1.5	1.0	2.0	1.5	0.5
14	20171231	131	159	4.0	775	184	156	200	310	138	0.5	3.5	2.5	2.0	3.0	2.5
14	20180101	127	137	4.0	788	146	297	190	205	507	2.0	3.0	3.0	1.5	0.5	2.0
14	20180102	134	143	4.5	807	160	199	350	271	345	3.5	3.0	3.5	4.0	0.5	1.5
14	20180103	153	143	4.5	846	192	162	373	390	418	2.0	4.0	1.0	5.0	1.5	1.0
14	20180104	141	122	4.5	860	119	229	282	473	475	1.0	0.5	4.5	2.5	4.5	0.5
14	20180105	144	145	2.5	900	195	207	199	148	111	0.5	4.0	5.0	1.0	3.0	1.5
14	20180106	124	158	2.5	939	103	283	240	448	148	4.0	1.5	1.5	4.0	5.0	2.5
14	20180107	152	151	1.5	952	181	150	118	433	194	4.0	4.0	2.5	1.0	4.0	1.0
14	20180108	155	149	2.5	968	167	129	122	320	277	2.0	4.0	5.0	1.0	5.0	3.0
14	20180109	127	139	3.5	997	166	197	308	332	154	3.0	0.5	4.0	3.0	3.0	4.0
14	20180110	152	155	4.5	1004	153	277	242	202	479	3.0	2.5	4.5	1.0	3.0	4.5
14	20180111	160	147	2.5	1032	142	257	307	297	542	1.5	4.0	2.5	4.5	4.5	2.0
14	20180112	157	149	3.5	1069	114	156	248	170	264	3.5	4.5	1.5	0.5	3.5	5.0
14	20180113	127	143	2.0	1105	107	152	108	359	478	2.5	1.0	2.0	4.5	3.5	0.5
14	20180114	129	148	5.0	1117	147	153	344	419	430	1.0	4.5	3.5	2.5	0.5	2.5
14	20180115	160	137	4.0	1151	128	224	320	353	355	4.5	5.0	2.0	3.0	1.0	5.0
14	20180116	143	121	3.0	1188	106	167	104	179	511	0.5	2.5	2.0	4.0	3.0	3.5
14	20180117	153	141	1.5	1216	121	108	316	334	326	5.0	5.0	3.5	1.5	0.5	4.0
14	20180118	154	138	1.5	1235	196	106	181	344	208	1.5	4.0	4.5	2.0	5.0	0.5
14	20180119	154	149	4.0	1262	122	261	168	421	585	4.0	3.5	3.0	2.0	4.0	3.5
14	20180120	142	132	1.5	1289	171	268	327	368	185	3.5	4.5	0.5	3.5	1.0	0.5
14	20180121	132	159	2.5	1327	135	186	116	408	146	1.5	2.0	0.5	3.0	5.0	3.0
14	20180122	122	142	1.5	1351	185	256	140	307	289	1.0	3.0	1.0	4.0	1.0	5.0
14	20180123	147	136	3.0	1390	118	173	210	491	369	3.0	4.0	4.0	4.5	4.5	0.5
14	20180124	150	158	0.5	1430	165	102	385	152	337	4.0	4.5	4.0	3.5	5.0	2.0
14	20180125	132	128	4.5	1468	111	197	178	389	134	4.0	3.0	2.5	4.0	1.5	1.0
14	20180126	140	145	3.5	1496	164	238	278	327	428	3.0	0.5	4.0	2.5	3.0	4.0
14	20180127	151	156	1.5	1517	102	228	282	307	381	4.5	2.0	4.0	3.5	0.5	1.0
14	20180128	146	137	4.0	1539	101	141	139	197	375	0.5	4.5	4.5	2.0	4.5	5.0
14	20180129	146	151	4.5	1579	129	262	358	390	280	2.0	3.0	5.0	2.5	2.5	2.5
14	20180130	134	130	3.5	1597	119	116	400	169	157	3.0	1.5	4.5	3.5	1.5	2.0
14	20180131	145	142	2.5	1617	136	134	296	342	454	3.0	2.5	0.5	0.5	3.0	4.5
15	20171201	134	159	0.5	6	164	189	134	273	264	2.0	4.0	1.0	3.0	4.0	1.0
15	20171202	130	126	1.0	29	152	210	137	400	154	1.5	1.0	0.5	4.0	1.0	2.5
15	20171203	160	143	3.5	45	167	209	182	277	411	5.0	2.0	2.5	0.5	3.5	5.0
15	20171204	134	135	4.5	65	103	286	271	476	372	5.0	0.5	1.0	2.5	2.5	4.0
15	20171205	157	151	2.5	71	123	237	143	383	538	0.5	3.5	0.5	1.0	5.0	4.5
15	20171206	145	120	2.0	99	135	166	258	392	357	3.0	4.5	1.5	5.0	5.0	5.0
15	20171207	136	150	2.5	136	152	217	219	279	140	0.5	3.5	5.0	3.0	3.5	2.0
15	20171208	146	121	2.0	169	100	195	137	457	453	4.0	2.0	2.5	4.0	0.5	4.5
15	20171209	134	129	0.5	183	169	224	318	497	407	2.0	4.0	4.5	1.0	1.0	4.0
15	20171210	142	151	1.5	194	128	135	134	459	591	2.5	1.5	1.0	4.5	5.0	4.0
15	20171211	131	126	2.5	201	133	175	134	278	432	2.5	4.0	4.5	4.5	4.5	0.5
15	20171212	142	138	0.5	218	155	102	348	407	204	5.0	2.0	1.0	3.0	5.0	1.0
15	20171213	127	137	3.0	256	196	236	353	342	308	1.5	0.5	1.0	3.0	1.0	0.5
15	20171214	158	155	1.5	270	142	129	160	258	405	2.0	4.0	3.0	1.5	4.0	0.5
15	20171215	153	158	0.5	288	159	186	390	436	456	5.0	4.0	0.5	1.0	1.5	2.5
15	20171216	142	156	1.0	311	133	203	385	137	471	1.5	2.5	2.0	3.0	2.5	4.0
15	20171217	145	132	1.0	336	164	186	316	358	105	0.5	2.0	4.5	1.5	4.0	3.5
15	20171218	141	123	0.5	364	124	175	151	169	466	1.0	5.0	1.5	1.0	4.0	4.0
15	20171219	124	148	2.0	397	110	109	169	431	402	2.5	2.0	2.0	1.5	1.0	3.0
15	20171220	139	154	1.0	434	168	177	247	242	522	5.0	2.0	3.5	3.0	0.5	4.5
15	20171221	157	147	3.5	448	169	192	390	470	202	5.0	0.5	2.0	3.0	3.5	4.0
15	20171222	156	148	4.0	482	154	182	360	461	441	4.0	3.0	2.0	3.0	4.0	3.5
15	20171223	125	144	1.0	504	126	207	213	406	564	4.5	2.0	3.0	1.0	1.5	2.0
15	20171224	149	130	4.0	523	183	123	318	115	512	1.5	1.5	3.0	3.5	3.0	0.5
15	20171225	127	141	1.5	545	115	178	389	263	389	1.0	2.5	3.0	3.5	1.5	4.5
15	20171226	120	136	3.5	577	145	120	208	127	128	4.5	1.0	3.5	5.0	1.0	2.5
15	20171227	156	120	1.0	616	125	262	198	470	275	3.5	3.0	3.0	2.5	2.0	2.5
15	20171228	156	135	2.0	635	165	215	350	179	453	3.0	2.5	5.0	2.5	5.0	2.5
15	20171229	144	149	1.0	666	174	151	342	412	138	5.0	4.0	2.5	1.0	2.5	1.0
15	20171230	138	153	2.5	672	166	292	385	356	219	1.0	1.0	4.0	1.0	3.5	2.5
15	20171231	148	156	2.0	712	199	289	146	183	303	2.5	3.5	2.5	2.5	3.0	3.5
15	20180101	143	145	5.0	750	116	182	374	116	403	0.5	1.0	4.5	4.0	3.5	4.5
15	20180102	125	126	4.0	788	139	221	267	239	137	1.5	1.5	3.5	2.0	4.0	2.5
15	20180103	120	159	5.0	823	191	276	272	254	362	4.5	0.5	1.0	2.5	1.5	2.5
15	20180104	146	156	4.5	841	161	147	276	259	260	4.5	0.5	0.5	2.5	4.0	1.0
15	20180105	123	144	2.5	876	192	224	323	447	540	3.0	5.0	0.5	4.0	4.5	4.0
15	20180106	134	142	3.5	893	195	165	272	132	383	4.0	1.5	1.0	1.5	3.0	1.5
15	20180107	146	131	3.0	909	188	131	157	394	375	2.5	1.5	1.0	2.5	4.0	3.0
15	20180108	136	144	3.5	931	199	119	376	430	280	4.5	3.5	1.5	5.0	4.0	1.0
15	20180109	138	126	3.0	967	132	174	208	272	400	0.5	0.5	2.5	4.5	1.0	2.5
15	20180110	147	125	1.0	990	109	108	369	178	241	2.0	4.0	3.0	3.0	5.0	1.5
15	20180111	123	145	3.5	1000	160	115	157	383	586	3.5	2.5	4.0	1.5	2.5	2.0
15	20180112	146	132	3.0	1014	121	102	366	383	310	2.5	1.5	3.0	5.0	5.0	3.0
15	20180113	125	151	2.0	1033	171	257	297	274	150	2.5	0.5	3.5	0.5	1.5	5.0
15	20180114	128	124	3.5	1054	147	144	135	345	170	1.5	4.0	5.0	3.5	0.5	2.5
15	20180115	152	146	3.5	1071	137	188	308	135	412	4.5	4.0	1.0	1.5	1.5	1.5
15	20180116	156	139	3.0	1078	147	217	160	262	436	4.0	3.0	3.5	5.0	3.0	4.5
15	20180117	159	159	4.5	1100	122	219	193	176	551	1.5	2.5	3.0	2.0	4.5	4.0
15	20180118	151	152	2.0	1119	134	240	211	454	221	2.5	5.0	4.5	4.0	4.0	4.0
15	20180119	149	130	3.0	1127	177	297	384	440	428	2.0	4.5	3.5	1.0	3.5	0.5
15	20180120	147	150	3.0	1148	121	181	301	376	513	2.0	1.0	4.5	1.5	4.5	3.0
15	20180121	145	155	3.5	1174	138	208	180	310	442	3.0	1.0	1.5	1.5	4.5	1.0
15	20180122	137	140	5.0	1194	192	136	241	375	234	4.5	0.5	4.0	2.0	2.5	3.0
15	20180123	130	125	2.5	1201	111	166	391	299	569	1.5	1.0	3.5	4.0	5.0	1.0
15	20180124	137	140	2.0	1228	164	235	362	314	151	5.0	1.5	1.0	3.0	3.5	3.0
15	20180125	137	150	5.0	1233	148	279	392	100	375	5.0	2.5	1.5	0.5	3.5	1.5
15	20180126	153	127	4.0	1247	110	259	321	167	547	2.0	3.5	1.0	3.5	2.5	1.0
15	20180127	130	134	4.5	1276	128	281	111	113	457	2.5	1.0	1.5	5.0	2.5	2.0
15	20180128	155	129	2.5	1295	178	229	149	169	235	2.0	4.5	1.5	5.0	2.0	0.5
15	20180129	146	125	1.5	1307	181	171	121	280	482	1.5	2.0	3.0	3.0	1.5	4.5
15	20180130	150	131	4.0	1320	119	172	131	483	364	4.5	5.0	4.5	4.0	1.0	1.0
15	20180131	149	126	1.0	1327	119	204	396	264	586	3.0	3.0	2.5	2.5	2.5	2.0
16	20171201	134	159	5.0	35	125	192	354	494	401	0.5	3.5	5.0	1.0	4.0	4.5
16	20171202	147	133	1.5	40	121	144	143	224	151	2.0	2.0	4.0	4.5	1.5	1.5
16	20171203	145	158	4.0	45	131	178	176	125	290	0.5	2.5	1.5	0.5	2.0	2.5
16	20171204	159	151	4.0	60	159	300	281	500	316	0.5	5.0	4.5	2.5	5.0	3.5
16	20171205	141	128	0.5	72	144	255	278	140	246	4.5	2.5	4.5	0.5	2.5	1.0
16	20171206	139	154	3.5	80	139	247	262	488	306	3.5	1.5	3.0	4.0	4.5	3.5
16	20171207	142	129	1.0	102	137	247	381	163	400	2.0	2.0	0.5	1.0	3.5	1.5
16	20171208	137	134	2.0	111	168	126	250	400	244	5.0	3.0	5.0	2.5	0.5	0.5
16	20171209	141	153	2.5	127	142	106	265	445	308	2.5	4.5	0.5	5.0	0.5	4.5
16	20171210	138	136	2.0	140	180	203	271	309	171	5.0	4.5	4.5	2.5	1.5	2.5
16	20171211	152	135	1.5	158	138	116	231	368	446	0.5	0.5	4.0	0.5	1.0	3.5
16	20171212	154	147	2.5	163	197	295	122	257	399	4.5	3.5	2.5	3.5	0.5	0.5
16	20171213	122	143	4.5	191	173	155	396	449	445	4.0	1.0	4.5	4.5	0.5	3.5
16	20171214	150	145	1.5	204	133	256	355	274	260	0.5	1.5	3.5	2.5	5.0	4.5
16	20171215	146	137	2.0	232	178	136	279	312	379	1.5	5.0	4.0	2.0	3.5	1.5
16	20171216	159	126	3.0	270	139	242	350	487	514	5.0	3.0	2.0	2.5	3.0	3.0
16	20171217	159	150	4.5	309	174	117	111	114	504	2.5	3.0	2.5	3.5	0.5	3.0
16	20171218	150	123	2.5	339	186	203	145	196	415	4.0	1.5	3.0	2.5	1.0	5.0
16	20171219	124	127	4.0	356	115	275	393	492	511	5.0	3.5	4.0	1.5	3.5	4.5
16	20171220	141	128	1.0	392	176	142	115	216	352	3.0	2.0	1.5	3.5	4.0	2.5
16	20171221	130	121	3.5	411	168	258	268	384	196	3.5	2.5	1.0	3.5	4.5	2.0
16	20171222	120	134	3.5	423	116	107	242	256	540	2.0	2.0	5.0	4.5	5.0	3.0
16	20171223	158	155	3.0	445	193	286	258	339	394	3.5	4.0	4.5	4.5	2.5	1.5
16	20171224	160	160	2.5	471	124	150	252	432	520	1.5	1.0	2.5	5.0	4.0	3.5
16	20171225	135	121	4.0	505	190	165	273	441	330	2.5	0.5	3.5	0.5	4.5	5.0
16	20171226	159	140	1.0	541	178	112	282	223	595	1.0	1.0	1.0	3.5	1.5	1.0
16	20171227	150	139	4.5	571	160	118	233	456	380	3.5	1.5	3.0	5.0	1.0	3.5
16	20171228	147	149	5.0	608	124	107	290	378	273	3.5	2.0	4.0	1.5	0.5	5.0
16	20171229	120	153	4.5	626	140	117	154	281	234	5.0	3.5	2.5	3.0	0.5	5.0
16	20171230	150	135	5.0	648	132	172	303	406	536	4.5	5.0	4.0	3.5	2.5	3.0
16	20171231	133	128	3.5	663	118	119	345	210	112	2.0	0.5	3.0	2.0	5.0	2.0
16	20180101	154	127	0.5	675	112	237	208	113	413	4.0	0.5	2.5	2.0	3.0	1.0
16	20180102	132	132	4.0	698	161	232	279	465	446	3.5	3.5	3.0	5.0	5.0	1.0
16	20180103	131	140	5.0	730	191	289	240	273	527	2.5	3.0	2.0	5.0	3.5	2.5
16	20180104	142	157	5.0	753	137	102	100	226	365	2.5	4.5	0.5	2.5	2.0	0.5
16	20180105	121	154	4.5	792	136	280	336	184	242	2.0	1.5	1.5	3.0	1.0	2.0
16	20180106	144	136	4.0	811	193	271	251	155	457	5.0	0.5	5.0	4.5	1.0	3.0
16	20180107	126	129	2.0	846	112	181	212	469	467	3.0	4.0	3.5	1.5	1.0	2.0
16	20180108	145	156	2.0	878	194	182	240	179	574	3.0	3.0	0.5	1.5	1.0	4.5
16	20180109	132	142	4.5	898	133	196	313	160	139	1.0	4.0	1.5	2.5	4.0	1.5
16	20180110	155	152	1.0	930	142	134	284	268	288	4.0	4.5	1.0	4.5	4.0	3.0
16	20180111	143	149	1.5	941	135	234	359	152	496	0.5	3.0	5.0	3.0	2.0	3.0
16	20180112	150	159	5.0	962	123	103	352	451	108	2.5	0.5	1.0	2.0	3.0	1.5
16	20180113	140	146	2.5	981	145	272	366	313	104	3.0	4.0	1.0	4.0	5.0	2.0
16	20180114	147	143	5.0	1001	195	239	149	104	227	3.0	4.0	4.5	2.5	4.0	3.5
16	20180115	131	155	1.5	1032	114	299	242	321	143	2.5	0.5	4.0	0.5	2.0	4.0
16	20180116	120	143	4.0	1061	198	253	114	153	262	5.0	1.5	4.5	2.5	2.5	0.5
16	20180117	148	158	2.5	1077	102	256	198	261	390	1.5	5.0	4.0	0.5	4.5	1.0
16	20180118	138	131	4.5	1115	111	224	246	206	531	4.0	3.0	1.5	2.0	1.0	4.5
16	20180119	147	135	3.5	1126	144	110	234	369	499	2.5	4.5	2.5	3.0	1.5	2.0
16	20180120	145	141	4.5	1148	136	270	307	122	268	4.0	5.0	5.0	4.5	5.0	3.5
16	20180121	126	152	2.0	1158	132	113	241	264	313	1.5	0.5	3.5	3.5	3.5	3.0
16	20180122	140	125	4.0	1180	143	122	339	466	271	2.5	2.0	3.5	2.0	4.0	4.0
16	20180123	135	123	2.5	1187	114	237	290	274	184	5.0	4.0	4.0	0.5	4.0	2.0
16	20180124	149	136	2.5	1212	126	130	183	328	180	2.0	1.0	4.5	1.5	4.0	5.0
16	20180125	142	130	3.0	1238	141	255	301	469	599	4.5	5.0	1.5	5.0	4.5	0.5
16	20180126	153	150	1.5	1278	115	269	381	393	179	1.5	3.0	2.0	1.0	2.0	2.0
16	20180127	131	132	4.0	1291	118	160	124	186	102	1.0	2.0	1.0	1.5	4.5	3.5
16	20180128	152	140	0.5	1311	118	178	274	449	578	2.0	0.5	3.0	0.5	4.5	4.0
16	20180129	147	130	3.5	1344	184	175	232	231	518	0.5	5.0	1.5	5.0	5.0	4.5
16	20180130	158	146	1.0	1357	114	126	257	437	360	3.0	3.0	3.5	3.0	1.5	2.0
16	20180131	129	122	3.5	1393	136	227	290	224	594	2.5	3.5	1.0	4.5	1.0	2.0
17	20171201	132	149	3.0	29	164	126	145	111	568	3.0	1.5	3.5	5.0	4.0	2.0
17	20171202	140	136	5.0	42	124	298	186	288	318	2.0	3.5	5.0	1.0	4.5	2.0
17	20171203	159	159	2.0	78	118	282	226	132	366	3.0	0.5	0.5	4.0	0.5	2.5
17	20171204	159	128	1.0	99	100	210	211	180	568	4.5	1.0	3.5	1.5	3.0	2.0
17	20171205	153	126	3.0	112	109	282	161	164	343	0.5	1.5	2.0	3.5	1.0	1.5
17	20171206	135	148	3.5	140	164	121	201	142	299	2.0	0.5	1.5	0.5	5.0	1.5
17	20171207	141	147	2.0	148	117	258	265	488	585	2.0	2.0	4.5	5.0	3.0	0.5
17	20171208	137	155	0.5	157	187	254	233	282	178	4.0	0.5	2.0	5.0	1.0	1.5
17	20171209	146	148	3.5	163	129	206	181	307	537	1.0	4.0	4.5	4.5	2.0	3.0
17	20171210	145	129	3.5	173	102	101	242	280	160	1.0	0.5	2.0	2.5	0.5	3.5
17	20171211	160	159	4.5	187	144	169	121	291	391	2.5	3.5	3.5	3.0	4.5	4.0
17	20171212	133	159	2.5	194	148	160	377	473	540	4.5	4.0	1.5	5.0	1.5	4.5
17	20171213	145	150	4.0	209	178	206	212	372	219	4.0	3.5	4.0	5.0	1.5	1.0
17	20171214	125	120	2.5	241	171	126	116	192	180	5.0	2.5	0.5	1.5	3.0	2.5
17	20171215	128	156	4.0	264	132	155	233	170	328	2.5	3.0	2.5	4.5	4.5	3.5
17	20171216	144	160	2.0	285	130	246	361	367	298	4.5	1.5	2.0	1.0	1.0	5.0
17	20171217	139	127	1.0	309	195	293	301	162	484	3.0	2.5	1.0	1.0	4.0	3.5
17	20171218	142	145	4.0	318	101	158	137	430	265	4.5	3.5	1.5	3.0	5.0	1.5
17	20171219	126	150	4.5	325	190	161	357	311	547	2.0	0.5	2.0	1.0	4.0	4.5
17	20171220	146	129	3.0	357	174	151	373	233	385	1.0	0.5	1.0	0.5	5.0	1.5
17	20171221	159	150	1.0	380	119	295	297	262	273	3.0	4.0	1.5	4.0	4.0	3.0
17	20171222	156	122	0.5	409	188	195	190	317	337	4.0	3.0	2.0	3.5	2.5	1.0
17	20171223	153	145	3.5	419	145	273	120	388	397	3.0	0.5	3.0	3.5	2.5	5.0
17	20171224	124	127	1.0	441	111	244	136	491	320	1.0	1.5	3.0	5.0	0.5	4.0
17	20171225	149	126	1.0	478	125	291	226	281	185	4.5	5.0	3.0	4.5	1.5	2.0
17	20171226	142	129	5.0	514	161	297	354	330	196	3.0	5.0	0.5	3.5	3.0	4.5
17	20171227	133	121	0.5	545	157	278	177	180	176	4.5	3.5	2.0	3.5	4.0	0.5
17	20171228	122	155	1.5	553	164	202	336	432	126	2.0	1.5	1.5	2.5	1.5	3.5
17	20171229	137	153	1.5	593	116	174	189	498	281	3.0	2.5	5.0	2.5	0.5	5.0
17	20171230	136	157	3.0	615	119	228	356	439	132	3.0	3.0	4.5	2.0	1.0	3.5
17	20171231	129	155	1.5	645	172	132	242	380	495	5.0	3.5	3.0	1.0	2.5	2.5
17	20180101	142	144	4.5	655	198	270	170	194	197	2.5	4.5	5.0	1.0	0.5	1.5
17	20180102	150	154	0.5	669	106	162	141	385	204	4.0	1.5	5.0	2.0	5.0	2.5
17	20180103	138	124	1.5	693	172	183	147	432	430	4.5	4.0	2.0	2.0	3.0	3.5
17	20180104	129	155	1.0	721	146	178	285	388	462	4.5	2.0	4.5	4.0	2.0	3.5
17	20180105	129	140	2.5	731	149	109	207	340	153	1.0	3.0	3.5	0.5	4.0	3.5
17	20180106	123	151	0.5	755	141	212	329	308	309	3.5	2.0	4.0	4.5	1.0	5.0
17	20180107	130	148	4.0	764	112	180	165	221	211	3.0	3.0	5.0	2.5	0.5	3.5
17	20180108	130	159	5.0	784	170	300	298	461	263	2.5	1.0	1.5	4.5	0.5	0.5
17	20180109	140	138	3.5	810	162	278	256	257	597	0.5	0.5	0.5	5.0	1.5	4.0
17	20180110	127	121	3.5	824	143	218	208	193	549	1.5	1.0	0.5	2.5	4.5	4.0
17	20180111	159	133	2.5	839	102	261	339	278	184	4.0	1.5	2.5	5.0	3.5	1.0
17	20180112	141	155	4.5	864	109	119	297	419	101	4.5	4.0	2.0	2.0	3.0	0.5
17	20180113	130	148	4.5	895	112	208	262	191	306	1.5	4.0	1.0	1.5	1.0	0.5
17	20180114	160	124	3.0	935	177	101	261	271	242	4.5	2.0	5.0	1.5	0.5	1.0
17	20180115	153	131	3.0	945	177	159	182	494	529	4.5	1.0	2.0	5.0	5.0	3.5
17	20180116	123	158	2.0	959	162	274	261	469	351	1.5	4.0	2.0	2.5	4.5	4.0
17	20180117	148	129	3.5	992	164	169	333	118	482	3.5	2.5	0.5	5.0	1.5	0.5
17	20180118	144	133	2.5	1019	167	261	306	308	257	4.0	1.0	3.5	0.5	0.5	3.0
17	20180119	131	126	3.5	1040	142	142	359	225	232	3.0	5.0	1.0	3.5	3.5	1.5
17	20180120	141	130	4.5	1060	102	189	206	153	549	4.5	2.0	1.0	1.0	2.0	2.0
17	20180121	144	152	4.0	1068	137	235	101	144	453	1.0	5.0	4.0	2.0	3.5	4.0
17	20180122	145	122	3.0	1090	172	208	350	355	495	0.5	0.5	3.5	4.0	0.5	4.0
17	20180123	156	138	1.5	1125	119	194	285	383	561	4.5	2.5	2.5	3.0	2.0	1.5
17	20180124	138	125	1.0	1163	147	166	174	384	307	3.5	1.5	2.5	4.0	3.5	4.5
17	20180125	158	125	1.0	1200	173	235	396	403	396	4.5	2.0	4.0	1.5	0.5	5.0
17	20180126	132	155	0.5	1220	193	114	108	219	312	4.5	4.5	1.0	2.0	5.0	5.0
17	20180127	149	136	4.0	1227	165	118	173	450	529	4.0	2.5	4.0	1.0	4.0	2.0
17	20180128	128	143	1.5	1248	200	148	283	153	336	4.5	2.0	3.5	2.5	3.0	2.0
17	20180129	160	121	4.0	1256	148	243	248	289	363	3.5	4.0	1.0	1.5	1.5	3.5
17	20180130	129	125	2.5	1291	112	173	297	153	481	5.0	2.0	2.0	1.0	1.5	1.5
17	20180131	154	123	1.5	1328	130	241	107	216	527	1.5	5.0	4.5	5.0	5.0	2.0
18	20171201	153	146	1.0	32	130	262	193	404	208	0.5	4.5	0.5	3.0	5.0	0.5
18	20171202	151	126	5.0	50	170	104	253	327	313	4.5	0.5	5.0	4.0	3.5	0.5
18	20171203	130	159	3.0	80	160	145	298	358	377	1.0	1.0	1.0	0.5	2.0	0.5
18	20171204	134	160	1.5	96	121	267	349	429	355	3.0	3.0	1.0	1.5	1.5	5.0
18	20171205	148	126	1.0	125	156	166	163	271	469	1.5	2.0	1.0	4.0	3.5	0.5
18	20171206	130	152	2.0	147	110	109	230	363	257	3.0	4.0	2.5	3.5	1.0	4.0
18	20171207	132	138	0.5	182	134	298	139	352	444	2.0	5.0	3.5	2.5	0.5	1.0
18	20171208	135	137	4.0	201	135	202	300	170	390	5.0	2.0	0.5	3.5	1.0	1.5
18	20171209	123	142	2.5	230	153	147	325	253	485	2.0	4.0	0.5	0.5	1.0	1.5
18	20171210	151	142	4.5	240	105	194	397	417	412	4.0	2.0	0.5	4.5	3.0	1.0
18	20171211	153	140	5.0	263	152	268	340	368	506	3.0	1.0	3.5	5.0	1.5	4.5
18	20171212	127	124	1.5	295	189	289	368	347	234	2.0	4.0	1.0	0.5	3.0	3.5
18	20171213	136	150	3.0	326	101	107	168	411	459	3.0	4.0	4.0	3.0	4.0	4.0
18	20171214	156	138	3.5	340	118	105	141	143	405	1.5	4.0	0.5	1.5	3.5	4.0
18	20171215	122	157	2.5	346	117	179	393	355	350	5.0	2.0	4.0	4.0	4.0	4.5
18	20171216	153	121	1.0	370	119	214	147	412	142	2.0	3.0	2.5	3.0	1.0	2.0
18	20171217	129	125	4.5	409	155	145	342	202	225	2.5	4.5	2.5	5.0	1.5	1.0
18	20171218	137	151	3.0	414	140	231	353	322	290	3.0	0.5	5.0	5.0	2.0	4.5
18	20171219	132	127	3.0	453	111	174	358	498	356	0.5	2.0	4.5	3.0	4.0	3.5
18	20171220	124	149	1.0	484	150	300	353	297	151	0.5	5.0	4.5	3.0	1.0	1.5
18	20171221	135	130	2.5	512	123	172	393	305	123	3.5	3.0	1.0	0.5	3.5	0.5
18	20171222	120	151	3.0	526	145	266	314	162	588	2.5	2.5	3.0	5.0	4.5	5.0
18	20171223	141	156	0.5	532	113	174	282	449	558	0.5	3.0	2.5	1.0	1.5	1.5
18	20171224	143	150	2.5	554	151	294	318	332	238	4.5	1.5	4.5	3.0	4.0	3.0
18	20171225	120	133	3.0	568	174	138	163	283	388	3.0	4.5	2.0	3.5	0.5	5.0
18	20171226	134	144	3.0	604	140	150	304	444	318	3.0	3.5	4.5	5.0	2.5	5.0
18	20171227	134	144	2.5	616	190	275	362	382	433	1.5	3.0	1.5	5.0	0.5	3.5
18	20171228	132	130	2.0	642	162	204	365	107	409	1.0	1.0	3.5	4.5	1.0	4.0
18	20171229	134	151	0.5	672	118	284	261	293	163	2.0	4.0	3.0	2.5	1.5	1.5
18	20171230	129	160	1.0	687	129	132	108	350	464	4.0	2.0	2.0	3.0	2.0	2.5
18	20171231	160	136	1.0	718	136	140	104	450	250	2.5	1.5	3.5	5.0	5.0	1.0
18	20180101	131	122	0.5	727	196	114	339	425	300	0.5	1.0	1.0	2.0	5.0	0.5
18	20180102	152	120	2.0	746	193	236	348	460	533	0.5	2.5	0.5	2.0	4.0	0.5
18	20180103	124	149	1.5	783	175	223	249	113	399	3.0	3.5	3.5	1.0	5.0	0.5
18	20180104	131	156	3.5	812	117	212	106	315	197	3.0	2.5	1.5	3.5	3.5	1.0
18	20180105	142	141	1.5	844	139	274	109	203	290	1.5	1.0	2.0	0.5	2.5	4.0
18	20180106	130	123	1.0	857	106	142	217	378	168	5.0	4.5	1.0	3.0	1.0	3.0
18	20180107	137	134	3.0	896	194	230	372	152	208	3.0	4.5	0.5	5.0	3.0	0.5
18	20180108	159	145	1.0	907	187	238	253	215	196	3.5	2.5	3.0	3.0	5.0	2.5
18	20180109	146	148	1.0	937	124	207	238	208	392	4.5	3.5	3.0	4.5	2.5	1.0
18	20180110	147	135	4.5	968	110	167	373	392	427	1.5	1.0	1.0	3.0	5.0	0.5
18	20180111	121	150	3.0	998	165	165	390	214	294	4.5	2.5	4.0	3.0	1.5	4.5
18	20180112	123	148	3.0	1008	108	102	100	385	594	4.5	2.5	5.0	5.0	2.5	0.5
18	20180113	153	138	1.5	1027	111	257	176	317	484	3.0	3.5	4.0	4.0	1.5	4.0
18	20180114	120	139	0.5	1055	173	151	302	165	536	4.0	3.5	4.5	4.5	4.5	2.0
18	20180115	157	152	3.0	1075	165	190	142	398	296	0.5	4.0	4.0	3.0	1.0	0.5
18	20180116	130	134	4.5	1085	198	232	377	137	144	1.5	1.0	1.5	2.0	4.0	1.5
18	20180117	149	147	4.5	1103	123	169	392	452	366	1.5	4.5	3.0	3.0	1.5	0.5
18	20180118	120	153	3.5	1123	196	140	375	285	481	2.0	5.0	1.0	3.5	4.5	0.5
18	20180119	142	120	1.0	1155	181	172	201	376	559	5.0	2.5	3.5	1.0	5.0	2.5
18	20180120	133	159	2.5	1183	143	241	220	310	269	1.0	4.0	0.5	3.0	5.0	1.5
18	20180121	145	155	3.5	1190	158	142	302	381	167	3.5	0.5	4.0	3.5	3.5	1.5
18	20180122	145	160	2.5	1198	111	157	320	254	375	1.5	1.0	5.0	4.0	1.0	2.0
18	20180123	147	160	4.5	1223	178	268	141	314	527	2.5	3.0	0.5	1.0	4.5	4.0
18	20180124	151	120	0.5	1260	190	130	120	295	134	0.5	2.0	2.5	5.0	2.0	1.0
18	20180125	136	134	1.5	1279	111	110	173	259	518	4.0	2.5	1.0	1.0	3.5	4.5
18	20180126	122	147	1.5	1294	117	267	384	239	285	4.0	0.5	4.0	0.5	2.0	5.0
18	20180127	128	134	5.0	1326	121	195	255	485	280	2.0	0.5	4.5	3.5	4.0	2.0
18	20180128	131	128	2.5	1334	197	212	351	160	281	5.0	4.0	2.0	4.0	5.0	2.5
18	20180129	154	156	3.5	1355	196	124	288	172	410	3.0	3.5	3.0	5.0	3.0	2.5
18	20180130	141	124	2.0	1381	118	162	231	384	472	5.0	1.5	2.0	1.0	2.0	0.5
18	20180131	145	157	1.5	1397	138	213	400	160	542	1.5	2.0	5.0	2.0	3.5	1.0
19	20171201	149	125	5.0	13	113	263	343	308	370	4.5	1.5	5.0	4.0	5.0	3.5
19	20171202	129	131	1.5	35	198	235	199	144	264	3.5	4.0	2.0	0.5	3.0	4.5
19	20171203	120	124	2.0	67	106	297	227	198	518	3.0	2.5	4.0	2.5	1.0	4.0
19	20171204	131	149	1.0	100	180	257	147	401	274	4.5	1.0	3.5	3.5	2.0	2.0
19	20171205	125	128	5.0	126	173	227	322	353	322	4.0	0.5	2.5	4.0	5.0	3.5
19	20171206	120	122	3.0	146	130	155	242	415	424	1.5	0.5	3.0	0.5	0.5	3.0
19	20171207	138	134	2.0	179	163	138	329	219	293	1.0	5.0	4.5	4.5	4.5	3.0
19	20171208	123	132	3.0	195	126	247	156	167	392	4.0	4.0	4.5	0.5	5.0	3.0
19	20171209	138	134	4.5	210	193	147	307	404	362	1.0	4.5	4.0	0.5	4.5	5.0
19	20171210	120	132	1.0	245	149	293	361	262	206	2.5	4.0	1.5	4.5	1.5	4.0
19	20171211	139	159	5.0	284	108	111	200	380	556	3.0	2.5	1.5	1.5	4.0	1.5
19	20171212	153	121	1.5	292	196	277	397	125	322	3.5	4.0	0.5	2.0	4.5	0.5
19	20171213	140	129	4.0	308	162	108	103	401	299	4.0	4.0	2.0	1.5	3.5	0.5
19	20171214	134	135	3.5	341	121	296	102	438	207	3.0	3.5	0.5	1.5	2.0	3.5
19	20171215	134	123	2.5	375	129	110	102	390	362	4.5	3.5	3.0	3.0	1.5	2.0
19	20171216	154	150	0.5	382	200	144	389	208	284	3.5	3.5	2.0	4.0	2.5	2.0
19	20171217	132	128	2.0	404	133	112	220	413	422	3.0	3.5	0.5	3.0	2.5	5.0
19	20171218	121	146	2.0	413	140	214	368	482	421	2.5	3.5	1.5	2.0	2.5	4.0
19	20171219	160	146	4.0	445	112	213	111	372	271	3.0	4.0	1.5	2.5	2.0	3.5
19	20171220	121	130	4.5	468	104	235	222	352	485	1.0	0.5	3.5	4.5	1.0	0.5
19	20171221	142	129	3.0	482	183	300	125	395	125	3.5	3.5	4.5	2.0	5.0	3.5
19	20171222	135	153	2.0	493	182	244	169	123	555	5.0	2.0	4.5	4.5	3.0	3.5
19	20171223	142	130	2.0	525	128	213	165	458	122	3.5	3.0	0.5	3.5	2.5	4.0
19	20171224	121	126	2.5	548	136	189	387	302	446	4.0	5.0	4.0	2.0	4.0	3.5
19	20171225	142	135	5.0	579	115	207	174	240	338	3.0	4.0	0.5	0.5	0.5	4.5
19	20171226	135	125	4.0	619	126	292	300	302	417	4.0	1.0	3.5	1.5	3.0	2.5
19	20171227	143	125	4.0	647	166	181	179	243	450	1.0	4.0	1.5	4.0	5.0	3.5
19	20171228	150	159	1.5	683	153	194	229	136	411	1.5	1.5	0.5	1.5	2.5	4.5
19	20171229	147	125	3.5	693	114	246	251	157	472	0.5	4.0	1.5	1.5	1.5	4.0
19	20171230	135	125	2.0	713	185	188	361	150	426	0.5	3.5	3.5	2.0	4.5	1.0
19	20171231	130	127	1.5	724	106	153	185	265	599	2.5	0.5	3.5	1.0	3.5	3.5
19	20180101	152	157	2.5	759	193	174	282	422	226	1.5	3.5	0.5	4.0	3.5	4.0
19	20180102	144	131	3.5	790	161	231	276	246	474	3.0	2.5	2.5	0.5	2.0	1.5
19	20180103	150	122	0.5	805	113	150	341	119	436	2.5	3.5	3.0	2.0	2.0	4.0
19	20180104	131	125	4.5	832	117	253	268	256	359	0.5	1.0	1.0	3.0	1.0	1.5
19	20180105	156	123	4.0	866	140	118	358	221	278	0.5	0.5	3.5	3.0	5.0	0.5
19	20180106	146	156	1.5	883	200	188	268	138	186	2.0	2.5	1.5	1.5	3.0	5.0
19	20180107	130	155	0.5	908	174	298	211	317	524	2.0	3.0	5.0	2.5	1.0	2.0
19	20180108	153	121	5.0	923	152	166	155	279	276	0.5	5.0	5.0	5.0	5.0	0.5
19	20180109	123	154	1.0	951	132	163	283	492	374	3.5	2.0	3.5	4.0	2.5	1.5
19	20180110	147	137	2.5	976	100	285	367	202	287	4.0	1.0	4.5	2.5	3.0	1.5
19	20180111	146	138	1.0	981	113	109	331	459	209	2.0	3.0	1.5	1.5	3.5	3.5
19	20180112	133	144	1.5	1017	120	279	118	122	215	3.5	4.5	0.5	4.5	2.5	5.0
19	20180113	158	133	4.0	1057	174	241	279	215	489	4.5	4.0	0.5	3.5	5.0	1.0
19	20180114	147	128	4.5	1077	183	185	295	108	447	3.0	0.5	2.0	4.0	2.5	4.0
19	20180115	121	146	1.5	1099	151	183	118	221	109	2.0	2.5	1.5	5.0	3.0	4.5
19	20180116	141	122	3.5	1133	129	144	361	381	400	1.5	3.0	4.0	2.5	3.5	2.5
19	20180117	144	148	0.5	1145	114	102	245	320	388	1.5	0.5	4.5	2.5	3.0	2.0
19	20180118	142	152	5.0	1171	100	153	152	499	420	4.0	5.0	0.5	1.0	5.0	3.5
19	20180119	139	160	2.5	1188	163	143	242	221	561	4.5	2.0	1.0	5.0	3.0	5.0
19	20180120	130	125	5.0	1221	108	272	226	196	570	1.0	1.5	3.0	4.5	1.0	4.5
19	20180121	129	150	3.5	1235	143	152	215	192	186	1.0	3.5	2.0	3.5	4.0	4.0
19	20180122	135	142	2.5	1263	154	125	239	447	297	3.5	1.5	1.0	4.0	2.0	3.0
19	20180123	128	125	3.5	1283	117	285	383	284	518	1.5	1.5	3.0	3.0	1.5	4.5
19	20180124	141	122	4.5	1316	139	267	256	267	181	1.0	1.5	0.5	1.0	1.5	1.0
19	20180125	122	140	1.0	1345	131	180	198	283	353	1.0	0.5	0.5	3.0	1.0	1.0
19	20180126	140	134	4.5	1354	170	290	389	444	402	2.0	0.5	2.5	1.5	3.0	3.5
19	20180127	125	158	0.5	1385	129	139	274	165	257	2.0	1.5	5.0	2.0	4.0	1.0
19	20180128	133	135	0.5	1424	197	161	291	243	409	4.0	3.5	5.0	4.5	1.5	3.0
19	20180129	138	121	1.5	1452	173	146	361	408	438	3.5	4.5	0.5	4.5	0.5	4.0
19	20180130	129	139	3.5	1488	179	134	217	372	220	0.5	4.0	4.0	5.0	1.5	1.0
19	20180131	125	152	4.5	1502	194	199	348	340	321	3.5	5.0	4.5	3.0	3.0	1.0
20	20171201	147	128	3.5	15	172	150	371	108	360	5.0	0.5	4.0	4.5	0.5	3.5
20	20171202	159	147	1.5	37	185	205	271	103	529	1.5	1.0	1.0	4.5	3.5	1.5
20	20171203	124	143	2.0	54	190	177	395	161	297	3.5	3.5	1.5	3.5	1.0	5.0
20	20171204	121	138	1.5	64	121	224	113	175	537	3.0	1.5	3.5	1.5	4.0	4.0
20	20171205	157	158	4.5	99	185	223	276	491	452	4.5	2.0	4.5	3.0	5.0	2.0
20	20171206	132	141	4.5	129	166	164	243	303	457	0.5	4.5	3.5	0.5	2.5	1.0
20	20171207	147	142	1.0	147	131	236	396	448	178	3.0	2.5	3.5	5.0	1.5	3.5
20	20171208	121	142	4.0	174	188	285	355	163	562	4.5	4.5	2.5	5.0	2.5	4.0
20	20171209	156	146	1.0	190	102	230	324	482	532	1.5	3.5	5.0	1.5	1.5	3.5
20	20171210	154	143	4.0	219	152	110	395	362	391	4.5	0.5	0.5	5.0	1.5	4.0
20	20171211	130	152	3.0	241	141	249	269	441	347	1.0	1.0	2.5	1.0	2.0	5.0
20	20171212	121	139	3.5	248	127	294	126	153	350	1.0	1.0	3.5	2.0	3.5	2.5
20	20171213	129	157	3.0	269	105	261	388	265	244	4.0	3.0	2.0	0.5	2.0	0.5
20	20171214	154	134	1.5	297	187	112	229	156	484	1.0	1.0	2.0	4.5	1.0	0.5
20	20171215	158	140	4.0	323	145	266	329	159	136	3.5	5.0	1.5	2.0	0.5	4.5
20	20171216	124	147	2.5	358	151	254	263	159	238	3.5	3.0	5.0	1.5	1.0	3.0
20	20171217	120	152	3.0	390	150	164	103	120	386	1.5	5.0	4.0	1.0	2.5	4.0
20	20171218	134	129	2.0	430	200	104	121	500	189	1.5	3.0	1.0	0.5	4.0	2.0
20	20171219	157	124	3.0	470	159	190	293	147	136	1.5	4.0	5.0	1.0	2.5	2.5
20	20171220	135	147	4.0	505	131	253	333	387	140	3.5	4.5	3.0	4.5	2.0	1.5
20	20171221	139	139	4.0	521	112	168	339	478	290	4.5	2.0	1.0	0.5	1.5	0.5
20	20171222	139	148	0.5	529	102	100	377	170	380	2.5	5.0	1.0	4.5	2.0	4.5
20	20171223	122	134	2.5	561	125	126	200	141	406	4.0	2.0	2.0	2.5	3.5	5.0
20	20171224	125	137	1.0	597	100	178	251	274	407	5.0	2.0	1.5	2.5	3.5	2.5
20	20171225	150	122	3.5	616	170	212	385	315	167	5.0	1.5	0.5	3.5	2.5	2.0
20	20171226	139	133	4.0	655	141	236	142	102	378	4.0	2.5	0.5	2.0	4.5	4.5
20	20171227	151	130	1.0	677	169	207	341	167	126	4.5	3.0	2.5	4.5	2.0	0.5
20	20171228	141	150	1.5	690	185	258	132	162	506	1.5	4.0	1.5	2.0	2.5	1.5
20	20171229	141	141	2.5	715	133	182	228	430	542	5.0	0.5	1.5	1.0	1.5	4.0
20	20171230	123	132	1.0	729	170	295	212	331	510	1.5	3.5	1.0	1.5	1.5	4.5
20	20171231	126	157	4.0	765	127	117	147	206	156	5.0	2.0	1.5	3.0	0.5	3.5
20	20180101	160	136	3.5	786	105	212	147	231	194	2.0	4.5	1.0	1.0	2.5	1.0
20	20180102	135	129	1.0	809	189	208	334	319	113	5.0	3.5	2.0	1.5	1.0	2.5
20	20180103	126	138	5.0	823	179	259	361	384	430	4.0	1.5	4.5	3.5	2.0	2.5
20	20180104	144	158	5.0	835	191	126	340	257	188	0.5	2.0	4.0	3.5	4.5	4.0
20	20180105	134	157	1.5	873	162	208	365	186	539	4.5	5.0	4.5	1.5	5.0	0.5
20	20180106	158	123	1.5	903	122	168	109	206	460	5.0	4.0	2.5	1.0	5.0	2.5
20	20180107	146	138	5.0	935	171	164	242	365	525	1.0	3.5	4.5	3.5	4.5	4.5
20	20180108	132	154	0.5	971	132	178	139	136	390	2.5	4.0	0.5	3.5	1.5	2.0
20	20180109	159	149	4.0	1008	177	118	333	331	325	1.0	3.0	4.5	4.0	4.5	4.0
20	20180110	159	146	5.0	1021	127	178	377	291	423	2.0	4.0	3.0	1.5	5.0	3.0
20	20180111	145	143	3.0	1041	141	121	160	484	557	4.0	1.0	4.5	2.0	2.0	2.0
20	20180112	151	122	3.0	1066	194	182	363	310	449	4.5	0.5	2.0	4.0	0.5	3.5
20	20180113	155	140	0.5	1099	176	232	322	302	396	0.5	5.0	4.0	4.0	3.0	5.0
20	20180114	124	148	4.0	1107	142	184	216	109	531	1.0	2.5	5.0	3.0	3.5	3.0
20	20180115	128	153	4.5	1131	154	129	366	314	337	4.5	4.0	5.0	1.0	2.0	0.5
20	20180116	122	129	0.5	1150	131	277	297	461	398	3.0	0.5	0.5	3.0	3.0	3.5
20	20180117	139	133	3.5	1172	199	109	376	388	310	3.0	4.5	5.0	2.0	5.0	1.5
20	20180118	148	126	3.5	1182	123	278	174	187	420	2.5	2.0	2.0	5.0	1.5	2.0
20	20180119	159	124	5.0	1194	173	201	157	276	364	5.0	5.0	1.0	1.5	0.5	2.0
20	20180120	136	130	4.0	1226	110	149	383	249	166	0.5	1.5	3.5	5.0	1.5	3.5
20	20180121	136	137	0.5	1232	123	119	212	491	137	5.0	3.5	5.0	3.0	0.5	2.0
20	20180122	128	129	4.5	1267	133	187	135	192	357	3.0	2.5	5.0	0.5	3.0	5.0
20	20180123	150	135	2.0	1289	147	292	362	234	466	0.5	2.0	5.0	3.0	3.0	4.0
20	20180124	148	127	4.5	1306	115	172	150	210	200	5.0	5.0	2.0	2.5	3.0	4.5
20	20180125	126	139	0.5	1340	149	175	293	439	271	5.0	3.0	3.0	1.0	3.5	4.0
20	20180126	135	139	2.0	1345	132	294	151	260	554	2.5	4.5	5.0	4.5	4.0	4.5
20	20180127	120	138	1.5	1357	101	163	388	492	572	4.5	3.0	3.5	3.5	1.5	2.5
20	20180128	130	145	1.0	1377	131	106	189	485	149	1.0	1.5	0.5	0.5	1.0	4.5
20	20180129	127	143	1.0	1397	106	106	362	457	197	3.0	3.5	2.0	4.5	1.0	1.5
20	20180130	131	147	0.5	1408	116	222	398	483	550	3.5	0.5	1.0	3.0	2.5	1.5
20	20180131	133	135	4.5	1448	166	198	221	460	147	3.5	1.5	0.5	1.5	1.5	3.5
