0	4	20171201	3.5	24	176	245	344	443	342	0.5	3.0	5.0	5.0	1.5	1.0
0	3	20171202	4.0	210	103	218	142	278	359	3.0	2.0	2.5	1.0	3.0	4.0
0	3	20171203	4.5	124	192	245	170	415	189	2.5	2.0	3.5	2.5	4.0	2.0
0	2	20171204	0.5	229	198	285	181	437	428	3.0	4.5	1.5	4.0	3.5	3.5
0	1	20171205	3.5	237	190	114	280	495	355	4.0	3.0	2.0	0.5	0.5	5.0
0	2	20171206	2.5	211	132	151	303	367	106	4.5	3.0	5.0	5.0	0.5	4.5
0	3	20171207	4.5	156	150	290	378	458	348	1.0	2.5	3.0	3.5	0.5	1.0
0	1	20171208	0.5	155	123	171	276	429	364	1.0	0.5	3.0	0.5	3.5	5.0
0	2	20171209	1.0	137	128	252	289	391	197	2.5	1.5	3.0	3.5	4.0	4.0
0	3	20171210	2.0	163	187	135	127	264	329	2.5	1.5	5.0	4.5	2.5	5.0
0	6	20171211	5.0	224	136	129	323	120	576	4.0	2.0	5.0	1.0	1.0	3.5
0	5	20171212	2.0	176	108	116	237	330	403	0.5	4.5	5.0	2.5	2.5	2.5
0	6	20171213	2.5	117	165	170	269	377	549	2.5	5.0	1.0	1.5	2.0	5.0
0	5	20171214	2.5	170	175	127	373	327	260	0.5	4.5	5.0	2.5	0.5	1.0
0	2	20171215	1.5	191	145	162	297	461	522	0.5	1.5	2.5	3.5	4.0	3.0
0	2	20171216	4.0	184	132	184	375	234	298	4.5	1.5	5.0	2.5	0.5	1.5
0	5	20171217	1.0	166	122	247	363	270	527	3.0	0.5	4.0	4.0	4.0	4.5
0	3	20171218	3.5	159	152	106	234	310	106	1.0	3.0	2.0	5.0	4.5	3.5
0	5	20171219	2.5	163	199	285	376	339	519	3.5	0.5	0.5	1.5	1.5	4.5
0	4	20171220	4.0	234	146	298	314	158	493	3.5	0.5	0.5	5.0	4.5	1.0
0	2	20171221	4.5	152	124	133	134	328	585	4.0	2.5	1.5	1.5	5.0	4.0
0	5	20171222	2.5	152	137	112	225	217	531	3.5	1.5	4.0	4.0	0.5	3.5
0	3	20171223	4.0	168	121	114	290	193	508	2.5	4.0	4.0	5.0	3.0	1.0
0	3	20171224	1.5	134	192	253	218	475	507	1.0	2.5	3.0	1.0	3.0	3.5
0	3	20171225	2.0	221	102	164	166	124	546	2.0	0.5	1.0	3.0	3.0	3.5
0	5	20171226	3.0	127	130	120	176	335	592	0.5	5.0	3.0	0.5	3.5	2.0
0	4	20171227	3.5	146	119	300	225	361	158	3.5	4.0	2.5	3.5	1.0	3.0
0	3	20171228	4.0	134	161	285	260	455	190	4.0	2.5	1.0	0.5	4.5	3.0
0	5	20171229	2.5	188	166	184	208	199	279	3.5	5.0	1.0	2.0	0.5	5.0
0	1	20171230	2.5	172	192	287	140	211	341	2.5	3.0	3.0	1.5	3.5	3.0
0	5	20171231	4.5	204	177	217	203	216	264	4.5	1.0	4.5	1.5	3.5	2.5
0	6	20180101	1.5	195	130	173	183	293	191	0.5	2.0	5.0	1.5	1.0	1.5
0	4	20180102	3.5	150	189	119	196	339	331	4.0	2.5	3.0	1.0	4.5	4.5
0	6	20180103	5.0	216	142	106	305	475	482	2.0	1.0	3.0	3.0	4.5	2.0
0	2	20180104	4.0	179	152	237	318	451	296	1.0	1.0	2.5	2.5	3.0	4.0
0	6	20180105	5.0	166	159	116	219	197	306	4.5	4.5	1.5	5.0	4.0	4.5
0	4	20180106	2.0	179	180	289	338	240	191	3.0	3.5	0.5	3.0	4.5	3.0
0	3	20180107	1.0	216	135	296	211	438	478	2.5	2.5	3.5	3.0	0.5	4.5
0	1	20180108	5.0	165	136	266	162	389	139	3.0	1.5	0.5	4.5	4.0	0.5
0	4	20180109	1.0	159	105	100	187	150	589	2.0	0.5	0.5	0.5	4.5	0.5
0	2	20180110	3.5	125	159	158	149	485	427	2.5	3.0	1.5	3.0	1.5	3.5
0	6	20180111	2.0	196	129	291	113	327	300	1.0	4.5	1.5	1.5	3.5	3.5
0	6	20180112	4.5	137	142	248	251	336	552	1.5	3.0	1.5	0.5	3.5	2.0
0	2	20180113	5.0	179	136	251	285	278	244	5.0	1.5	2.5	4.0	4.5	4.0
0	2	20180114	5.0	155	168	269	370	388	159	3.0	2.5	4.0	2.0	0.5	1.0
0	4	20180115	4.0	208	183	122	270	281	597	1.0	3.0	3.0	4.0	3.5	3.0
0	6	20180116	1.5	203	121	132	166	343	245	2.5	0.5	4.5	0.5	2.5	5.0
0	1	20180117	4.5	146	144	156	194	249	162	3.5	2.0	0.5	0.5	4.5	2.5
0	5	20180118	1.0	157	113	294	265	130	478	4.0	1.5	3.5	2.5	0.5	0.5
0	3	20180119	4.5	125	148	220	202	138	376	3.5	4.5	5.0	3.0	2.5	4.5
0	1	20180120	1.5	157	175	101	246	256	540	3.0	1.5	3.5	3.5	5.0	5.0
0	5	20180121	5.0	189	136	234	184	135	493	1.5	2.5	2.0	5.0	1.5	5.0
0	1	20180122	3.5	154	127	109	128	460	370	1.0	3.5	5.0	2.5	3.0	2.5
0	2	20180123	3.0	160	131	172	172	197	360	3.0	1.0	4.0	3.0	1.0	2.0
0	2	20180124	1.0	169	111	264	299	113	316	2.0	5.0	5.0	2.5	0.5	1.0
0	4	20180125	5.0	131	176	158	399	286	351	3.5	1.0	1.5	1.5	1.5	2.5
0	2	20180126	3.5	200	151	105	117	374	537	1.5	2.5	4.5	1.5	2.0	1.5
0	4	20180127	4.0	171	121	288	151	222	415	2.5	4.0	0.5	3.5	2.0	2.0
0	4	20180128	2.5	147	185	263	332	113	425	3.0	1.5	2.5	5.0	5.0	1.0
0	6	20180129	4.0	222	185	261	182	265	114	5.0	4.0	2.0	2.5	4.5	5.0
0	1	20180130	1.0	192	173	125	306	485	364	0.5	2.0	2.5	0.5	0.5	3.0
0	5	20180131	1.0	193	115	189	236	261	312	1.5	3.0	5.0	2.5	4.0	5.0
1	1	20171201	3.0	16	137	139	259	417	388	2.0	1.0	1.0	2.0	5.0	0.5
1	5	20171202	3.5	161	138	169	398	235	522	1.0	0.5	3.5	3.0	3.5	5.0
1	2	20171203	5.0	164	161	203	129	387	376	3.5	3.5	1.0	1.5	3.0	2.5
1	5	20171204	5.0	186	143	178	195	239	443	4.5	5.0	5.0	3.5	0.5	1.5
1	6	20171205	4.0	171	171	200	145	311	101	3.0	4.5	5.0	2.5	3.5	4.5
1	1	20171206	2.5	176	142	193	151	276	573	0.5	3.0	3.0	4.5	4.5	4.0
1	2	20171207	4.0	169	198	187	399	105	345	0.5	5.0	2.0	3.5	2.5	0.5
1	4	20171208	2.5	216	133	104	385	476	132	2.5	4.0	5.0	2.0	3.0	3.0
1	1	20171209	5.0	139	138	259	250	217	332	5.0	1.5	4.5	4.0	0.5	1.0
1	3	20171210	4.5	153	106	219	101	467	541	4.0	4.0	4.0	0.5	2.5	4.5
1	1	20171211	3.0	122	140	214	393	424	487	2.5	1.0	3.0	0.5	4.0	0.5
1	6	20171212	3.0	155	101	188	275	113	383	2.0	0.5	4.5	3.0	2.5	3.5
1	6	20171213	3.0	133	157	204	348	248	296	1.0	2.0	3.5	1.0	3.0	3.5
1	3	20171214	2.0	174	106	189	269	494	550	1.0	2.5	3.5	3.0	3.5	2.0
1	5	20171215	1.0	134	124	249	341	213	578	1.5	0.5	2.5	4.5	5.0	3.0
1	5	20171216	5.0	146	105	201	272	116	162	3.0	3.0	2.5	2.0	0.5	3.5
1	5	20171217	2.0	137	175	260	101	103	442	5.0	4.5	3.5	2.5	5.0	4.5
1	3	20171218	4.5	190	146	256	393	214	387	5.0	3.5	1.0	2.5	4.5	5.0
1	5	20171219	3.5	165	188	206	274	203	450	3.5	0.5	1.5	0.5	0.5	1.0
1	1	20171220	5.0	205	200	101	150	403	274	1.5	5.0	1.5	5.0	1.0	1.0
1	6	20171221	2.0	224	134	146	266	318	443	5.0	4.0	1.0	5.0	5.0	4.5
1	4	20171222	2.0	170	174	193	242	384	334	4.0	0.5	2.0	2.5	3.5	5.0
1	3	20171223	3.5	205	198	159	356	444	240	2.5	2.0	4.5	0.5	3.0	4.0
1	1	20171224	0.5	203	111	163	271	325	499	2.5	0.5	3.5	4.5	3.5	4.5
1	2	20171225	3.0	118	128	205	400	273	265	3.5	1.0	3.5	0.5	1.5	4.0
1	6	20171226	4.5	159	193	172	284	225	534	2.0	0.5	3.0	3.5	3.5	4.0
1	5	20171227	0.5	217	168	252	384	249	472	4.0	2.5	0.5	5.0	0.5	3.5
1	4	20171228	2.0	173	154	129	205	259	594	5.0	3.0	2.5	5.0	1.5	3.5
1	6	20171229	2.0	173	193	253	385	411	311	2.5	5.0	0.5	1.5	1.5	5.0
1	3	20171230	4.5	204	105	228	299	263	249	3.0	3.0	1.0	1.5	3.0	1.5
1	1	20171231	2.5	129	133	243	116	171	535	4.0	4.5	5.0	2.5	3.0	3.5
1	5	20180101	0.5	149	112	186	107	107	203	1.0	3.5	1.5	2.5	1.5	4.0
1	4	20180102	0.5	130	120	284	155	123	229	4.5	0.5	5.0	3.5	1.5	0.5
1	3	20180103	3.5	144	143	118	209	358	390	5.0	1.5	3.0	1.5	3.5	5.0
1	6	20180104	2.5	150	129	128	186	302	463	4.0	2.5	3.0	4.0	4.5	3.5
1	4	20180105	2.5	163	109	228	237	398	412	4.5	5.0	4.5	5.0	4.5	1.5
1	6	20180106	5.0	141	164	268	206	296	303	0.5	4.0	5.0	3.0	5.0	2.5
1	4	20180107	1.5	173	127	248	173	370	115	5.0	5.0	4.0	1.0	3.5	3.5
1	2	20180108	0.5	159	100	127	268	456	561	1.5	0.5	1.5	3.5	1.5	4.0
1	3	20180109	4.0	124	114	268	128	303	516	0.5	2.5	1.0	3.0	5.0	0.5
1	2	20180110	3.0	140	141	299	122	247	486	1.0	3.0	4.0	4.0	1.5	2.5
1	3	20180111	1.0	163	127	264	317	386	516	4.5	0.5	3.5	3.5	1.0	0.5
1	3	20180112	4.0	149	143	145	285	352	524	2.0	2.0	4.0	0.5	4.0	4.5
1	4	20180113	0.5	159	155	135	373	384	154	0.5	5.0	2.0	2.5	4.0	2.0
1	6	20180114	5.0	168	152	261	345	165	523	0.5	3.0	5.0	1.0	3.0	2.0
1	4	20180115	3.0	192	192	276	317	434	414	3.0	2.5	2.0	2.5	4.5	1.5
1	5	20180116	0.5	206	158	239	306	252	552	1.5	3.5	2.0	4.0	3.0	3.5
1	1	20180117	5.0	183	112	203	270	121	551	4.0	1.5	4.5	2.0	1.0	5.0
1	3	20180118	5.0	121	110	291	349	442	371	5.0	1.0	0.5	2.0	1.5	2.5
1	2	20180119	1.5	121	153	215	255	390	166	5.0	3.0	1.5	3.0	3.0	3.0
1	3	20180120	0.5	187	108	273	102	433	204	3.0	1.0	5.0	3.5	5.0	1.0
1	3	20180121	3.0	140	196	144	256	229	259	0.5	4.5	3.5	5.0	4.0	4.5
1	5	20180122	3.5	201	100	142	208	427	443	1.0	3.0	0.5	2.0	1.5	0.5
1	1	20180123	4.0	140	172	131	396	474	215	5.0	4.5	1.0	3.0	3.5	3.0
1	3	20180124	2.0	179	170	154	233	491	522	2.0	1.0	3.0	2.5	2.5	1.0
1	3	20180125	1.0	210	107	255	107	141	347	1.0	2.5	5.0	3.5	0.5	5.0
1	5	20180126	3.0	133	199	166	358	339	103	0.5	2.0	4.0	4.5	1.5	4.0
1	1	20180127	5.0	214	140	127	105	500	555	1.5	1.0	1.0	1.5	3.5	4.0
1	3	20180128	4.0	157	181	296	373	338	235	1.5	5.0	2.5	1.5	1.0	2.0
1	3	20180129	2.0	210	186	238	357	452	328	3.0	4.0	1.5	2.5	2.0	5.0
1	6	20180130	4.0	224	168	200	283	206	105	2.5	2.5	2.5	5.0	3.5	1.5
1	2	20180131	1.0	176	107	295	194	333	112	1.0	5.0	3.5	3.0	0.5	2.5
2	6	20171201	4.5	39	118	245	396	120	225	1.0	2.5	3.5	1.0	0.5	3.0
2	2	20171202	4.5	135	131	251	247	206	336	4.0	3.5	4.5	0.5	0.5	4.0
2	1	20171203	5.0	165	181	162	176	375	228	0.5	4.0	2.5	1.5	3.0	3.0
2	3	20171204	0.5	217	116	128	228	376	476	1.5	4.0	2.5	5.0	2.0	2.5
2	3	20171205	1.0	125	158	116	194	128	292	2.0	0.5	4.0	0.5	2.0	2.0
2	3	20171206	0.5	195	120	259	297	428	568	5.0	5.0	0.5	5.0	3.0	5.0
2	4	20171207	3.5	151	163	290	216	220	221	0.5	1.0	4.0	4.0	0.5	1.5
2	3	20171208	2.5	187	143	171	319	122	508	2.5	4.5	4.5	3.5	1.0	1.0
2	5	20171209	2.0	167	170	208	312	233	362	3.5	2.0	4.5	3.5	1.5	4.5
2	2	20171210	1.0	193	120	294	105	421	556	4.0	4.5	2.5	3.5	1.0	3.5
2	5	20171211	2.0	132	123	230	106	464	364	5.0	3.0	3.0	1.5	3.0	4.0
2	5	20171212	4.5	162	190	272	132	472	268	2.5	3.5	3.5	2.0	4.5	2.5
2	3	20171213	0.5	204	135	299	173	470	195	4.5	4.0	1.0	2.5	1.0	4.5
2	4	20171214	4.5	141	143	124	270	324	506	2.5	1.5	2.0	3.5	1.5	1.0
2	4	20171215	1.0	161	164	191	201	437	365	2.5	4.5	1.0	3.5	4.0	2.5
2	3	20171216	3.0	184	122	164	189	244	121	0.5	0.5	1.5	4.5	3.0	5.0
2	6	20171217	3.0	134	104	270	286	437	324	1.0	3.0	0.5	4.0	4.5	2.0
2	1	20171218	1.5	109	115	168	380	309	398	4.0	1.5	4.0	3.5	4.5	4.0
2	2	20171219	3.5	134	100	292	213	471	542	4.5	5.0	0.5	0.5	4.5	1.5
2	2	20171220	1.0	113	174	288	279	176	555	1.5	2.0	2.5	3.0	1.5	1.0
2	2	20171221	4.0	191	102	295	236	489	410	2.5	1.0	2.5	0.5	2.0	4.0
2	6	20171222	1.0	108	156	294	175	461	401	2.0	1.0	0.5	4.5	1.5	1.0
2	2	20171223	1.5	162	164	270	340	239	351	2.0	2.0	0.5	5.0	3.5	2.0
2	1	20171224	4.0	179	124	134	261	316	327	3.0	2.0	1.5	3.5	5.0	3.5
2	3	20171225	1.5	164	131	266	290	181	142	3.5	0.5	2.0	1.0	4.5	4.5
2	3	20171226	3.5	136	146	204	316	363	169	4.5	3.5	4.0	1.5	5.0	1.0
2	3	20171227	3.0	167	108	262	305	122	237	2.0	1.0	2.0	5.0	1.5	1.0
2	6	20171228	5.0	133	198	177	153	347	330	5.0	1.0	2.5	4.5	2.0	4.5
2	6	20171229	3.5	223	182	283	182	172	566	4.0	1.5	1.0	2.0	4.5	4.5
2	5	20171230	3.5	199	188	248	212	416	130	0.5	1.0	1.0	4.5	1.0	1.5
2	2	20171231	3.0	222	144	204	353	425	490	1.0	1.0	5.0	5.0	5.0	3.5
2	5	20180101	3.0	164	154	271	362	404	591	3.5	0.5	4.5	1.5	4.5	0.5
2	4	20180102	5.0	163	112	286	377	253	147	5.0	2.0	3.5	3.5	2.0	4.5
2	1	20180103	5.0	136	119	113	380	243	328	2.0	1.0	3.0	2.5	2.0	5.0
2	1	20180104	1.0	154	138	251	383	431	469	1.0	1.5	2.5	2.5	2.5	3.0
2	5	20180105	4.5	174	133	107	115	159	308	0.5	2.0	4.0	3.0	3.5	1.0
2	2	20180106	2.5	150	188	202	183	480	136	0.5	2.5	4.5	1.5	4.5	3.5
2	3	20180107	2.5	202	145	118	149	392	307	3.0	3.0	0.5	0.5	4.5	2.0
2	3	20180108	5.0	162	128	273	216	380	212	4.0	5.0	3.5	0.5	3.0	1.5
2	6	20180109	5.0	157	115	248	156	148	511	5.0	2.0	4.0	4.0	0.5	1.0
2	3	20180110	3.0	133	108	191	203	333	546	1.0	3.0	3.5	4.0	1.0	3.0
2	6	20180111	3.5	119	163	185	194	448	162	1.0	4.5	5.0	1.5	2.5	1.0
2	5	20180112	2.0	168	132	240	400	467	173	2.5	2.5	3.5	1.0	2.5	4.5
2	4	20180113	4.5	152	131	105	276	144	190	5.0	2.5	1.0	1.0	2.5	1.5
2	3	20180114	3.0	147	179	164	321	140	286	2.5	1.5	3.0	3.5	1.0	1.0
2	2	20180115	5.0	184	110	200	257	106	293	1.5	1.0	2.5	4.0	0.5	4.0
2	5	20180116	5.0	115	141	298	230	224	255	4.5	0.5	3.0	3.5	3.0	2.0
2	3	20180117	4.0	163	170	196	126	284	205	0.5	1.5	3.0	2.0	2.5	4.5
2	1	20180118	1.0	204	193	256	219	109	158	2.5	2.0	3.0	1.5	1.5	1.5
2	1	20180119	4.5	233	124	282	171	151	141	3.5	1.5	2.5	0.5	1.0	2.0
2	4	20180120	2.0	133	101	250	110	309	127	1.5	4.0	0.5	2.5	3.0	3.5
2	3	20180121	4.5	106	197	123	185	212	219	1.0	5.0	3.5	3.5	3.5	3.0
2	3	20180122	0.5	213	197	166	379	193	225	3.5	1.5	4.5	0.5	0.5	4.5
2	3	20180123	1.0	234	191	262	374	232	468	4.0	3.5	4.5	1.0	0.5	0.5
2	3	20180124	1.0	229	181	187	340	194	119	2.5	4.5	5.0	4.0	2.5	1.5
2	1	20180125	5.0	221	184	209	261	407	591	5.0	1.0	4.0	3.5	4.5	4.5
2	1	20180126	2.0	203	126	294	302	255	150	4.5	3.5	1.5	4.0	1.5	0.5
2	5	20180127	0.5	156	119	283	400	348	176	1.0	1.5	2.0	4.0	2.5	3.5
2	2	20180128	5.0	155	198	131	224	420	328	0.5	2.5	2.0	3.5	0.5	3.5
2	5	20180129	3.0	216	151	250	280	116	386	3.0	5.0	4.0	1.5	5.0	1.5
2	1	20180130	3.5	182	136	225	379	441	397	2.5	4.5	2.0	4.5	3.5	4.0
2	6	20180131	4.0	148	175	237	220	291	201	0.5	4.5	1.0	0.5	2.5	4.5
3	2	20171201	0.5	13	136	175	139	128	574	5.0	2.5	1.5	4.0	5.0	2.0
3	4	20171202	1.0	171	132	151	190	252	536	2.0	2.5	4.0	3.0	3.0	5.0
3	6	20171203	3.0	159	122	237	360	362	435	2.5	1.0	2.5	0.5	3.0	2.0
3	1	20171204	1.0	162	101	291	332	372	268	0.5	0.5	4.0	4.5	4.5	5.0
3	2	20171205	3.5	131	146	125	302	281	453	2.5	1.0	4.0	3.0	1.5	3.0
3	6	20171206	4.0	168	195	207	291	245	484	3.5	3.5	1.5	5.0	2.5	3.5
3	3	20171207	1.0	210	163	204	387	292	320	3.5	2.5	5.0	1.5	1.0	3.0
3	6	20171208	3.5	168	134	142	297	411	180	4.5	1.5	0.5	1.5	3.0	1.5
3	4	20171209	5.0	148	196	283	361	324	312	4.0	4.0	4.5	4.0	2.5	4.5
3	5	20171210	0.5	205	137	180	380	179	305	5.0	2.0	1.0	1.5	2.0	5.0
3	1	20171211	1.0	154	143	174	207	395	553	4.0	1.0	2.5	1.5	4.5	1.0
3	6	20171212	1.5	172	198	172	228	263	219	5.0	5.0	3.0	1.0	1.0	4.0
3	1	20171213	0.5	203	157	182	142	345	483	4.5	2.5	2.5	0.5	2.0	4.0
3	2	20171214	0.5	169	106	106	137	278	239	2.5	4.5	3.0	4.0	3.0	3.5
3	4	20171215	1.5	121	172	182	148	247	221	3.0	4.5	3.5	1.0	3.5	3.5
3	1	20171216	3.0	196	142	113	162	245	566	3.5	4.0	4.0	5.0	4.5	5.0
3	5	20171217	3.0	148	168	259	342	499	130	4.0	0.5	3.0	5.0	2.0	4.0
3	5	20171218	3.0	176	116	244	369	231	324	0.5	3.5	1.0	1.0	0.5	2.5
3	6	20171219	5.0	136	197	211	158	209	539	4.5	1.5	3.5	3.0	5.0	4.0
3	6	20171220	2.5	217	119	122	165	490	165	3.0	1.5	4.0	4.5	1.0	3.0
3	3	20171221	1.0	127	182	272	291	131	344	4.0	4.5	1.0	5.0	1.5	0.5
3	2	20171222	5.0	214	178	273	320	230	180	3.0	3.0	3.5	4.0	5.0	3.0
3	3	20171223	2.0	214	136	199	194	469	466	1.5	2.5	2.5	5.0	5.0	3.5
3	1	20171224	0.5	144	200	204	299	357	121	3.0	5.0	3.0	1.5	0.5	1.5
3	6	20171225	4.0	207	178	299	146	160	196	3.5	1.0	0.5	4.0	0.5	1.0
3	1	20171226	3.0	190	114	223	311	454	391	3.5	0.5	3.5	0.5	3.0	3.0
3	6	20171227	0.5	143	124	111	316	172	468	3.5	1.0	5.0	5.0	4.5	3.5
3	1	20171228	2.0	133	115	165	110	360	157	1.0	1.5	3.5	5.0	3.0	5.0
3	2	20171229	1.5	140	181	269	212	285	312	3.5	5.0	4.5	1.0	3.0	3.5
3	3	20171230	5.0	211	175	180	238	183	124	4.0	2.0	4.0	1.0	4.0	4.0
3	6	20171231	4.0	211	190	208	314	365	593	1.5	3.0	4.5	2.0	3.5	4.5
3	2	20180101	2.5	203	168	206	225	149	224	3.5	5.0	1.0	1.0	2.5	5.0
3	1	20180102	4.5	183	130	126	217	156	225	1.5	4.0	1.5	3.5	2.0	0.5
3	4	20180103	4.0	141	112	127	223	116	143	0.5	2.0	3.5	3.5	2.0	2.5
3	6	20180104	1.5	127	181	121	219	106	101	4.5	3.5	1.5	4.5	4.0	1.5
3	4	20180105	2.0	199	194	244	244	201	527	4.5	4.5	3.0	5.0	3.0	2.0
3	6	20180106	3.5	217	164	175	265	198	568	0.5	2.5	3.5	3.0	3.0	4.0
3	2	20180107	1.0	177	195	287	239	366	348	4.0	2.5	2.5	4.5	2.0	4.0
3	4	20180108	4.0	214	193	252	220	281	334	4.5	4.5	2.0	2.0	2.0	4.0
3	2	20180109	5.0	228	111	244	220	500	566	0.5	5.0	5.0	4.5	4.5	4.0
3	2	20180110	3.0	127	186	259	387	304	151	1.5	5.0	0.5	3.0	5.0	1.5
3	2	20180111	5.0	200	191	212	138	472	100	3.5	0.5	5.0	0.5	0.5	3.5
3	3	20180112	4.0	211	195	198	122	100	173	5.0	2.5	3.5	0.5	4.0	3.0
3	5	20180113	3.0	204	119	110	254	361	242	4.0	2.0	5.0	2.5	1.5	3.0
3	4	20180114	3.5	152	115	177	129	233	454	1.5	3.0	3.5	3.0	2.0	3.5
3	3	20180115	2.5	145	187	278	113	404	349	3.5	2.0	2.0	0.5	0.5	3.0
3	5	20180116	1.5	214	140	151	170	277	287	1.5	5.0	3.0	2.0	1.5	4.5
3	2	20180117	0.5	178	191	261	185	339	479	4.5	4.5	0.5	3.0	2.5	3.5
3	6	20180118	1.0	215	128	180	132	494	573	2.5	4.5	3.0	3.0	3.5	4.0
3	6	20180119	4.0	140	162	209	107	393	268	1.0	3.0	5.0	0.5	1.5	0.5
3	1	20180120	3.0	191	118	270	215	264	209	2.0	2.5	2.5	4.5	2.5	3.0
3	4	20180121	4.5	130	198	164	354	409	130	3.5	1.5	2.0	1.0	2.5	0.5
3	5	20180122	1.5	212	168	104	390	242	563	1.5	5.0	2.5	1.0	0.5	4.0
3	3	20180123	4.5	206	152	258	223	469	423	1.0	4.5	4.5	2.0	0.5	2.5
3	3	20180124	4.5	192	105	258	348	148	500	4.0	2.0	4.0	4.5	2.0	4.5
3	2	20180125	2.0	141	164	202	183	134	563	3.5	0.5	5.0	3.0	0.5	3.0
3	3	20180126	0.5	187	190	126	192	436	417	1.0	2.5	4.0	1.0	3.0	5.0
3	3	20180127	4.0	228	132	218	309	169	421	2.0	3.0	1.5	4.5	4.5	0.5
3	2	20180128	2.5	153	174	286	128	280	387	5.0	2.0	3.0	4.0	0.5	3.5
3	2	20180129	1.0	200	144	275	145	126	227	2.0	5.0	3.0	2.0	4.5	1.5
3	6	20180130	3.0	163	135	116	363	168	519	1.0	2.5	5.0	3.5	4.0	1.0
3	6	20180131	1.5	147	119	248	339	364	589	3.0	5.0	2.5	0.5	4.0	4.5
4	1	20171201	4.0	37	173	250	321	218	240	0.5	3.5	3.5	1.5	3.0	2.0
4	5	20171202	1.0	211	165	290	198	121	321	4.0	2.0	1.0	1.0	2.5	2.5
4	5	20171203	2.5	170	170	246	107	213	419	5.0	0.5	0.5	2.0	1.5	1.5
4	5	20171204	2.5	199	150	153	289	362	490	2.5	1.0	3.5	5.0	2.0	3.0
4	2	20171205	4.5	169	165	145	336	369	474	0.5	5.0	2.0	2.0	3.0	3.5
4	3	20171206	4.0	197	163	179	192	227	498	5.0	3.5	2.5	4.0	4.5	3.0
4	5	20171207	2.5	168	152	205	313	249	269	4.0	3.5	3.0	3.5	0.5	0.5
4	6	20171208	3.0	171	147	196	205	251	582	4.5	4.5	3.0	0.5	1.0	2.0
4	5	20171209	3.0	155	191	230	183	110	324	4.0	2.5	3.5	3.5	5.0	3.5
4	3	20171210	5.0	196	167	292	109	134	175	0.5	5.0	5.0	3.0	5.0	1.0
4	6	20171211	5.0	188	137	226	143	247	388	3.5	0.5	1.5	0.5	3.0	3.5
4	6	20171212	2.5	154	143	103	332	146	149	1.5	4.5	4.0	0.5	4.5	3.5
4	4	20171213	5.0	183	110	272	400	159	405	5.0	4.5	1.0	0.5	0.5	5.0
4	3	20171214	3.0	133	199	227	374	199	350	4.5	1.0	0.5	0.5	4.5	1.0
4	4	20171215	3.5	219	119	138	374	479	242	0.5	4.5	4.5	1.5	5.0	5.0
4	6	20171216	2.0	133	160	128	229	398	377	2.5	3.0	1.0	0.5	5.0	0.5
4	1	20171217	2.0	165	182	219	240	195	216	3.5	2.0	2.5	3.5	0.5	2.0
4	3	20171218	0.5	208	135	227	258	163	210	3.5	1.0	1.0	1.5	1.0	1.5
4	3	20171219	4.5	159	130	149	123	200	185	3.5	2.0	3.0	1.5	4.0	5.0
4	2	20171220	4.0	160	143	276	195	233	431	4.0	1.0	0.5	1.0	3.5	3.5
4	2	20171221	1.5	149	111	239	223	484	169	2.5	1.0	3.0	2.5	3.0	1.5
4	6	20171222	4.0	124	113	238	289	128	562	3.0	4.5	5.0	3.5	1.5	1.5
4	1	20171223	1.0	131	146	124	195	131	406	4.0	4.0	2.5	3.0	3.5	5.0
4	5	20171224	3.5	163	138	207	141	221	189	2.5	0.5	3.0	4.0	1.0	4.5
4	3	20171225	1.0	146	136	275	215	499	563	4.0	1.0	2.5	2.5	1.5	4.0
4	3	20171226	4.0	173	114	131	212	207	546	4.5	1.5	4.0	1.5	2.0	3.0
4	4	20171227	2.5	140	150	258	386	398	502	4.5	1.0	3.5	5.0	3.5	5.0
4	1	20171228	4.5	163	126	176	210	320	172	5.0	1.0	1.0	4.0	0.5	3.5
4	5	20171229	3.5	148	116	271	329	269	382	4.0	5.0	0.5	4.0	2.5	1.5
4	1	20171230	1.5	122	193	272	110	303	504	0.5	2.5	3.5	4.0	0.5	1.0
4	4	20171231	3.5	227	115	120	286	269	533	3.5	2.5	0.5	3.0	3.5	3.0
4	3	20180101	1.0	121	154	108	206	123	173	0.5	1.5	1.0	5.0	4.0	2.0
4	2	20180102	0.5	179	150	188	171	136	596	4.0	0.5	3.0	3.0	5.0	1.5
4	5	20180103	1.5	166	108	209	115	214	446	3.0	3.5	3.5	1.0	4.5	5.0
4	2	20180104	2.5	135	191	174	144	443	253	3.0	1.5	4.0	1.5	3.0	2.5
4	6	20180105	4.0	205	115	258	182	376	322	3.5	5.0	5.0	0.5	3.0	3.5
4	1	20180106	4.5	155	132	270	109	335	514	1.5	4.0	5.0	5.0	3.5	4.5
4	5	20180107	3.5	160	143	192	361	229	156	4.0	5.0	3.0	4.0	3.0	1.0
4	2	20180108	1.5	181	195	276	316	267	401	5.0	3.0	4.5	1.5	1.0	4.0
4	4	20180109	1.5	227	109	187	275	247	430	1.0	3.5	3.5	1.0	2.0	4.0
4	6	20180110	4.5	125	109	227	321	480	507	3.5	3.5	1.0	4.5	2.5	3.5
4	6	20180111	4.5	142	111	152	326	192	356	5.0	4.5	4.5	1.0	4.0	1.5
4	3	20180112	1.0	141	170	261	171	374	511	3.0	5.0	2.5	2.5	2.5	1.0
4	4	20180113	0.5	210	185	214	120	233	400	5.0	3.5	4.5	1.0	1.0	1.5
4	1	20180114	3.5	210	107	149	307	356	381	3.5	4.5	0.5	5.0	4.5	1.5
4	2	20180115	3.5	122	163	136	142	425	235	0.5	4.5	3.5	3.0	4.5	0.5
4	2	20180116	5.0	198	125	184	302	491	279	5.0	2.5	5.0	4.5	4.5	3.0
4	4	20180117	2.5	146	196	183	171	457	216	3.5	4.5	0.5	3.0	1.5	5.0
4	4	20180118	3.0	224	179	129	265	316	233	4.0	2.5	4.0	3.5	4.0	2.5
4	1	20180119	1.0	196	184	243	100	411	446	3.5	2.5	4.0	1.5	2.0	2.5
4	2	20180120	4.0	216	105	214	276	358	276	2.5	2.0	3.0	4.0	5.0	1.0
4	4	20180121	2.5	122	117	273	235	255	440	1.5	0.5	5.0	2.5	4.5	4.0
4	2	20180122	1.5	137	111	113	301	155	533	1.5	3.0	4.5	2.5	4.0	3.5
4	3	20180123	1.0	139	155	228	129	139	226	5.0	2.0	1.5	4.0	1.0	2.5
4	2	20180124	4.5	194	193	188	212	117	509	2.0	2.5	2.0	5.0	1.5	2.0
4	2	20180125	3.5	200	143	263	374	270	108	0.5	4.0	5.0	4.5	3.5	3.5
4	1	20180126	2.5	162	114	232	332	408	284	1.0	1.0	3.0	4.5	2.0	2.5
4	5	20180127	5.0	122	113	252	365	120	123	3.5	3.5	1.0	3.0	3.0	2.0
4	1	20180128	1.0	121	113	191	105	292	369	1.5	3.5	3.5	0.5	4.0	0.5
4	6	20180129	3.0	124	179	230	139	441	271	2.0	2.5	0.5	1.0	4.5	5.0
4	2	20180130	4.0	197	151	235	375	209	464	5.0	5.0	0.5	4.5	2.0	0.5
4	2	20180131	3.0	169	140	261	369	435	281	2.0	0.5	0.5	1.0	0.5	4.5
5	5	20171201	1.0	12	102	224	188	253	347	1.0	1.0	4.5	2.0	4.5	2.5
5	5	20171202	3.5	124	103	231	143	196	235	5.0	3.5	2.0	5.0	4.0	1.0
5	2	20171203	4.0	112	110	116	205	493	577	4.0	0.5	4.0	1.5	0.5	1.0
5	4	20171204	1.5	127	138	144	274	281	101	3.0	2.5	5.0	2.5	5.0	0.5
5	6	20171205	3.5	167	174	158	249	404	213	2.5	3.5	3.0	2.0	2.5	4.0
5	3	20171206	4.0	188	195	286	111	159	140	2.5	3.5	4.5	2.5	1.0	4.0
5	5	20171207	3.0	212	195	126	151	427	339	5.0	4.5	2.0	3.5	4.0	4.5
5	5	20171208	5.0	213	105	129	301	221	574	4.0	1.0	4.0	1.0	1.5	1.0
5	1	20171209	1.5	112	196	156	209	338	494	3.0	0.5	4.5	3.5	0.5	5.0
5	4	20171210	3.0	236	144	146	277	496	401	2.5	0.5	5.0	2.0	3.0	4.5
5	6	20171211	1.0	159	129	107	292	402	539	2.0	1.0	4.0	3.0	0.5	0.5
5	1	20171212	3.5	164	140	148	265	417	282	3.5	4.5	4.5	1.5	2.0	4.5
5	3	20171213	2.0	173	117	300	202	469	356	1.0	3.0	2.0	1.5	3.0	3.5
5	4	20171214	3.5	142	135	261	348	310	356	1.0	2.0	4.5	3.5	2.5	3.5
5	1	20171215	1.0	142	132	106	185	149	198	0.5	3.5	2.5	4.5	5.0	3.0
5	5	20171216	3.5	161	104	223	176	232	207	1.0	3.5	3.0	4.5	2.0	1.0
5	2	20171217	3.0	138	162	252	378	326	450	4.0	4.0	2.0	4.0	4.5	3.5
5	3	20171218	2.0	185	120	180	198	259	236	4.0	3.0	3.0	3.5	5.0	4.0
5	5	20171219	1.5	145	158	183	122	303	451	4.5	3.0	2.0	0.5	0.5	1.5
5	3	20171220	2.5	183	100	170	137	311	340	2.0	3.0	2.0	2.5	3.5	4.0
5	1	20171221	4.5	138	141	254	252	197	441	2.5	3.0	2.5	2.5	5.0	1.0
5	6	20171222	4.0	152	190	294	116	392	379	1.5	4.0	1.0	0.5	3.5	4.0
5	2	20171223	1.5	200	160	131	257	438	370	2.5	2.5	2.5	4.0	5.0	5.0
5	4	20171224	5.0	193	144	135	154	110	104	2.5	5.0	5.0	0.5	5.0	5.0
5	6	20171225	1.0	173	174	198	263	320	441	4.5	3.5	4.0	3.0	0.5	3.5
5	2	20171226	2.0	196	150	162	300	404	320	1.0	2.5	2.5	3.5	2.5	2.0
5	5	20171227	1.5	190	136	160	198	455	474	4.0	3.0	4.5	3.5	1.0	1.0
5	5	20171228	2.5	168	191	281	242	407	504	1.0	2.5	4.5	0.5	2.0	1.0
5	5	20171229	3.5	227	190	187	338	467	340	3.5	3.5	2.0	5.0	4.0	3.0
5	4	20171230	2.0	202	112	288	298	363	258	2.5	2.0	4.5	1.0	2.0	3.5
5	1	20171231	3.0	141	190	156	364	150	276	4.5	1.5	3.0	0.5	3.0	0.5
5	1	20180101	2.0	207	127	136	309	314	426	1.0	1.5	1.0	4.0	4.5	2.5
5	3	20180102	5.0	143	102	283	280	442	209	1.0	4.5	4.5	2.5	0.5	5.0
5	6	20180103	4.0	109	115	196	108	185	149	5.0	3.0	5.0	4.5	2.5	2.5
5	1	20180104	3.5	152	179	150	321	198	586	1.5	2.5	0.5	4.5	1.0	4.5
5	3	20180105	3.0	201	139	186	306	359	174	4.0	1.0	3.0	2.5	2.5	4.0
5	3	20180106	3.5	155	194	165	300	121	248	3.5	1.0	3.5	0.5	4.0	3.0
5	3	20180107	5.0	227	141	251	135	318	162	3.0	5.0	1.5	4.0	5.0	5.0
5	5	20180108	3.5	163	198	247	355	415	260	5.0	4.0	1.0	1.0	2.0	4.5
5	5	20180109	3.0	206	107	291	337	150	167	1.0	1.5	4.0	5.0	1.0	3.0
5	4	20180110	3.0	124	150	210	252	159	573	4.5	3.5	1.5	3.0	0.5	3.5
5	6	20180111	2.5	177	196	191	301	306	192	5.0	4.5	4.5	4.5	2.5	1.5
5	4	20180112	0.5	218	153	267	150	141	429	2.5	1.0	3.0	2.5	3.5	4.0
5	6	20180113	0.5	189	196	232	143	384	346	1.0	1.5	1.5	5.0	5.0	2.5
5	3	20180114	1.5	229	177	125	126	213	559	4.5	2.5	4.0	1.0	1.0	1.5
5	4	20180115	3.0	197	101	111	192	489	519	4.5	3.5	3.0	5.0	3.0	3.0
5	2	20180116	1.0	125	112	213	200	353	270	4.0	5.0	3.5	4.5	3.5	0.5
5	1	20180117	0.5	126	184	202	168	231	200	0.5	3.5	1.0	1.5	3.5	4.5
5	6	20180118	0.5	223	175	211	321	426	563	4.5	0.5	5.0	2.5	1.0	3.5
5	5	20180119	0.5	198	147	131	376	424	444	5.0	2.5	1.0	3.0	0.5	1.0
5	2	20180120	4.5	168	146	247	173	409	116	4.5	2.0	5.0	2.5	2.0	2.5
5	6	20180121	1.0	172	123	295	255	114	498	2.5	1.0	0.5	3.0	3.0	0.5
5	1	20180122	2.0	149	195	221	119	409	125	0.5	2.5	3.5	3.5	1.5	3.5
5	2	20180123	5.0	224	145	263	136	180	325	0.5	1.0	3.0	4.0	2.5	3.0
5	4	20180124	1.0	181	189	254	253	262	251	1.5	1.5	3.5	1.5	4.0	4.0
5	3	20180125	3.0	196	132	252	106	351	319	1.0	2.5	1.0	3.5	1.0	0.5
5	3	20180126	3.5	143	157	227	327	156	324	5.0	1.0	3.5	1.5	2.0	3.5
5	3	20180127	2.0	165	115	233	321	432	503	1.5	4.5	1.0	3.0	4.5	2.0
5	1	20180128	4.5	151	156	133	173	390	511	0.5	3.0	3.5	4.5	4.5	4.5
5	3	20180129	3.5	169	100	111	242	115	599	4.0	2.5	3.0	0.5	4.5	5.0
5	2	20180130	0.5	107	165	102	332	203	169	2.0	1.0	5.0	4.0	2.0	3.0
5	1	20180131	1.5	188	132	196	265	151	255	3.5	5.0	0.5	0.5	3.0	3.5
6	2	20171201	4.5	35	126	135	103	318	234	1.0	4.5	1.0	3.5	1.5	3.5
6	5	20171202	1.5	158	115	299	147	323	504	2.5	1.0	2.0	4.0	3.5	5.0
6	6	20171203	5.0	146	195	206	268	217	138	3.5	0.5	1.0	4.0	4.5	1.5
6	1	20171204	1.5	207	106	292	363	500	343	4.0	3.5	0.5	1.0	2.5	3.0
6	2	20171205	1.0	131	194	288	176	384	196	3.0	4.5	2.0	4.0	2.0	3.0
6	6	20171206	3.5	234	110	100	364	117	403	3.5	2.5	4.5	3.5	3.5	0.5
6	4	20171207	4.5	118	184	234	139	332	298	4.0	0.5	1.0	1.5	2.5	3.5
6	6	20171208	5.0	194	147	130	278	357	109	3.5	0.5	4.5	1.5	0.5	1.5
6	1	20171209	0.5	180	105	143	306	115	527	3.0	1.0	3.5	4.0	4.0	3.5
6	4	20171210	3.5	123	173	283	171	381	258	3.0	5.0	2.0	4.0	2.0	3.0
6	5	20171211	3.5	179	195	262	267	359	597	0.5	1.5	3.0	4.5	2.0	3.0
6	6	20171212	1.5	235	153	243	296	431	429	2.5	4.5	3.5	5.0	2.0	4.0
6	6	20171213	1.5	172	188	284	267	371	377	2.0	3.5	2.5	2.0	2.0	5.0
6	5	20171214	3.0	225	195	228	227	272	100	5.0	4.0	4.0	4.0	4.0	0.5
6	2	20171215	5.0	209	174	114	264	391	166	1.0	4.0	0.5	2.0	5.0	5.0
6	4	20171216	0.5	208	142	208	377	471	144	1.0	0.5	3.0	4.0	2.0	1.0
6	4	20171217	4.0	158	153	222	304	105	300	2.5	3.5	0.5	1.5	4.5	1.0
6	6	20171218	3.5	167	134	180	320	395	315	2.5	4.0	3.5	0.5	4.5	5.0
6	1	20171219	5.0	164	136	245	104	140	104	2.0	4.0	3.0	0.5	2.5	4.5
6	4	20171220	3.5	145	151	193	151	221	398	5.0	4.5	3.5	4.5	3.0	5.0
6	5	20171221	2.0	175	200	248	327	290	131	3.5	3.0	2.5	1.5	1.0	3.0
6	1	20171222	1.5	230	168	294	115	323	401	4.0	2.5	1.5	2.0	2.5	5.0
6	4	20171223	3.5	197	150	261	184	388	325	4.0	4.5	1.0	1.5	2.5	3.5
6	4	20171224	3.0	162	133	176	199	380	519	0.5	5.0	1.5	1.5	2.0	3.5
6	4	20171225	1.5	159	138	207	119	279	315	3.5	4.5	3.5	1.5	1.0	3.5
6	4	20171226	1.5	153	113	275	246	254	385	4.5	1.5	4.0	4.0	3.0	2.0
6	4	20171227	3.0	123	106	226	127	467	165	3.0	2.5	2.5	4.5	1.0	2.0
6	2	20171228	4.5	124	162	165	179	210	119	0.5	0.5	5.0	0.5	3.5	4.5
6	3	20171229	4.5	178	191	107	111	391	449	2.5	3.0	3.5	5.0	0.5	4.0
6	6	20171230	1.0	199	180	257	207	374	520	3.5	4.5	2.0	3.5	5.0	0.5
6	3	20171231	4.0	201	124	138	239	223	461	2.0	5.0	3.0	2.0	2.5	3.0
6	4	20180101	5.0	138	130	163	217	256	404	2.5	2.0	1.0	4.0	3.0	3.5
6	4	20180102	5.0	144	171	137	316	484	149	4.0	1.0	1.5	0.5	4.0	1.0
6	5	20180103	2.0	188	134	224	113	461	202	5.0	1.0	2.5	0.5	2.0	3.5
6	5	20180104	2.5	172	186	106	370	431	582	2.0	5.0	2.0	2.0	1.0	4.5
6	1	20180105	1.5	191	107	210	233	348	192	5.0	1.0	0.5	1.5	1.5	1.5
6	5	20180106	4.0	135	131	189	205	343	376	2.5	1.5	2.0	2.0	2.0	5.0
6	4	20180107	2.0	165	180	175	114	446	598	4.5	2.5	1.0	1.5	3.5	1.0
6	1	20180108	3.0	205	112	105	384	304	208	1.5	0.5	4.5	3.5	2.5	5.0
6	4	20180109	4.0	121	183	262	274	150	415	2.5	3.0	5.0	3.0	0.5	1.0
6	4	20180110	3.0	204	188	138	310	487	199	0.5	1.5	4.5	1.5	4.0	4.0
6	6	20180111	0.5	216	118	212	209	159	106	2.5	2.0	3.0	4.0	1.0	5.0
6	1	20180112	3.5	128	131	146	196	426	208	3.0	4.5	3.5	1.0	0.5	4.5
6	1	20180113	5.0	163	185	152	277	439	128	2.0	2.0	3.0	4.5	5.0	0.5
6	1	20180114	4.5	195	128	129	170	423	437	4.0	1.5	4.5	1.0	3.5	4.0
6	2	20180115	1.0	167	154	120	368	279	257	1.5	3.5	3.0	2.5	4.5	5.0
6	2	20180116	4.5	163	185	181	132	270	409	1.0	4.0	4.0	1.0	2.5	2.0
6	3	20180117	1.5	194	108	227	398	429	273	2.0	3.0	4.5	3.0	2.5	4.5
6	2	20180118	1.0	131	119	215	321	125	358	4.5	1.5	5.0	1.0	4.5	2.5
6	3	20180119	2.5	138	198	108	130	303	535	0.5	4.0	0.5	3.0	3.5	4.0
6	3	20180120	1.5	227	132	153	105	306	538	3.5	1.0	3.5	0.5	4.5	5.0
6	5	20180121	2.0	151	147	189	334	186	221	0.5	1.0	4.0	5.0	4.5	4.5
6	1	20180122	4.5	157	113	112	384	163	378	0.5	3.0	4.5	1.5	2.5	4.5
6	2	20180123	4.5	148	164	266	250	223	449	1.0	3.0	5.0	2.0	2.0	4.0
6	2	20180124	1.0	174	200	125	106	255	381	1.5	4.0	1.0	1.5	3.5	2.5
6	5	20180125	3.5	212	151	240	381	374	244	5.0	3.5	5.0	2.5	0.5	2.5
6	3	20180126	3.5	187	190	224	191	455	387	2.0	1.0	2.0	2.5	2.5	4.5
6	2	20180127	1.0	214	200	242	122	138	432	2.5	0.5	4.0	3.5	5.0	0.5
6	1	20180128	1.0	220	117	263	299	289	246	5.0	0.5	1.5	0.5	3.0	4.5
6	6	20180129	1.0	123	139	294	151	117	205	1.5	0.5	2.5	1.0	1.5	2.5
6	1	20180130	3.5	168	144	277	271	215	260	4.5	1.0	3.5	4.5	1.5	5.0
6	1	20180131	1.5	172	113	241	392	295	441	4.5	4.5	1.0	2.0	3.5	1.0
7	6	20171201	5.0	25	169	233	269	427	398	5.0	1.0	2.0	4.5	1.5	4.0
7	4	20171202	4.5	195	161	299	192	313	338	3.0	1.5	2.0	1.5	0.5	3.0
7	1	20171203	1.5	169	172	254	200	163	156	0.5	2.5	1.5	3.0	5.0	0.5
7	6	20171204	2.0	178	126	104	288	479	340	2.0	2.0	0.5	1.5	3.5	4.5
7	5	20171205	2.0	162	159	245	180	340	267	3.5	5.0	3.5	4.0	4.0	2.5
7	1	20171206	3.5	184	200	198	296	203	496	5.0	3.0	5.0	2.0	4.5	4.5
7	2	20171207	2.5	230	135	295	185	128	237	5.0	5.0	4.0	2.0	2.5	5.0
7	1	20171208	3.0	151	115	138	251	419	256	4.5	0.5	1.0	5.0	4.0	2.0
7	2	20171209	5.0	131	131	113	111	349	207	2.0	4.0	5.0	0.5	1.5	3.0
7	6	20171210	5.0	137	134	212	262	257	367	2.5	2.5	5.0	2.0	1.5	3.0
7	2	20171211	4.0	167	107	258	296	447	488	3.5	2.5	5.0	2.5	2.0	1.0
7	1	20171212	4.0	117	106	141	286	252	276	4.5	3.5	0.5	0.5	2.0	1.0
7	2	20171213	4.5	134	151	122	295	284	529	3.5	5.0	2.0	1.0	4.0	3.0
7	6	20171214	1.0	175	140	103	396	226	482	1.0	3.5	3.0	3.5	1.0	3.0
7	6	20171215	3.0	164	135	135	386	180	270	1.5	3.5	4.5	5.0	3.0	4.0
7	3	20171216	1.0	157	156	219	186	185	352	4.5	5.0	4.5	3.0	4.5	4.0
7	4	20171217	1.0	183	106	162	264	146	559	4.5	1.5	1.5	1.0	3.5	4.5
7	5	20171218	1.5	112	158	113	314	270	587	2.5	0.5	5.0	4.5	1.5	5.0
7	4	20171219	4.0	166	105	204	153	119	458	1.0	2.0	3.0	1.5	5.0	3.0
7	5	20171220	4.5	113	200	300	290	363	259	2.5	2.0	3.5	5.0	3.5	5.0
7	6	20171221	0.5	228	183	168	398	489	160	4.0	2.5	1.0	3.5	1.5	4.5
7	6	20171222	5.0	215	112	237	264	491	449	4.0	1.5	4.5	3.5	0.5	1.5
7	6	20171223	5.0	120	148	111	203	195	551	4.0	1.0	1.0	3.0	2.0	1.0
7	4	20171224	3.0	179	121	287	121	152	331	3.5	4.5	2.5	2.0	2.5	2.5
7	1	20171225	1.5	128	125	176	303	117	329	0.5	1.0	4.0	1.5	2.0	2.0
7	1	20171226	1.5	152	139	248	370	253	227	5.0	1.5	2.0	4.0	1.0	4.0
7	2	20171227	1.0	175	166	260	393	250	383	2.0	1.5	0.5	4.5	1.0	2.5
7	4	20171228	3.0	182	198	177	267	173	266	1.5	4.5	3.5	0.5	2.5	5.0
7	6	20171229	5.0	207	153	106	189	183	508	0.5	1.0	3.5	0.5	1.5	1.0
7	1	20171230	4.0	181	109	194	386	382	305	5.0	4.0	3.5	2.0	2.5	1.0
7	2	20171231	5.0	126	181	290	371	407	600	0.5	1.0	1.0	1.5	2.0	3.5
7	6	20180101	5.0	191	164	107	336	243	319	4.5	1.5	0.5	0.5	1.0	4.5
7	2	20180102	5.0	178	199	247	185	173	567	2.0	1.0	1.5	1.5	3.0	0.5
7	1	20180103	3.5	213	150	111	368	344	105	2.5	0.5	2.0	2.5	4.0	0.5
7	6	20180104	4.5	165	123	167	269	300	512	4.0	4.5	3.0	0.5	4.5	1.5
7	2	20180105	2.0	152	138	297	226	360	548	4.0	3.5	4.5	3.5	3.0	3.5
7	5	20180106	0.5	149	140	257	171	492	283	1.5	2.0	4.0	2.0	1.5	2.0
7	1	20180107	1.0	152	142	240	109	224	268	4.5	0.5	1.5	0.5	4.5	1.5
7	5	20180108	5.0	172	192	234	105	426	181	0.5	2.0	2.5	2.5	3.5	5.0
7	1	20180109	5.0	212	132	225	240	182	153	4.5	3.0	2.0	4.5	2.5	3.0
7	6	20180110	3.5	169	138	228	309	201	274	1.5	0.5	3.5	1.5	2.0	4.0
7	4	20180111	5.0	173	194	204	345	113	534	4.0	0.5	4.5	4.5	1.0	0.5
7	6	20180112	2.0	213	169	172	387	105	226	5.0	3.0	4.0	1.5	5.0	5.0
7	2	20180113	4.5	175	174	176	199	407	282	2.0	4.0	4.5	4.5	3.5	2.0
7	5	20180114	5.0	207	169	254	116	496	506	4.0	4.0	2.5	2.5	4.5	3.0
7	2	20180115	1.5	175	107	218	134	349	191	5.0	4.5	2.0	3.0	4.5	3.0
7	5	20180116	3.5	142	150	142	393	291	182	3.0	0.5	5.0	4.0	2.0	3.0
7	3	20180117	1.5	164	122	269	127	439	404	2.0	2.0	0.5	2.5	5.0	1.5
7	2	20180118	3.0	132	126	289	397	194	319	1.5	5.0	1.5	1.0	5.0	5.0
7	3	20180119	2.0	144	142	189	273	203	497	3.0	2.0	5.0	3.0	1.0	5.0
7	5	20180120	2.0	181	140	288	307	443	567	2.0	2.5	4.0	5.0	5.0	2.0
7	5	20180121	5.0	171	104	226	295	389	201	0.5	2.0	1.5	2.5	0.5	3.0
7	6	20180122	2.5	130	134	134	211	255	554	4.0	4.5	4.0	2.5	1.0	3.0
7	2	20180123	5.0	165	146	267	230	334	131	1.0	0.5	5.0	4.0	2.5	2.0
7	3	20180124	4.5	159	135	207	241	102	423	1.5	3.0	0.5	5.0	4.5	4.0
7	1	20180125	0.5	149	172	106	333	163	553	2.5	4.5	1.0	2.0	4.5	2.5
7	1	20180126	3.0	197	171	186	304	114	348	3.5	5.0	3.0	3.0	1.0	0.5
7	1	20180127	2.0	208	182	188	279	397	263	1.0	4.5	2.5	3.5	5.0	4.5
7	4	20180128	4.0	203	158	142	244	233	268	2.5	3.5	3.5	1.0	5.0	1.0
7	4	20180129	3.0	174	103	191	307	478	143	2.5	1.0	3.5	5.0	4.5	1.5
7	4	20180130	4.0	135	161	115	391	144	268	4.5	4.5	0.5	5.0	3.0	3.0
7	3	20180131	0.5	193	150	127	253	325	293	0.5	1.0	4.5	1.5	1.5	3.0
8	6	20171201	0.5	12	102	139	335	458	187	4.0	4.0	0.5	0.5	1.0	2.0
8	3	20171202	4.5	137	190	107	170	453	501	5.0	2.0	0.5	2.0	0.5	1.0
8	3	20171203	1.0	228	178	139	340	484	278	4.0	4.0	4.0	4.5	1.5	2.5
8	6	20171204	4.5	208	125	236	366	416	497	5.0	3.0	1.0	4.5	4.5	2.0
8	6	20171205	2.0	155	135	163	252	484	421	0.5	1.0	1.5	2.5	4.0	5.0
8	5	20171206	1.5	144	170	292	355	316	586	4.0	4.5	3.5	3.0	3.5	4.0
8	6	20171207	5.0	205	143	148	207	465	184	1.0	1.0	5.0	2.5	2.5	0.5
8	2	20171208	4.5	158	140	230	256	421	406	4.0	3.0	3.0	3.0	3.0	2.0
8	2	20171209	1.5	163	151	106	397	360	100	4.5	5.0	0.5	3.5	3.0	3.5
8	5	20171210	0.5	190	123	124	372	457	246	5.0	1.5	3.5	3.5	4.0	3.0
8	5	20171211	3.5	157	108	137	291	264	243	1.0	0.5	4.0	2.0	4.5	2.0
8	2	20171212	1.5	146	147	228	182	328	350	2.0	1.0	0.5	1.5	1.0	2.0
8	1	20171213	0.5	156	186	166	262	245	183	1.0	2.5	1.0	1.5	3.0	4.5
8	3	20171214	0.5	215	105	257	354	207	301	2.0	1.0	5.0	3.0	2.0	2.0
8	6	20171215	4.0	135	165	127	210	288	117	2.5	4.0	3.5	2.0	2.5	2.0
8	1	20171216	2.0	199	124	220	306	193	200	5.0	3.0	4.5	5.0	5.0	4.5
8	3	20171217	3.5	149	143	138	354	219	369	5.0	1.0	2.0	3.0	4.0	1.5
8	2	20171218	2.5	148	183	132	337	249	395	2.5	3.0	2.5	3.5	4.5	4.5
8	1	20171219	3.0	192	115	139	326	397	474	1.0	2.0	1.5	3.5	4.5	4.0
8	3	20171220	2.5	120	121	127	392	101	472	4.5	1.5	3.5	0.5	3.0	1.0
8	3	20171221	2.0	139	200	258	286	370	275	4.5	3.5	3.0	1.5	5.0	2.5
8	4	20171222	3.5	224	178	190	387	359	415	0.5	3.5	4.5	0.5	1.0	5.0
8	5	20171223	2.0	208	198	155	254	443	214	1.0	4.0	4.0	2.5	1.5	5.0
8	5	20171224	2.0	234	108	107	107	284	506	3.0	4.5	2.5	4.0	2.0	1.5
8	2	20171225	2.5	132	161	290	387	415	301	5.0	2.5	2.0	3.5	2.5	4.0
8	6	20171226	4.0	166	159	278	171	332	150	5.0	3.0	4.5	2.0	2.5	1.0
8	1	20171227	2.5	197	183	245	159	430	560	2.5	2.5	3.5	1.0	2.5	0.5
8	3	20171228	0.5	201	198	279	111	188	148	2.5	2.0	2.5	5.0	4.5	3.0
8	5	20171229	2.5	225	169	248	398	348	222	2.5	3.0	4.0	2.0	4.5	3.0
8	6	20171230	1.5	174	141	155	271	339	236	4.5	0.5	3.5	1.0	3.0	3.0
8	4	20171231	5.0	155	186	174	396	202	129	0.5	1.5	5.0	1.5	4.0	3.0
8	1	20180101	2.0	192	134	156	204	467	439	2.5	3.0	1.5	0.5	3.5	3.5
8	5	20180102	1.0	144	171	186	294	355	106	0.5	2.5	1.0	1.0	3.0	1.0
8	6	20180103	3.0	208	172	129	381	178	594	3.0	2.5	2.5	1.0	2.0	4.0
8	4	20180104	2.5	183	116	207	149	499	197	3.5	4.0	1.0	0.5	5.0	4.5
8	5	20180105	3.5	146	133	248	388	241	482	3.0	5.0	3.5	2.0	1.0	0.5
8	1	20180106	3.5	141	148	278	134	498	517	1.5	4.5	0.5	1.0	3.0	2.5
8	3	20180107	3.5	163	162	193	101	483	156	4.5	5.0	4.5	2.5	4.0	4.5
8	1	20180108	3.5	178	176	248	400	288	181	2.0	2.5	2.5	1.0	1.5	3.0
8	6	20180109	2.5	198	159	280	386	202	502	3.5	3.0	4.0	3.0	5.0	2.5
8	5	20180110	2.0	181	143	239	183	424	338	3.0	3.0	2.5	3.5	2.0	3.0
8	2	20180111	1.0	176	120	275	155	127	278	1.0	1.0	0.5	2.0	0.5	4.5
8	3	20180112	2.5	135	177	290	107	310	485	1.5	1.5	0.5	4.5	5.0	4.0
8	4	20180113	1.0	210	157	153	229	432	385	5.0	3.0	1.5	4.0	4.0	1.5
8	3	20180114	0.5	184	186	207	282	207	101	2.5	3.0	5.0	5.0	1.5	1.5
8	2	20180115	3.5	213	182	213	130	322	100	2.0	3.0	0.5	1.5	1.0	5.0
8	4	20180116	5.0	204	162	171	192	246	488	3.0	0.5	0.5	4.5	1.5	5.0
8	2	20180117	5.0	199	126	153	108	292	149	2.0	4.5	2.5	1.0	1.0	2.0
8	5	20180118	0.5	139	173	283	165	396	369	2.5	3.5	3.0	3.0	4.0	1.0
8	3	20180119	0.5	184	104	178	243	202	572	3.0	3.5	3.0	1.0	1.5	2.0
8	5	20180120	3.0	137	170	158	251	208	192	2.5	2.5	3.0	1.0	4.0	1.0
8	5	20180121	4.5	177	151	256	355	299	295	5.0	3.0	4.0	3.0	1.5	4.5
8	3	20180122	3.0	175	119	170	140	341	199	2.5	5.0	0.5	4.5	1.5	1.5
8	6	20180123	3.0	127	168	293	223	282	383	0.5	5.0	5.0	2.5	2.5	2.0
8	3	20180124	0.5	178	110	211	360	351	187	3.0	4.5	3.0	1.5	2.0	4.5
8	4	20180125	0.5	135	156	121	274	288	227	3.5	3.0	1.0	1.0	4.5	5.0
8	4	20180126	3.0	173	186	270	162	210	483	4.0	1.5	2.0	2.5	0.5	1.0
8	2	20180127	5.0	193	125	110	345	470	126	2.0	1.5	4.5	4.5	2.5	3.5
8	4	20180128	1.0	144	102	200	257	386	454	4.0	3.0	0.5	4.5	4.0	2.0
8	5	20180129	3.0	137	151	297	393	235	297	4.0	0.5	0.5	3.5	3.0	5.0
8	1	20180130	3.0	156	188	238	239	234	567	2.0	3.5	0.5	3.0	4.5	1.5
8	6	20180131	1.0	194	147	220	289	348	593	1.0	0.5	4.5	1.5	5.0	1.5
9	3	20171201	0.5	39	191	198	297	246	302	5.0	1.5	5.0	3.5	3.0	1.5
9	5	20171202	4.5	205	114	171	273	169	250	4.0	1.5	2.0	4.5	4.5	5.0
9	1	20171203	2.5	123	170	202	333	285	588	1.5	0.5	3.0	1.5	0.5	5.0
9	6	20171204	2.5	192	109	185	320	345	392	2.5	0.5	4.5	5.0	4.0	3.0
9	4	20171205	3.5	133	100	119	114	332	277	3.5	2.5	2.0	1.5	3.0	3.5
9	2	20171206	4.0	137	108	222	201	345	573	1.0	0.5	1.0	5.0	2.5	1.5
9	2	20171207	3.0	127	179	271	396	116	370	0.5	4.5	4.0	1.0	1.5	2.5
9	6	20171208	0.5	190	163	282	350	425	249	1.5	2.5	0.5	1.0	0.5	1.5
9	5	20171209	3.0	193	115	273	326	494	145	5.0	5.0	0.5	4.0	4.5	4.5
9	3	20171210	1.0	143	101	114	218	363	288	1.5	5.0	1.0	3.0	1.0	1.0
9	6	20171211	3.5	122	125	133	310	108	425	0.5	0.5	2.0	3.5	3.0	4.0
9	3	20171212	3.5	157	123	166	387	122	511	2.0	3.5	5.0	1.0	2.5	3.0
9	2	20171213	4.5	135	104	256	148	337	191	5.0	2.0	3.5	5.0	2.0	4.0
9	6	20171214	4.5	117	116	105	364	384	486	1.5	3.0	4.5	4.5	2.0	3.5
9	5	20171215	1.5	124	176	141	195	359	194	3.5	4.5	4.5	5.0	1.5	1.5
9	6	20171216	1.0	183	129	249	368	213	219	5.0	2.0	2.5	2.0	3.5	5.0
9	4	20171217	3.5	164	134	263	139	387	350	3.0	4.0	2.0	1.0	2.5	5.0
9	6	20171218	0.5	164	147	252	304	252	308	4.0	1.0	3.5	1.0	5.0	3.5
9	4	20171219	3.0	180	179	199	392	258	424	4.5	4.5	1.5	5.0	1.0	2.0
9	5	20171220	2.0	218	137	133	167	102	486	5.0	4.5	2.5	4.5	1.0	0.5
9	6	20171221	3.5	176	172	229	370	201	269	1.5	0.5	2.0	2.0	5.0	0.5
9	5	20171222	4.0	201	175	188	255	373	369	1.0	4.5	1.0	2.5	0.5	1.5
9	6	20171223	4.5	201	178	161	332	221	244	4.0	3.5	3.5	2.0	4.0	3.5
9	5	20171224	4.0	194	200	160	190	302	575	1.0	1.0	1.5	3.5	1.0	3.5
9	1	20171225	4.0	223	105	298	185	446	190	1.0	3.0	4.0	3.5	4.5	2.0
9	3	20171226	3.0	141	145	282	145	311	131	4.5	4.5	5.0	2.0	1.5	2.0
9	2	20171227	2.0	171	175	101	289	104	321	1.0	1.0	1.0	4.0	4.5	4.5
9	1	20171228	3.5	213	109	133	355	396	106	3.0	1.0	1.0	4.5	3.5	1.0
9	2	20171229	4.5	117	127	130	141	205	140	2.0	2.0	0.5	1.5	1.5	1.5
9	4	20171230	2.5	156	135	216	311	441	311	2.0	3.0	0.5	3.0	2.5	3.5
9	3	20171231	3.0	165	177	110	111	425	365	4.0	2.5	0.5	4.0	3.0	2.5
9	1	20180101	3.0	193	158	262	259	149	126	2.0	1.5	4.0	1.0	2.5	0.5
9	5	20180102	2.0	196	172	117	371	362	207	0.5	3.0	5.0	1.5	3.5	5.0
9	1	20180103	1.0	187	193	164	213	183	295	2.5	2.0	2.5	5.0	2.5	4.0
9	2	20180104	5.0	209	178	167	346	476	407	3.0	4.5	4.0	5.0	0.5	1.5
9	1	20180105	1.5	189	118	157	300	225	386	1.0	3.0	2.5	1.5	2.5	1.5
9	6	20180106	2.0	137	101	164	364	364	160	2.0	3.0	3.0	4.0	3.5	4.5
9	2	20180107	0.5	123	195	260	135	335	554	1.5	2.5	3.0	3.0	0.5	0.5
9	3	20180108	2.0	210	192	112	183	202	413	2.0	1.0	1.5	3.0	5.0	0.5
9	4	20180109	1.5	203	169	187	368	497	242	4.5	2.0	1.0	5.0	0.5	2.5
9	3	20180110	5.0	186	133	266	148	325	169	5.0	0.5	2.5	2.5	1.0	2.5
9	4	20180111	3.0	167	173	103	175	416	283	1.0	2.5	3.0	2.5	4.0	2.5
9	2	20180112	4.0	207	126	253	349	391	551	2.5	3.0	1.0	1.0	4.5	2.5
9	6	20180113	2.5	141	184	241	360	350	316	5.0	2.0	0.5	4.5	3.0	4.5
9	5	20180114	4.0	219	166	241	391	261	589	4.5	1.5	0.5	1.0	3.5	4.0
9	5	20180115	3.5	171	126	248	314	418	295	4.5	1.0	3.0	1.5	1.0	1.5
9	6	20180116	5.0	161	136	137	334	375	436	4.0	1.0	2.0	4.0	0.5	3.5
9	4	20180117	4.0	157	198	253	164	110	193	1.5	2.0	3.0	5.0	4.5	1.0
9	4	20180118	1.5	230	113	246	213	423	371	3.0	3.0	5.0	3.5	4.5	2.5
9	6	20180119	4.5	145	133	206	333	453	149	3.5	2.0	1.0	4.5	2.5	2.0
9	1	20180120	4.0	162	160	182	174	474	504	5.0	4.5	1.5	5.0	3.5	3.5
9	4	20180121	3.5	166	101	109	108	175	455	4.5	2.0	2.0	4.0	5.0	1.0
9	1	20180122	1.0	132	114	106	147	323	214	1.5	1.5	0.5	0.5	4.0	1.5
9	3	20180123	3.5	151	199	259	136	107	464	1.0	3.0	3.5	2.0	1.5	4.5
9	2	20180124	3.5	232	109	133	140	102	579	3.5	1.0	0.5	2.0	5.0	2.5
9	6	20180125	5.0	120	163	110	134	397	323	5.0	2.5	2.5	1.5	4.0	1.5
9	4	20180126	1.0	182	183	288	248	315	581	4.5	4.0	4.5	1.0	3.0	1.5
9	6	20180127	3.0	220	163	115	268	443	463	3.5	5.0	4.0	5.0	4.5	1.5
9	6	20180128	0.5	178	188	125	290	357	301	4.5	4.5	5.0	1.5	5.0	4.5
9	2	20180129	2.0	194	138	168	341	201	506	1.0	1.5	5.0	2.0	5.0	4.0
9	6	20180130	0.5	175	179	243	133	274	397	3.5	5.0	4.5	2.5	3.0	3.5
9	2	20180131	2.0	189	164	182	359	383	280	0.5	0.5	4.0	3.5	3.0	3.0
10	3	20171201	2.0	5	111	112	122	392	169	4.5	3.5	4.5	0.5	1.0	3.0
10	2	20171202	3.0	123	132	293	297	404	593	2.5	5.0	2.0	2.0	3.5	0.5
10	2	20171203	5.0	140	138	132	333	126	499	5.0	4.5	3.0	4.5	5.0	2.0
10	6	20171204	5.0	175	187	151	262	121	267	2.5	0.5	3.5	3.0	1.0	3.0
10	3	20171205	4.0	213	148	293	251	127	427	3.0	3.5	4.0	3.0	2.5	5.0
10	1	20171206	5.0	165	156	294	351	338	236	4.5	2.0	4.5	0.5	3.5	5.0
10	4	20171207	1.5	162	153	115	174	344	294	1.5	3.0	5.0	2.5	2.5	3.0
10	2	20171208	0.5	175	166	154	375	294	215	2.5	2.0	1.5	4.5	4.0	2.5
10	3	20171209	1.5	179	167	249	116	364	511	3.5	1.0	3.5	1.0	1.5	3.0
10	6	20171210	3.5	190	177	130	282	421	249	0.5	2.5	3.0	0.5	3.0	3.0
10	2	20171211	3.5	210	119	122	333	481	323	2.5	3.0	3.5	2.5	2.0	2.5
10	5	20171212	5.0	145	172	158	375	315	173	3.5	0.5	2.5	1.0	0.5	1.5
10	1	20171213	3.5	181	160	203	388	138	320	3.0	5.0	4.5	2.5	4.5	1.0
10	5	20171214	1.5	189	145	197	249	322	294	1.0	4.0	1.5	3.5	0.5	2.0
10	6	20171215	5.0	160	155	176	388	460	474	4.5	3.5	5.0	4.5	2.0	4.5
10	6	20171216	1.5	185	142	149	262	305	554	2.5	2.0	4.0	3.5	4.5	0.5
10	4	20171217	4.5	177	190	104	365	336	340	0.5	1.5	1.0	4.0	4.0	1.0
10	3	20171218	3.5	198	177	268	259	254	356	3.5	1.5	4.0	2.0	3.5	3.5
10	6	20171219	5.0	215	183	212	162	306	293	2.5	3.0	3.0	1.5	1.0	2.5
10	4	20171220	2.0	196	127	205	228	129	417	2.5	3.5	2.5	2.5	0.5	5.0
10	5	20171221	1.0	160	193	138	394	203	216	3.5	0.5	2.5	4.0	4.0	3.0
10	4	20171222	2.5	219	158	283	159	297	477	4.5	5.0	1.5	2.5	1.0	2.5
10	5	20171223	0.5	180	122	294	290	257	379	4.5	5.0	1.5	3.0	2.0	4.5
10	1	20171224	1.5	127	194	140	283	147	418	4.0	1.0	2.5	0.5	0.5	1.0
10	4	20171225	2.0	203	114	294	146	357	552	0.5	4.5	4.5	1.5	2.0	1.0
10	5	20171226	1.0	132	172	261	122	297	379	2.5	4.5	5.0	4.0	1.5	4.5
10	5	20171227	1.5	183	143	123	205	473	457	1.5	1.0	1.0	4.5	3.0	1.5
10	1	20171228	2.0	171	189	151	286	122	342	2.0	4.0	0.5	1.5	4.0	4.0
10	6	20171229	1.0	217	130	114	117	447	391	3.5	3.5	2.5	5.0	4.0	3.5
10	5	20171230	2.0	151	159	270	306	383	572	3.5	1.5	4.5	1.5	3.5	3.5
10	3	20171231	2.5	198	106	112	168	284	334	5.0	2.5	5.0	4.5	0.5	2.5
10	5	20180101	2.0	128	125	281	266	478	474	5.0	1.0	2.0	3.0	4.5	0.5
10	2	20180102	2.0	150	135	216	162	185	467	0.5	2.5	1.5	2.5	0.5	4.0
10	1	20180103	0.5	162	150	281	269	360	286	1.5	0.5	1.0	0.5	0.5	5.0
10	3	20180104	3.5	163	146	114	341	445	455	1.0	4.5	3.5	3.5	4.0	2.5
10	6	20180105	3.5	178	117	196	111	292	312	3.5	1.0	3.5	3.0	2.5	2.5
10	4	20180106	3.5	128	104	208	147	467	521	2.0	3.0	2.0	3.5	2.0	5.0
10	3	20180107	4.0	118	146	103	350	208	355	4.5	0.5	1.5	4.5	3.5	1.0
10	6	20180108	0.5	185	108	296	300	251	349	3.5	5.0	3.5	1.5	4.5	4.0
10	6	20180109	2.0	116	186	285	120	496	597	2.5	3.5	3.0	0.5	0.5	4.0
10	4	20180110	1.0	193	199	271	358	397	210	3.5	1.0	2.5	4.5	1.0	1.5
10	1	20180111	2.5	238	195	272	249	248	434	4.0	2.5	0.5	1.0	1.0	3.5
10	1	20180112	5.0	211	158	137	217	420	311	3.0	3.5	1.5	3.0	5.0	5.0
10	3	20180113	2.0	171	109	113	162	334	521	1.0	3.5	4.5	4.5	4.5	4.0
10	2	20180114	5.0	115	132	236	111	337	301	5.0	5.0	2.0	0.5	5.0	1.5
10	2	20180115	0.5	147	150	133	326	129	274	4.5	4.0	4.0	1.0	2.5	4.0
10	1	20180116	2.5	186	101	172	112	143	579	1.5	2.0	3.0	3.5	4.5	2.0
10	1	20180117	1.5	111	141	107	121	408	454	1.5	1.0	1.0	3.5	4.0	3.5
10	3	20180118	4.5	153	178	255	113	255	300	1.0	1.0	0.5	0.5	0.5	3.0
10	6	20180119	4.5	194	122	150	301	389	422	3.5	1.5	1.5	5.0	5.0	0.5
10	1	20180120	1.5	149	135	162	136	214	211	2.0	3.5	5.0	2.0	3.5	3.5
10	6	20180121	5.0	151	179	215	154	357	229	4.0	1.0	4.0	1.0	4.0	4.5
10	6	20180122	5.0	204	180	139	380	413	259	1.0	1.0	2.5	2.0	1.0	3.0
10	1	20180123	3.0	189	167	204	320	217	418	0.5	3.0	4.5	5.0	0.5	3.5
10	1	20180124	3.0	200	163	258	340	362	491	5.0	4.5	3.0	1.5	5.0	4.0
10	3	20180125	3.5	193	175	181	316	401	139	2.0	2.5	1.0	2.5	4.0	2.5
10	6	20180126	2.0	202	141	276	306	187	323	5.0	2.0	2.5	4.0	5.0	2.0
10	4	20180127	0.5	169	188	177	145	247	312	3.0	3.5	4.5	0.5	1.5	0.5
10	2	20180128	4.0	202	160	251	148	127	172	2.5	1.5	1.0	4.5	2.0	4.5
10	5	20180129	4.0	169	125	197	238	143	295	0.5	1.0	3.0	2.5	4.5	4.5
10	4	20180130	1.5	162	145	184	328	330	322	0.5	0.5	5.0	4.5	4.0	3.0
10	2	20180131	5.0	159	171	131	318	491	569	2.5	0.5	2.0	4.5	0.5	4.0
11	1	20171201	5.0	39	149	148	127	347	174	2.0	0.5	3.0	1.0	4.5	2.0
11	6	20171202	2.0	177	185	280	224	150	214	3.0	2.0	0.5	2.0	0.5	1.5
11	3	20171203	2.5	195	175	275	261	428	245	2.0	3.5	1.0	0.5	1.5	1.5
11	2	20171204	3.5	200	168	160	386	484	267	5.0	1.5	3.5	3.5	2.5	3.5
11	1	20171205	1.5	175	138	212	348	106	483	1.0	4.5	1.5	5.0	1.5	0.5
11	2	20171206	2.0	166	158	130	396	203	301	3.5	1.5	3.5	1.0	1.5	1.5
11	5	20171207	1.5	163	108	117	161	269	213	4.5	5.0	3.0	0.5	4.5	2.5
11	6	20171208	4.0	120	123	296	140	184	221	4.0	4.5	3.0	3.0	5.0	5.0
11	6	20171209	0.5	134	154	262	224	496	412	1.0	3.5	1.5	2.0	1.0	0.5
11	5	20171210	1.0	160	163	285	318	138	167	2.0	2.0	2.5	3.0	5.0	3.5
11	4	20171211	3.5	199	166	179	203	354	404	1.0	2.0	1.5	0.5	2.5	1.5
11	2	20171212	3.0	192	168	274	215	182	196	4.0	1.5	1.0	3.5	2.0	2.0
11	3	20171213	4.0	176	160	187	308	111	479	3.0	0.5	4.5	4.0	2.5	3.5
11	2	20171214	1.5	179	175	278	308	342	326	2.0	4.5	3.0	5.0	1.5	4.0
11	2	20171215	1.0	184	100	107	171	110	381	5.0	1.0	2.0	5.0	1.0	3.5
11	5	20171216	5.0	116	141	102	398	406	459	1.0	3.5	2.5	1.0	0.5	2.0
11	4	20171217	1.5	156	109	132	241	226	303	2.0	3.0	0.5	4.0	1.0	3.5
11	3	20171218	3.0	142	115	204	230	400	295	4.0	4.5	2.5	3.5	1.5	0.5
11	2	20171219	4.5	122	129	214	262	294	137	2.0	4.5	1.5	3.0	3.5	2.5
11	5	20171220	3.0	154	128	169	245	221	468	2.0	3.5	5.0	5.0	4.5	2.5
11	1	20171221	4.5	135	156	284	236	142	322	2.5	2.0	4.0	0.5	1.5	0.5
11	2	20171222	3.0	171	200	283	365	241	302	0.5	5.0	5.0	2.0	1.0	1.0
11	5	20171223	1.0	240	183	143	396	424	447	2.0	3.0	1.5	4.5	1.5	1.5
11	6	20171224	3.0	205	162	245	231	215	541	1.0	2.0	0.5	4.0	4.5	2.5
11	6	20171225	5.0	173	109	290	180	106	593	3.0	1.0	2.0	1.0	1.5	4.5
11	5	20171226	4.5	125	102	247	172	219	166	2.0	3.0	1.0	2.5	4.0	1.0
11	6	20171227	0.5	112	198	169	135	452	491	1.0	4.5	0.5	5.0	3.5	4.0
11	3	20171228	2.0	233	193	161	378	204	307	1.0	3.5	1.5	5.0	1.5	1.0
11	1	20171229	3.0	213	200	155	345	136	344	0.5	4.5	1.0	2.5	4.5	3.0
11	5	20171230	3.0	214	149	231	180	426	416	0.5	3.5	2.0	2.0	1.0	3.0
11	6	20171231	4.0	172	104	224	354	281	217	1.5	1.0	4.0	5.0	2.5	0.5
11	4	20180101	1.5	112	169	140	218	151	201	2.0	5.0	1.5	1.5	4.0	3.0
11	2	20180102	4.5	203	158	228	124	451	435	2.0	1.5	1.5	0.5	0.5	2.5
11	6	20180103	2.5	177	115	277	310	184	567	3.0	3.0	0.5	2.5	4.0	0.5
11	5	20180104	5.0	136	156	131	239	155	454	0.5	2.0	1.5	4.0	4.0	1.5
11	4	20180105	4.5	184	140	259	165	288	235	1.0	4.0	3.5	0.5	5.0	0.5
11	2	20180106	2.5	179	197	199	121	334	409	3.0	2.5	0.5	2.5	1.5	2.5
11	3	20180107	0.5	218	175	122	211	171	142	2.5	1.5	2.5	1.0	2.0	5.0
11	5	20180108	3.5	209	160	246	317	121	474	0.5	4.5	1.5	2.0	1.5	5.0
11	5	20180109	0.5	182	115	152	335	450	548	1.0	0.5	3.5	3.5	3.0	4.5
11	5	20180110	3.0	143	104	126	214	457	248	4.5	1.5	0.5	5.0	2.5	1.5
11	4	20180111	4.5	144	136	119	248	419	192	5.0	4.0	2.5	1.0	3.5	3.5
11	2	20180112	1.5	146	173	129	214	304	151	4.5	5.0	3.0	0.5	5.0	0.5
11	6	20180113	2.0	213	190	205	190	397	254	3.5	1.0	5.0	4.0	4.5	0.5
11	4	20180114	4.0	212	133	297	224	499	341	4.5	2.5	4.5	0.5	0.5	5.0
11	6	20180115	2.5	146	184	263	123	152	369	3.5	3.0	0.5	2.0	3.0	0.5
11	6	20180116	2.0	214	192	175	134	184	115	2.0	0.5	1.5	3.0	2.5	3.0
11	2	20180117	1.5	232	162	231	136	393	258	2.5	3.0	4.5	5.0	1.5	3.0
11	2	20180118	5.0	189	160	185	242	208	540	5.0	1.5	4.0	2.5	0.5	3.0
11	3	20180119	1.5	188	103	208	387	483	338	2.5	4.0	1.0	1.0	0.5	0.5
11	4	20180120	0.5	138	116	238	222	231	402	5.0	0.5	1.0	5.0	1.5	2.5
11	6	20180121	4.5	152	183	277	179	184	451	2.0	5.0	4.0	1.0	3.5	0.5
11	2	20180122	5.0	218	165	150	266	470	297	1.0	2.5	3.0	2.5	1.0	0.5
11	1	20180123	0.5	173	200	126	202	298	112	2.0	4.0	1.0	3.0	4.0	1.0
11	6	20180124	4.5	210	166	249	115	281	440	1.0	1.0	1.5	0.5	2.5	1.0
11	2	20180125	2.5	201	169	225	316	305	290	4.5	4.0	1.0	3.5	4.0	4.0
11	3	20180126	5.0	202	179	162	289	319	149	1.0	2.5	1.0	2.0	2.5	1.0
11	4	20180127	1.0	198	183	205	327	188	421	1.5	1.0	3.5	1.0	4.0	1.5
11	5	20180128	1.0	211	110	189	262	116	126	0.5	2.0	2.0	4.0	0.5	4.0
11	1	20180129	1.0	139	141	269	389	321	409	3.0	3.0	5.0	5.0	1.0	2.0
11	2	20180130	2.0	146	131	242	105	266	433	0.5	5.0	1.0	5.0	2.5	2.5
11	3	20180131	3.5	168	160	256	343	127	456	3.5	5.0	2.0	1.0	1.0	2.5
12	6	20171201	3.5	25	129	139	375	114	277	4.0	3.0	4.0	3.0	3.5	1.0
12	6	20171202	0.5	147	108	124	307	226	213	3.5	0.5	3.0	2.5	4.0	5.0
12	2	20171203	4.5	114	158	268	380	359	532	3.5	3.5	0.5	4.5	5.0	2.5
12	4	20171204	5.0	194	116	227	127	260	293	3.0	5.0	5.0	2.5	0.5	2.5
12	4	20171205	2.0	154	105	120	229	385	379	4.0	3.5	3.0	1.5	4.5	0.5
12	2	20171206	2.5	139	197	142	132	332	166	1.0	3.5	4.0	2.0	4.0	1.0
12	5	20171207	1.5	206	161	146	252	212	493	2.0	1.5	1.5	3.0	2.0	3.5
12	6	20171208	1.0	201	199	270	328	251	113	3.0	3.0	1.5	2.0	2.5	1.5
12	4	20171209	2.5	236	117	288	171	202	526	2.5	1.0	0.5	2.0	3.0	2.5
12	6	20171210	5.0	139	112	122	310	391	525	5.0	0.5	4.5	1.5	4.0	4.0
12	5	20171211	3.5	139	132	152	186	223	503	1.5	2.0	4.0	3.0	5.0	1.5
12	5	20171212	5.0	144	144	294	106	235	117	3.5	2.0	2.0	2.0	5.0	5.0
12	5	20171213	3.5	179	124	130	347	264	142	4.0	0.5	1.5	3.0	3.5	3.5
12	2	20171214	3.0	158	166	240	353	427	137	1.5	1.5	2.5	4.5	1.5	1.5
12	6	20171215	2.0	197	182	280	181	384	407	1.0	3.5	2.0	1.5	4.0	5.0
12	5	20171216	1.5	219	139	287	170	403	284	1.5	1.0	3.0	1.0	1.5	1.5
12	3	20171217	2.0	152	149	143	391	114	168	4.0	4.0	4.0	0.5	0.5	2.0
12	3	20171218	4.5	176	123	218	287	437	427	2.0	2.0	4.5	0.5	2.5	4.5
12	3	20171219	0.5	160	133	166	293	228	593	5.0	4.0	4.5	1.5	4.5	1.5
12	5	20171220	3.5	139	105	127	340	408	548	4.0	1.0	5.0	2.0	2.5	4.5
12	3	20171221	4.5	127	134	247	199	145	115	1.0	0.5	3.5	0.5	3.0	0.5
12	4	20171222	2.5	173	180	116	217	198	433	1.0	4.5	2.0	1.0	1.5	0.5
12	6	20171223	4.0	187	135	195	387	133	358	1.0	4.0	3.0	0.5	4.5	3.0
12	2	20171224	0.5	161	176	289	382	304	431	2.0	3.5	1.5	3.0	3.0	2.5
12	5	20171225	4.0	181	126	265	200	437	599	2.5	2.0	4.5	3.5	1.5	5.0
12	1	20171226	3.5	142	199	254	291	493	244	2.5	1.5	0.5	1.5	3.5	3.5
12	1	20171227	4.5	231	144	150	210	265	344	5.0	4.0	4.0	0.5	3.5	3.5
12	4	20171228	4.0	150	107	226	380	493	393	3.5	2.5	2.0	1.0	5.0	0.5
12	1	20171229	3.0	128	175	242	321	140	357	1.5	5.0	3.0	3.5	1.5	0.5
12	6	20171230	5.0	210	124	184	193	158	583	1.0	2.5	3.0	5.0	4.0	0.5
12	6	20171231	5.0	150	125	202	352	105	293	4.5	0.5	3.0	3.0	5.0	1.0
12	5	20180101	2.0	134	199	122	282	313	333	5.0	4.5	2.0	2.5	4.0	2.5
12	3	20180102	4.5	222	145	273	173	327	389	2.0	4.5	3.0	5.0	3.5	5.0
12	3	20180103	3.5	173	129	208	162	126	531	1.0	2.0	3.5	2.5	4.5	4.5
12	4	20180104	4.0	144	121	262	158	167	268	4.5	1.0	3.5	5.0	1.5	2.5
12	5	20180105	1.5	128	107	178	344	131	125	0.5	2.5	4.0	2.0	3.5	1.5
12	3	20180106	0.5	131	104	129	310	409	281	4.0	4.5	3.5	0.5	5.0	2.5
12	5	20180107	1.0	133	131	260	260	108	500	1.0	1.0	2.5	1.5	4.0	4.5
12	1	20180108	4.0	137	177	249	342	500	409	5.0	1.0	1.0	2.5	2.0	2.5
12	1	20180109	4.5	203	129	262	367	451	181	4.5	2.0	3.5	3.5	2.0	1.0
12	3	20180110	3.5	152	176	100	395	131	326	3.5	5.0	2.0	1.5	4.5	0.5
12	6	20180111	1.5	194	160	106	115	263	492	4.5	0.5	5.0	5.0	3.0	2.0
12	4	20180112	3.5	194	147	135	350	299	149	4.5	2.0	1.5	2.0	3.0	5.0
12	1	20180113	2.5	173	174	165	122	283	174	2.0	3.5	3.0	2.5	4.5	3.5
12	6	20180114	2.0	185	197	196	216	209	439	4.5	0.5	0.5	2.5	2.0	2.5
12	1	20180115	3.5	204	182	207	114	463	574	2.0	2.5	4.0	1.5	3.0	5.0
12	3	20180116	0.5	214	171	114	305	104	171	2.5	3.5	1.5	3.5	2.0	4.0
12	1	20180117	2.5	198	191	120	289	474	292	1.0	1.0	3.5	5.0	1.5	2.5
12	1	20180118	4.0	221	142	285	293	183	188	4.5	3.5	1.0	3.0	1.0	4.0
12	5	20180119	1.0	151	133	214	192	197	585	4.0	3.0	2.0	3.5	4.5	1.0
12	5	20180120	4.5	139	106	192	117	476	234	3.0	1.5	1.5	1.5	2.0	5.0
12	4	20180121	3.0	121	180	293	116	219	506	5.0	5.0	4.0	2.0	2.0	0.5
12	5	20180122	3.0	187	165	111	399	336	145	1.5	4.0	3.5	5.0	2.0	4.5
12	6	20180123	1.5	183	110	112	189	111	517	4.5	1.5	1.5	0.5	4.5	2.0
12	4	20180124	2.0	134	180	185	350	354	145	2.0	2.0	1.0	4.5	1.5	2.0
12	5	20180125	3.0	185	101	290	157	250	420	0.5	4.0	2.0	4.5	3.5	2.5
12	2	20180126	5.0	139	169	159	175	311	493	3.0	1.0	4.0	3.0	4.5	5.0
12	6	20180127	2.0	179	182	248	388	398	115	3.0	4.5	4.5	3.0	0.5	1.5
12	5	20180128	4.5	189	160	145	291	453	560	0.5	1.0	5.0	5.0	1.0	4.0
12	5	20180129	2.5	199	140	190	232	323	373	4.0	5.0	3.0	2.0	4.0	1.5
12	4	20180130	0.5	154	130	260	189	420	483	3.5	2.5	1.0	2.5	3.5	2.0
12	3	20180131	4.5	162	124	214	282	176	258	5.0	4.0	4.5	5.0	3.0	3.5
13	4	20171201	1.5	34	135	295	379	445	297	4.5	3.0	3.0	1.5	3.5	4.5
13	3	20171202	4.0	167	174	222	234	240	235	4.0	0.5	3.0	1.0	3.0	2.5
13	2	20171203	2.5	207	136	274	379	235	404	4.0	0.5	4.0	2.0	2.5	3.0
13	2	20171204	4.0	167	179	134	156	145	497	3.5	1.5	4.5	3.5	3.5	3.0
13	1	20171205	3.0	188	165	145	294	307	507	3.0	5.0	3.0	3.0	2.5	2.0
13	5	20171206	4.5	186	114	155	151	379	242	4.0	2.0	5.0	1.5	3.5	2.0
13	2	20171207	3.5	153	133	111	336	484	211	1.0	1.0	3.0	4.5	5.0	1.5
13	2	20171208	2.0	144	183	107	124	152	453	2.0	2.0	1.0	1.5	2.5	2.5
13	6	20171209	4.0	212	155	285	113	318	321	2.5	2.0	4.0	1.0	3.5	2.0
13	5	20171210	3.5	190	135	254	266	112	119	2.0	5.0	3.0	0.5	3.5	4.0
13	2	20171211	1.5	158	192	237	197	360	552	2.5	5.0	5.0	1.5	1.5	3.0
13	2	20171212	3.5	213	173	155	176	170	120	0.5	4.5	5.0	3.5	3.0	2.0
13	6	20171213	4.0	207	128	252	374	349	108	1.5	2.5	3.5	4.0	4.5	1.0
13	5	20171214	2.0	135	159	149	123	226	443	2.5	4.0	3.5	3.0	5.0	3.0
13	6	20171215	4.5	165	191	190	190	479	358	1.5	4.5	2.0	0.5	3.0	3.0
13	4	20171216	0.5	203	174	288	151	249	384	3.0	5.0	1.5	1.5	2.0	2.5
13	4	20171217	0.5	200	193	135	300	234	223	1.5	1.0	3.5	4.0	4.0	1.0
13	2	20171218	0.5	219	189	251	181	133	150	3.0	2.5	3.5	4.0	1.0	4.5
13	2	20171219	3.5	225	134	142	137	108	423	5.0	1.0	1.5	3.5	1.5	2.0
13	5	20171220	3.0	141	168	247	236	168	473	2.5	1.0	2.0	4.0	2.0	2.0
13	1	20171221	2.0	199	138	135	254	316	307	3.5	2.5	0.5	2.0	2.0	1.5
13	1	20171222	3.0	160	137	117	194	229	428	1.5	3.5	2.5	1.5	3.5	0.5
13	3	20171223	5.0	173	115	220	317	246	160	0.5	2.5	2.5	3.5	5.0	4.5
13	2	20171224	4.0	137	134	184	106	350	519	4.5	0.5	5.0	2.0	0.5	5.0
13	1	20171225	5.0	139	158	222	281	168	138	1.0	3.5	3.0	1.5	3.0	1.5
13	6	20171226	1.0	175	200	219	378	298	204	1.5	1.0	5.0	1.5	0.5	3.0
13	3	20171227	3.0	213	178	214	254	271	340	3.5	1.0	4.0	1.0	3.5	4.5
13	6	20171228	4.0	206	114	280	119	277	590	0.5	4.5	0.5	5.0	2.0	2.0
13	5	20171229	3.5	137	159	141	105	423	236	1.0	4.5	3.0	0.5	3.5	2.5
13	4	20171230	3.5	187	109	235	231	442	105	2.5	1.0	5.0	1.0	3.5	2.5
13	6	20171231	5.0	133	113	168	138	354	312	1.0	4.0	2.0	4.0	2.0	2.5
13	2	20180101	0.5	142	196	220	204	114	493	1.0	1.0	3.5	2.5	1.5	4.5
13	2	20180102	2.5	230	108	131	300	226	238	0.5	0.5	2.5	1.0	2.5	5.0
13	5	20180103	4.5	129	144	278	328	244	450	0.5	1.5	5.0	1.0	2.5	4.0
13	4	20180104	4.0	178	138	189	203	354	318	3.0	3.5	0.5	2.5	3.5	2.5
13	5	20180105	4.0	159	195	116	344	327	276	4.5	1.0	0.5	4.5	3.5	4.0
13	5	20180106	0.5	213	125	225	356	452	149	3.5	5.0	1.5	2.0	1.0	2.0
13	4	20180107	4.5	141	163	188	400	323	507	5.0	1.5	3.0	4.5	3.5	5.0
13	5	20180108	2.5	201	122	149	355	117	299	2.5	0.5	3.5	2.5	5.0	2.5
13	4	20180109	4.5	137	192	204	128	152	107	3.0	1.5	3.0	3.5	3.5	4.5
13	6	20180110	4.5	204	184	193	161	118	198	5.0	2.0	3.5	3.5	4.5	3.0
13	1	20180111	3.5	192	141	155	379	225	171	2.5	3.5	4.5	4.0	5.0	5.0
13	4	20180112	4.5	166	104	154	251	297	592	1.0	4.0	0.5	4.0	2.5	4.5
13	1	20180113	4.5	122	172	203	250	181	190	1.0	4.5	4.5	3.0	4.5	4.5
13	3	20180114	3.0	210	164	165	162	487	404	2.5	0.5	3.0	1.0	4.0	1.0
13	2	20180115	2.0	182	198	111	307	264	523	5.0	2.0	4.0	4.0	1.0	4.0
13	3	20180116	1.0	225	170	154	272	276	250	1.5	1.5	3.5	2.0	1.0	3.0
13	6	20180117	2.0	189	182	188	335	289	568	4.0	2.0	0.5	3.0	4.0	4.0
13	1	20180118	0.5	214	124	210	156	123	448	4.0	4.5	4.5	0.5	4.0	4.0
13	4	20180119	2.0	153	174	194	104	426	371	4.5	3.5	4.5	2.0	3.5	1.0
13	6	20180120	2.0	200	164	233	375	373	513	4.0	3.5	1.0	2.5	0.5	3.5
13	3	20180121	1.5	186	105	291	249	342	369	4.0	2.0	3.0	5.0	5.0	1.5
13	3	20180122	4.0	136	121	234	301	385	124	2.5	0.5	0.5	3.5	4.0	0.5
13	3	20180123	4.5	138	101	216	337	296	557	3.0	2.5	5.0	0.5	3.5	3.0
13	4	20180124	4.5	138	109	176	259	387	172	4.5	2.5	2.0	1.5	3.0	3.0
13	4	20180125	3.5	115	130	212	396	476	233	3.5	4.5	4.5	5.0	2.5	3.0
13	2	20180126	3.5	167	144	202	267	153	197	2.5	5.0	4.5	4.5	0.5	4.0
13	3	20180127	4.0	184	146	201	179	471	125	1.5	3.0	0.5	3.5	1.0	3.0
13	4	20180128	3.5	176	169	105	141	332	576	0.5	1.5	1.0	2.0	0.5	2.5
13	2	20180129	4.5	198	105	124	168	366	579	1.5	4.5	2.5	3.0	1.5	1.5
13	2	20180130	2.5	125	196	231	385	216	562	3.5	2.5	1.5	1.5	5.0	1.5
13	1	20180131	4.5	221	162	100	375	422	217	1.5	1.5	5.0	1.0	0.5	4.5
14	5	20171201	2.5	18	147	113	270	160	300	3.5	2.5	3.0	4.5	4.0	2.5
14	5	20171202	1.5	185	109	117	364	280	210	3.0	1.0	4.5	4.0	1.0	5.0
14	1	20171203	5.0	140	192	130	210	420	201	4.0	0.5	2.5	2.0	3.0	5.0
14	5	20171204	4.5	231	176	130	264	395	578	4.0	4.0	1.5	4.0	2.0	3.5
14	2	20171205	3.5	185	153	257	330	408	271	1.5	1.5	1.5	3.5	1.5	4.0
14	4	20171206	1.0	164	170	270	331	264	498	2.0	3.0	0.5	2.0	5.0	1.0
14	4	20171207	1.5	190	120	233	263	418	178	1.0	3.5	2.5	1.5	4.0	2.5
14	4	20171208	2.0	157	134	136	263	114	446	2.0	5.0	3.0	4.0	4.5	2.0
14	4	20171209	4.0	143	100	239	231	194	299	4.0	0.5	1.0	3.5	1.5	5.0
14	4	20171210	5.0	121	108	121	173	489	506	4.5	0.5	1.5	3.0	2.5	2.0
14	5	20171211	5.0	134	150	162	320	256	479	2.5	0.5	0.5	2.0	5.0	4.0
14	3	20171212	3.5	183	177	227	320	309	466	0.5	5.0	3.5	4.0	3.0	1.5
14	6	20171213	2.5	191	121	133	348	133	444	4.5	4.5	4.5	4.5	1.0	4.5
14	4	20171214	1.5	140	108	129	220	368	216	1.0	0.5	1.0	4.0	1.5	3.5
14	1	20171215	2.0	121	128	276	383	226	244	3.0	1.0	1.0	2.0	0.5	4.5
14	3	20171216	4.0	145	145	152	297	241	365	1.0	2.5	5.0	5.0	1.5	3.0
14	4	20171217	1.5	161	111	275	190	353	271	1.0	1.5	4.5	4.0	0.5	4.5
14	3	20171218	4.5	127	113	144	222	274	378	3.5	1.5	4.5	3.0	5.0	1.0
14	5	20171219	2.5	145	180	105	397	252	591	5.0	4.0	4.0	4.5	5.0	4.5
14	6	20171220	5.0	187	125	237	129	439	413	3.0	4.0	2.0	4.5	1.0	1.0
14	1	20171221	5.0	138	198	195	209	310	133	4.5	5.0	2.5	1.0	3.5	2.0
14	3	20171222	1.5	231	113	108	391	464	313	1.0	3.0	4.0	5.0	3.0	1.0
14	2	20171223	3.5	120	186	227	242	460	278	2.0	4.5	1.5	5.0	3.0	2.5
14	1	20171224	1.0	218	194	277	184	373	140	4.5	4.5	4.5	0.5	1.5	1.5
14	3	20171225	2.5	225	184	187	365	413	546	3.0	3.5	4.5	2.0	4.5	4.5
14	2	20171226	0.5	212	144	154	139	242	475	1.5	2.5	2.5	0.5	1.0	3.0
14	5	20171227	5.0	184	184	236	102	240	444	2.5	2.0	2.0	0.5	3.5	4.5
14	3	20171228	2.0	200	111	217	136	349	133	2.0	4.0	3.5	2.5	3.5	3.0
14	3	20171229	0.5	143	183	289	343	409	191	5.0	2.0	4.5	4.0	4.5	3.5
14	3	20171230	1.5	218	128	224	204	386	381	3.5	4.0	2.5	0.5	4.5	2.5
14	4	20171231	5.0	154	104	266	285	310	139	5.0	0.5	1.5	1.5	2.0	1.0
14	2	20180101	5.0	123	186	239	140	367	363	1.5	1.5	3.5	1.0	4.0	4.5
14	6	20180102	3.0	222	147	217	290	135	473	3.0	4.0	3.0	3.5	4.5	3.5
14	5	20180103	3.0	158	160	174	177	486	277	3.5	1.5	2.5	1.0	5.0	4.0
14	2	20180104	2.5	173	181	150	284	179	589	3.0	1.5	1.0	1.5	3.0	4.0
14	4	20180105	3.0	211	105	142	184	453	586	3.0	3.5	2.0	2.0	0.5	1.5
14	2	20180106	3.5	138	127	168	270	448	276	1.5	2.0	0.5	3.0	1.5	0.5
14	6	20180107	4.5	159	183	168	351	131	590	5.0	3.5	1.5	3.5	1.0	3.5
14	5	20180108	0.5	213	181	110	241	440	206	2.0	1.0	3.5	2.0	4.0	2.5
14	5	20180109	1.5	214	198	228	286	225	252	4.5	2.0	3.0	5.0	3.5	0.5
14	1	20180110	0.5	217	151	210	153	311	556	2.0	2.5	3.5	0.5	2.0	5.0
14	4	20180111	2.5	168	190	246	133	345	221	4.0	1.5	4.5	1.0	3.5	3.0
14	1	20180112	4.5	221	117	103	272	102	142	2.0	1.0	5.0	2.0	1.0	2.5
14	1	20180113	5.0	156	178	278	341	239	385	4.0	3.5	1.0	4.5	3.0	2.5
14	1	20180114	2.0	215	151	214	357	122	136	1.0	1.0	5.0	4.0	5.0	4.0
14	6	20180115	2.5	179	115	261	140	324	236	4.0	4.5	0.5	3.5	4.5	0.5
14	1	20180116	4.5	149	125	274	200	177	568	2.5	2.5	5.0	2.5	3.5	1.5
14	4	20180117	1.0	165	101	137	317	452	189	1.0	2.0	4.5	2.0	3.0	5.0
14	5	20180118	3.5	129	108	282	274	126	407	4.5	4.5	3.0	1.5	2.0	2.0
14	5	20180119	4.5	118	196	191	366	452	190	0.5	3.0	4.5	1.5	0.5	1.5
14	2	20180120	4.5	236	131	156	216	342	405	2.0	5.0	4.0	2.5	3.5	1.0
14	3	20180121	4.5	167	193	145	360	190	196	4.0	0.5	1.5	0.5	5.0	2.5
14	1	20180122	3.5	223	132	169	311	386	188	0.5	4.5	3.5	3.5	1.0	5.0
14	5	20180123	2.0	144	151	253	122	486	415	0.5	4.0	1.5	3.5	1.5	3.5
14	2	20180124	1.5	169	143	271	112	232	525	4.5	5.0	1.0	5.0	4.0	1.5
14	2	20180125	3.5	163	156	215	221	150	594	1.0	1.5	2.5	2.5	5.0	3.0
14	4	20180126	3.5	161	100	141	267	437	113	4.0	5.0	3.5	4.5	1.0	2.5
14	5	20180127	2.0	105	152	139	333	303	590	3.0	1.5	4.5	0.5	0.5	2.0
14	3	20180128	5.0	158	119	278	165	133	209	5.0	1.0	2.0	2.0	4.0	3.0
14	3	20180129	3.0	134	113	265	381	179	531	3.0	3.0	2.5	4.0	4.5	2.5
14	2	20180130	1.5	135	169	121	181	446	327	0.5	5.0	3.0	0.5	1.5	4.5
14	6	20180131	3.5	196	149	191	382	317	506	5.0	3.0	3.5	4.5	0.5	4.0
15	2	20171201	5.0	40	174	259	130	248	533	3.5	2.0	3.5	5.0	3.0	3.0
15	1	20171202	2.5	196	200	186	331	405	305	4.5	2.5	3.5	2.0	2.0	2.0
15	1	20171203	0.5	230	197	100	297	148	435	0.5	4.5	0.5	2.5	4.0	1.5
15	2	20171204	2.5	203	193	138	322	235	265	0.5	1.5	3.0	4.0	0.5	4.0
15	5	20171205	2.5	207	157	206	203	420	440	2.5	5.0	5.0	3.0	0.5	4.0
15	6	20171206	0.5	162	121	121	165	192	330	2.0	1.5	4.5	1.5	4.5	5.0
15	3	20171207	4.5	132	125	149	111	384	148	4.5	1.5	3.5	0.5	0.5	5.0
15	3	20171208	4.0	155	121	132	362	345	517	3.0	2.0	1.5	4.0	0.5	1.0
15	1	20171209	1.0	131	175	150	132	371	417	2.0	1.0	1.5	5.0	4.0	3.5
15	4	20171210	4.5	214	167	136	166	225	488	4.0	2.0	1.0	1.0	3.5	3.5
15	5	20171211	4.5	173	158	295	153	114	348	5.0	2.0	5.0	0.5	2.0	3.0
15	2	20171212	0.5	180	143	161	117	356	537	5.0	3.5	1.0	2.5	4.5	2.5
15	2	20171213	5.0	182	163	266	155	453	279	1.5	2.0	2.5	5.0	1.0	4.0
15	1	20171214	0.5	190	105	150	230	243	554	3.0	2.0	3.5	1.0	1.5	2.5
15	1	20171215	1.0	126	144	136	328	414	184	1.5	0.5	4.0	0.5	3.5	2.5
15	5	20171216	1.5	182	130	296	232	206	122	2.5	4.0	5.0	2.5	0.5	3.5
15	4	20171217	1.5	152	162	180	131	321	272	1.5	2.0	3.5	5.0	5.0	2.5
15	1	20171218	4.0	173	120	291	385	137	275	4.5	4.0	1.5	5.0	1.5	1.5
15	5	20171219	4.0	148	180	293	165	345	578	1.0	0.5	4.0	3.5	0.5	1.0
15	6	20171220	2.0	216	106	264	393	251	296	4.5	4.5	4.5	2.0	5.0	3.0
15	6	20171221	3.5	124	115	105	216	125	494	0.5	1.0	3.5	0.5	4.5	3.5
15	2	20171222	4.0	146	161	241	252	499	397	1.0	5.0	2.0	0.5	3.0	2.0
15	2	20171223	1.0	189	191	127	309	360	121	4.5	0.5	2.5	2.0	2.5	0.5
15	6	20171224	0.5	229	147	300	154	183	478	3.5	2.5	4.0	4.5	2.0	2.0
15	6	20171225	2.5	170	157	277	152	112	137	4.5	3.5	1.5	3.5	5.0	4.5
15	5	20171226	0.5	173	139	259	175	498	291	2.5	1.0	2.0	5.0	1.0	5.0
15	5	20171227	1.0	153	103	119	186	360	540	3.0	1.5	4.0	2.0	0.5	4.0
15	2	20171228	4.0	118	119	100	367	486	254	1.5	1.5	5.0	1.5	4.0	5.0
15	2	20171229	1.0	124	145	231	317	316	433	2.0	5.0	3.5	3.5	4.5	2.5
15	3	20171230	4.5	177	150	243	216	320	329	2.5	3.5	0.5	2.5	3.5	1.5
15	4	20171231	4.0	188	108	275	119	383	503	5.0	3.5	3.0	2.5	3.0	1.5
15	3	20180101	2.0	144	104	143	184	417	275	1.5	1.5	0.5	2.5	1.0	1.5
15	1	20180102	2.5	127	142	134	246	355	554	2.5	0.5	2.5	0.5	3.5	2.0
15	5	20180103	1.0	178	143	177	204	130	267	4.5	1.5	0.5	3.0	4.5	1.5
15	2	20180104	2.5	176	163	105	252	169	558	4.0	0.5	3.5	5.0	3.0	1.0
15	2	20180105	5.0	196	196	240	168	419	283	5.0	0.5	0.5	5.0	3.5	1.5
15	6	20180106	1.5	211	187	215	152	269	190	3.0	4.0	4.5	1.5	3.0	4.5
15	3	20180107	1.5	219	192	264	175	349	165	5.0	4.5	1.0	2.0	2.5	3.5
15	6	20180108	4.5	222	196	266	208	340	546	3.0	3.5	2.5	2.0	3.0	0.5
15	2	20180109	2.5	228	117	101	217	401	223	1.5	4.0	0.5	3.0	4.5	5.0
15	5	20180110	3.5	141	166	194	223	136	265	5.0	1.5	2.0	2.0	2.5	1.0
15	4	20180111	2.0	193	134	204	377	336	278	4.0	2.5	4.5	2.0	1.0	2.0
15	5	20180112	3.5	149	141	133	207	163	358	4.0	1.5	0.5	1.0	2.5	3.5
15	1	20180113	1.5	175	118	242	389	321	457	4.0	1.0	1.0	3.0	5.0	4.0
15	3	20180114	4.5	127	163	251	167	395	550	1.5	5.0	2.0	2.0	1.5	2.0
15	3	20180115	0.5	197	112	128	278	491	147	3.0	3.5	1.5	5.0	3.0	2.5
15	3	20180116	4.0	136	191	295	200	154	103	1.5	1.5	5.0	1.5	2.5	0.5
15	6	20180117	1.0	206	158	138	167	453	481	1.5	2.5	0.5	4.5	1.0	3.0
15	3	20180118	2.0	165	195	222	182	132	425	3.5	2.5	2.0	2.0	2.5	2.5
15	6	20180119	4.0	219	118	255	126	331	432	1.0	3.0	4.0	5.0	5.0	3.5
15	6	20180120	1.5	124	112	157	132	108	274	4.0	4.0	4.0	4.5	3.0	3.0
15	6	20180121	0.5	132	161	188	103	196	346	3.5	3.5	0.5	4.0	3.5	1.5
15	6	20180122	3.0	168	187	223	390	208	389	2.0	2.5	1.0	3.0	3.5	4.5
15	5	20180123	2.0	197	116	182	320	412	507	3.5	4.0	1.5	0.5	3.5	4.5
15	5	20180124	0.5	122	113	163	340	281	228	4.0	0.5	2.0	1.5	2.0	2.0
15	3	20180125	3.5	142	105	229	349	458	226	2.5	2.0	1.5	1.5	4.0	2.5
15	6	20180126	0.5	130	101	144	209	420	532	1.0	1.5	1.5	4.0	1.5	1.0
15	2	20180127	0.5	113	190	195	170	305	206	1.5	4.0	4.5	3.0	3.5	5.0
15	1	20180128	1.5	221	113	282	135	115	435	1.0	4.5	3.0	5.0	0.5	4.0
15	2	20180129	4.0	135	134	264	233	443	587	4.0	4.0	2.5	1.0	3.0	4.0
15	6	20180130	5.0	164	188	104	386	372	106	5.0	0.5	5.0	3.5	1.5	0.5
15	1	20180131	1.5	198	168	137	348	411	259	0.5	1.0	3.0	3.5	4.5	1.5
16	1	20171201	4.0	21	148	156	189	229	417	2.5	5.0	1.0	3.5	1.0	5.0
16	3	20171202	4.0	153	178	130	333	335	154	1.0	2.0	2.5	1.5	2.5	1.5
16	2	20171203	1.0	186	105	141	353	312	310	4.0	0.5	2.0	1.5	1.0	2.0
16	4	20171204	4.5	125	119	267	338	308	169	5.0	1.5	2.0	1.5	2.5	1.0
16	1	20171205	2.5	143	117	264	255	421	301	1.5	3.0	5.0	2.5	3.0	5.0
16	2	20171206	1.5	122	176	193	319	485	369	2.0	5.0	5.0	5.0	4.5	1.5
16	5	20171207	3.0	208	163	119	185	167	379	3.5	3.0	1.5	0.5	0.5	1.0
16	3	20171208	2.0	195	109	201	194	422	293	5.0	5.0	3.5	1.0	3.5	2.5
16	1	20171209	1.5	142	124	166	250	364	241	0.5	2.5	0.5	4.5	4.5	3.0
16	6	20171210	1.0	160	135	189	368	403	361	4.5	4.5	2.5	4.0	0.5	5.0
16	1	20171211	4.0	164	200	220	262	197	263	4.5	3.5	3.0	5.0	2.0	2.0
16	4	20171212	3.0	232	194	275	148	164	145	2.0	3.5	1.5	1.5	0.5	1.0
16	6	20171213	4.5	208	159	105	292	121	250	1.5	5.0	1.0	1.0	2.0	4.5
16	6	20171214	0.5	177	182	287	332	316	325	5.0	4.5	4.5	2.5	5.0	5.0
16	3	20171215	3.5	218	131	244	136	121	556	1.5	5.0	2.0	2.0	3.0	4.0
16	6	20171216	1.5	144	180	197	297	409	433	2.5	2.5	2.0	4.5	1.0	3.0
16	1	20171217	0.5	200	170	119	239	206	385	1.5	0.5	0.5	1.0	4.5	1.5
16	6	20171218	1.5	191	103	234	189	402	176	4.5	3.0	1.0	3.0	2.5	3.5
16	1	20171219	1.0	140	134	155	290	443	353	4.5	2.0	4.0	4.5	0.5	1.0
16	2	20171220	5.0	160	114	214	321	245	307	2.5	3.0	5.0	5.0	0.5	1.0
16	6	20171221	3.5	144	168	116	345	470	313	2.5	3.5	0.5	4.5	1.5	2.5
16	6	20171222	5.0	173	122	130	243	126	337	4.0	3.0	3.0	2.0	4.0	2.0
16	5	20171223	1.5	146	165	299	111	178	113	2.5	1.0	3.5	3.0	5.0	4.5
16	6	20171224	4.5	170	171	279	206	280	140	4.0	3.0	3.5	4.0	4.0	1.0
16	6	20171225	2.5	186	195	151	186	324	511	4.0	3.5	4.5	4.0	2.0	4.5
16	3	20171226	1.0	229	143	198	110	461	464	0.5	3.0	3.0	2.0	4.5	5.0
16	3	20171227	1.0	156	184	145	325	209	307	3.0	3.0	1.5	0.5	5.0	4.0
16	1	20171228	2.5	210	162	229	350	333	342	3.5	5.0	2.0	3.0	4.5	0.5
16	1	20171229	2.0	194	134	142	130	340	488	4.5	3.0	3.5	0.5	1.0	1.0
16	3	20171230	1.0	142	159	180	348	343	488	3.0	1.5	4.0	1.0	2.0	3.5
16	4	20171231	1.5	186	126	287	300	118	198	2.5	4.0	4.0	3.0	2.5	3.5
16	4	20180101	3.0	154	108	289	334	134	454	0.5	3.5	3.5	3.5	1.0	1.0
16	3	20180102	2.0	136	191	117	135	427	511	2.5	1.5	0.5	1.5	3.5	2.0
16	4	20180103	3.5	230	151	153	288	186	259	1.0	3.0	3.0	3.0	3.5	2.5
16	1	20180104	4.5	164	167	247	187	475	178	5.0	3.5	4.0	1.0	3.0	4.0
16	4	20180105	2.5	189	103	296	314	199	111	2.0	2.5	5.0	0.5	3.5	1.5
16	5	20180106	1.5	123	195	133	165	257	536	5.0	1.0	1.0	4.5	3.0	3.5
16	6	20180107	1.5	211	137	283	275	341	327	0.5	0.5	1.0	2.5	3.5	1.0
16	6	20180108	1.0	155	133	133	180	392	539	3.0	3.0	2.5	3.5	1.0	2.5
16	2	20180109	3.0	158	176	277	238	336	549	3.5	2.5	3.0	2.5	4.0	2.0
16	2	20180110	1.0	191	151	141	222	387	333	3.5	4.0	4.0	1.0	4.5	5.0
16	5	20180111	2.5	182	117	125	234	474	362	1.5	2.5	3.0	2.0	4.5	3.5
16	2	20180112	2.0	151	198	170	227	245	268	4.5	4.5	2.0	0.5	4.0	5.0
16	4	20180113	3.0	232	164	218	124	258	271	4.0	4.0	0.5	4.5	4.5	0.5
16	4	20180114	2.5	171	143	222	336	178	478	0.5	0.5	1.5	2.5	1.0	1.0
16	3	20180115	3.5	156	192	199	389	186	558	4.0	0.5	1.5	1.5	1.5	5.0
16	4	20180116	3.5	198	194	160	337	230	524	3.0	5.0	3.0	2.0	0.5	2.5
16	3	20180117	2.0	212	173	277	359	282	249	3.0	3.5	1.5	4.5	1.5	4.5
16	4	20180118	3.0	205	200	251	133	327	548	4.0	2.0	3.5	3.0	3.5	0.5
16	5	20180119	5.0	238	109	250	292	287	130	3.0	3.5	4.5	3.0	4.5	4.0
16	1	20180120	4.5	132	106	250	273	369	425	2.0	3.5	3.5	1.0	1.5	3.0
16	3	20180121	1.0	124	159	288	302	418	205	1.0	1.0	4.5	4.0	4.5	5.0
16	2	20180122	1.5	168	133	173	184	195	562	3.0	0.5	3.0	5.0	5.0	5.0
16	2	20180123	0.5	173	174	198	294	116	478	5.0	3.0	5.0	3.5	2.5	2.0
16	2	20180124	2.5	202	193	172	144	292	346	3.5	0.5	2.0	2.5	3.0	1.0
16	3	20180125	0.5	208	104	208	369	393	157	4.0	2.0	4.0	2.5	4.5	4.0
16	5	20180126	2.5	133	126	194	180	481	359	1.5	3.5	2.5	4.0	3.5	5.0
16	4	20180127	3.5	150	175	249	264	435	402	5.0	3.5	0.5	4.0	2.0	0.5
16	2	20180128	1.5	208	170	193	149	339	179	1.0	2.0	3.0	1.0	5.0	3.0
16	6	20180129	5.0	209	191	120	170	139	210	1.0	0.5	1.5	4.0	2.0	1.0
16	2	20180130	3.5	207	101	236	366	147	148	3.0	0.5	1.0	2.5	5.0	2.5
16	3	20180131	3.5	117	136	127	355	176	225	2.0	4.0	5.0	5.0	2.5	4.5
17	5	20171201	3.5	23	198	262	113	278	517	3.5	1.0	2.5	2.0	3.5	0.5
17	1	20171202	3.0	219	124	253	108	454	514	1.0	1.0	0.5	2.0	3.5	0.5
17	6	20171203	2.0	141	184	205	264	479	489	1.0	2.5	2.5	3.0	1.0	1.5
17	3	20171204	5.0	206	172	275	135	157	228	2.5	4.0	5.0	4.0	4.5	0.5
17	2	20171205	4.5	200	125	122	288	313	135	1.0	4.5	4.5	4.0	3.0	3.5
17	2	20171206	1.5	144	168	210	264	278	224	3.0	4.0	3.0	0.5	0.5	2.0
17	1	20171207	1.0	196	105	199	154	170	134	2.5	3.0	4.0	2.5	2.5	1.5
17	6	20171208	2.0	114	106	135	258	383	334	2.5	2.0	0.5	5.0	3.0	3.0
17	2	20171209	5.0	135	100	275	337	171	343	1.5	5.0	1.0	0.5	1.0	3.0
17	5	20171210	3.0	129	129	199	246	330	307	0.5	1.0	5.0	1.5	3.0	3.5
17	3	20171211	1.5	136	197	256	135	362	135	4.0	2.5	4.5	1.0	3.5	4.5
17	5	20171212	2.0	224	106	249	277	416	402	4.5	1.0	4.5	1.5	3.5	4.5
17	2	20171213	3.5	146	120	212	248	187	465	3.0	1.5	4.0	5.0	3.5	2.5
17	6	20171214	5.0	129	186	244	329	241	165	2.5	0.5	0.5	4.0	5.0	5.0
17	6	20171215	3.5	199	143	232	174	499	416	3.0	3.5	3.0	4.0	0.5	0.5
17	5	20171216	1.0	174	179	279	390	263	338	2.0	3.0	2.5	3.5	2.5	1.0
17	3	20171217	2.5	200	122	189	211	216	449	3.0	4.0	3.0	1.0	4.0	3.5
17	1	20171218	2.0	145	162	123	182	272	455	0.5	3.5	4.5	5.0	2.5	4.5
17	3	20171219	3.0	188	138	117	185	342	580	3.0	0.5	1.5	3.0	4.5	4.0
17	5	20171220	3.5	164	165	170	268	237	340	1.5	0.5	1.0	3.5	1.0	4.5
17	6	20171221	5.0	195	194	119	386	118	493	2.5	1.0	2.5	4.0	0.5	2.0
17	6	20171222	4.0	204	123	221	367	465	251	3.0	4.0	1.0	2.0	5.0	2.5
17	6	20171223	3.0	159	193	182	381	479	263	4.5	2.0	4.5	1.0	4.5	2.0
17	4	20171224	1.0	205	136	205	197	188	138	2.5	1.0	2.5	0.5	4.5	1.5
17	6	20171225	1.5	176	137	194	156	318	344	3.5	3.0	0.5	5.0	5.0	1.5
17	2	20171226	2.5	160	183	260	388	409	491	3.0	5.0	1.0	2.5	2.5	1.5
17	1	20171227	2.5	214	101	119	275	215	168	1.5	1.0	1.5	2.0	0.5	3.0
17	5	20171228	2.5	109	153	215	359	289	375	1.5	4.5	4.0	0.5	0.5	2.0
17	5	20171229	3.0	162	156	190	341	457	192	3.0	3.0	1.5	5.0	2.5	5.0
17	6	20171230	0.5	187	111	248	346	491	211	0.5	4.0	2.5	4.0	5.0	2.0
17	5	20171231	5.0	126	160	285	196	426	436	2.0	2.0	2.0	3.5	3.5	5.0
17	4	20180101	2.5	170	175	284	265	453	255	3.5	4.0	4.5	4.0	2.0	3.0
17	2	20180102	5.0	190	184	156	217	383	428	3.0	3.0	2.5	3.5	3.0	4.5
17	4	20180103	2.0	190	181	149	163	266	591	1.5	1.5	1.5	2.5	0.5	4.0
17	3	20180104	2.0	198	124	225	235	156	107	0.5	2.5	4.5	1.5	2.5	4.0
17	4	20180105	1.0	159	147	230	287	461	161	3.0	4.0	3.5	2.5	2.0	4.5
17	1	20180106	4.5	166	166	274	378	194	105	2.5	4.0	3.0	1.0	1.5	3.5
17	2	20180107	2.5	189	170	129	170	128	570	3.5	3.0	4.0	3.5	1.5	4.5
17	5	20180108	2.5	183	186	208	176	242	413	2.0	3.0	2.5	5.0	5.0	1.0
17	5	20180109	2.0	206	163	167	235	277	356	2.0	2.0	4.5	4.5	0.5	1.0
17	3	20180110	5.0	173	139	261	213	313	123	1.0	2.5	1.5	4.5	2.0	1.5
17	4	20180111	1.5	148	145	171	338	398	256	2.0	4.5	3.5	3.5	4.0	4.5
17	1	20180112	2.0	159	134	192	393	355	231	4.0	0.5	2.5	3.0	0.5	3.0
17	5	20180113	3.5	146	182	193	165	180	433	5.0	0.5	4.0	2.5	1.0	2.0
17	3	20180114	1.0	195	130	133	101	392	198	1.0	2.5	5.0	1.5	1.0	1.5
17	2	20180115	4.5	164	143	232	221	432	580	1.5	2.0	2.5	5.0	2.5	4.5
17	5	20180116	3.0	168	113	159	398	400	156	3.5	2.5	2.0	4.5	4.5	3.0
17	5	20180117	2.5	131	172	279	319	464	177	3.5	2.5	4.0	5.0	1.0	1.0
17	6	20180118	3.5	180	162	132	198	201	101	2.0	4.0	4.0	2.0	3.5	2.5
17	3	20180119	3.5	167	130	117	251	294	585	1.0	5.0	4.5	2.5	1.5	1.0
17	5	20180120	0.5	161	139	296	232	436	524	4.0	4.5	4.5	2.0	1.0	3.0
17	4	20180121	1.0	154	107	250	276	431	144	3.0	4.5	5.0	5.0	3.0	1.5
17	2	20180122	5.0	135	189	136	391	413	327	3.0	2.0	5.0	3.0	2.5	5.0
17	3	20180123	2.5	211	119	220	178	141	320	2.5	4.5	3.5	1.5	3.5	5.0
17	4	20180124	2.5	155	158	120	218	430	441	0.5	1.0	3.5	0.5	1.0	3.0
17	6	20180125	3.0	198	105	274	163	240	571	5.0	2.5	1.0	1.5	2.5	4.5
17	3	20180126	4.0	119	130	259	374	173	564	4.5	1.0	0.5	1.0	0.5	0.5
17	1	20180127	1.5	139	155	204	352	121	481	4.0	3.0	1.5	3.0	4.0	2.5
17	4	20180128	4.5	170	137	265	306	236	377	0.5	1.0	3.0	5.0	5.0	2.0
17	6	20180129	5.0	148	155	220	200	144	118	3.0	3.5	3.5	5.0	2.5	3.5
17	2	20180130	3.0	181	181	167	104	402	454	1.5	2.0	3.5	1.0	2.5	4.5
17	3	20180131	2.5	191	171	250	399	337	448	1.0	0.5	1.5	4.5	2.0	2.0
18	3	20171201	2.5	18	169	205	129	350	224	2.5	2.0	2.0	1.5	4.5	0.5
18	2	20171202	5.0	188	185	243	276	191	401	2.5	2.0	4.0	3.5	3.5	3.0
18	6	20171203	2.5	220	172	289	191	358	422	3.5	1.5	3.5	0.5	4.5	3.5
18	4	20171204	2.0	200	178	245	400	160	104	5.0	0.5	3.0	1.0	5.0	2.5
18	1	20171205	4.0	199	139	216	119	436	253	2.0	4.5	1.0	4.5	3.0	2.0
18	4	20171206	4.5	155	130	179	327	449	171	1.0	2.5	2.0	4.5	1.5	3.5
18	3	20171207	5.0	165	157	211	332	246	452	2.0	0.5	1.5	2.5	2.0	4.0
18	3	20171208	3.5	172	117	186	388	232	117	1.5	4.0	4.0	0.5	2.0	0.5
18	5	20171209	2.5	145	126	231	302	404	420	1.5	1.5	3.5	4.0	4.0	1.0
18	1	20171210	3.0	152	186	270	155	186	383	1.5	3.5	1.5	3.5	4.0	1.0
18	5	20171211	3.5	196	196	278	321	479	243	5.0	2.0	3.5	2.0	2.5	1.5
18	1	20171212	4.5	227	121	250	226	123	234	2.0	4.5	5.0	4.5	2.0	2.5
18	5	20171213	1.5	127	200	209	187	369	502	3.0	2.0	3.5	4.0	5.0	2.0
18	2	20171214	1.5	239	161	179	364	292	493	5.0	0.5	3.5	0.5	2.0	0.5
18	1	20171215	0.5	177	185	247	372	125	158	0.5	1.5	4.0	4.0	0.5	1.5
18	4	20171216	1.5	190	110	155	105	266	182	0.5	3.5	2.0	2.5	2.5	5.0
18	4	20171217	4.5	124	135	244	262	348	320	0.5	1.5	2.5	3.5	1.5	2.0
18	3	20171218	1.0	150	102	276	362	420	575	2.5	2.0	2.5	2.5	1.5	3.0
18	4	20171219	2.0	120	149	225	265	206	337	3.0	3.0	4.0	0.5	4.5	2.0
18	2	20171220	3.0	175	187	245	347	248	219	4.5	4.5	0.5	3.5	5.0	1.5
18	1	20171221	2.5	216	146	285	213	127	219	5.0	1.0	5.0	3.0	2.0	5.0
18	4	20171222	2.5	172	176	143	139	152	444	4.5	3.5	2.5	1.5	5.0	1.0
18	3	20171223	5.0	211	129	220	176	270	241	3.0	5.0	4.0	3.5	3.5	4.0
18	5	20171224	5.0	169	149	188	389	349	329	3.0	2.5	4.0	0.5	1.5	1.0
18	4	20171225	2.5	185	184	205	360	237	542	4.5	3.5	2.5	4.5	0.5	4.5
18	1	20171226	1.5	189	141	139	164	194	385	4.5	2.5	4.0	4.5	0.5	4.0
18	6	20171227	0.5	171	197	103	159	355	118	5.0	3.5	3.0	1.5	1.0	1.0
18	6	20171228	1.5	234	163	245	234	156	231	2.0	2.5	1.0	5.0	1.5	3.0
18	5	20171229	3.5	195	166	105	101	311	187	2.5	2.0	5.0	3.0	3.5	4.5
18	5	20171230	1.5	179	175	163	209	385	364	4.0	3.5	2.5	2.5	3.0	3.5
18	3	20171231	1.0	185	154	187	385	193	226	0.5	5.0	5.0	4.0	2.0	1.5
18	5	20180101	1.5	170	156	245	288	129	185	5.0	3.5	2.0	4.5	3.0	5.0
18	1	20180102	1.0	171	111	135	294	486	145	3.0	5.0	4.5	4.0	2.5	4.5
18	4	20180103	1.0	122	184	164	144	376	307	1.0	2.0	3.5	4.0	1.5	2.0
18	1	20180104	5.0	213	140	112	232	476	590	4.0	3.0	4.0	1.0	4.5	2.0
18	6	20180105	2.0	166	194	290	189	434	160	4.5	0.5	4.5	0.5	1.5	4.5
18	2	20180106	4.5	229	105	189	199	163	121	2.5	1.5	4.0	4.5	4.5	3.0
18	6	20180107	0.5	140	133	284	285	364	498	4.5	3.5	1.5	2.5	1.5	2.0
18	1	20180108	2.0	141	159	134	374	454	109	1.0	4.5	2.5	1.0	3.5	2.0
18	4	20180109	2.0	194	118	153	297	357	538	5.0	4.5	5.0	2.0	0.5	2.0
18	4	20180110	4.0	127	138	156	263	442	251	2.5	4.5	2.0	3.0	1.5	4.0
18	6	20180111	3.0	159	167	215	261	386	583	3.0	1.0	4.0	3.5	0.5	2.0
18	2	20180112	3.0	173	178	189	209	465	282	5.0	5.0	5.0	1.0	4.0	2.0
18	1	20180113	3.5	205	126	234	395	157	232	3.0	1.5	3.0	2.5	0.5	0.5
18	5	20180114	0.5	135	171	191	370	356	534	3.5	2.5	3.0	5.0	4.5	2.0
18	5	20180115	1.0	186	164	140	240	331	402	3.5	2.0	4.0	3.0	1.5	4.0
18	2	20180116	5.0	185	184	168	225	476	100	1.5	1.5	4.0	4.5	4.0	4.5
18	5	20180117	1.5	207	195	170	126	400	368	4.5	1.5	0.5	2.0	1.5	2.0
18	4	20180118	1.5	229	154	271	116	491	214	4.5	2.5	1.0	2.5	3.5	3.0
18	1	20180119	3.5	184	133	130	287	366	153	5.0	4.0	4.5	4.0	1.5	3.5
18	4	20180120	1.0	151	155	244	160	149	221	0.5	1.0	2.5	1.0	4.5	3.5
18	4	20180121	2.0	182	109	215	194	178	511	2.0	1.5	2.0	0.5	2.5	2.0
18	3	20180122	5.0	143	131	106	165	424	324	1.5	4.5	4.5	2.5	3.0	2.0
18	6	20180123	5.0	154	135	173	349	334	414	2.5	3.5	3.0	3.5	2.5	1.0
18	3	20180124	3.5	147	123	276	345	195	152	4.5	0.5	2.0	1.5	0.5	5.0
18	5	20180125	4.0	158	120	297	372	330	379	3.0	5.0	3.0	2.5	4.5	5.0
18	5	20180126	1.0	157	178	171	370	455	222	3.0	3.5	3.0	4.0	4.5	2.5
18	3	20180127	2.5	203	101	230	241	388	514	4.0	2.5	3.5	4.5	3.0	5.0
18	2	20180128	2.5	128	109	202	238	256	299	4.0	1.0	4.0	5.0	4.5	2.0
18	3	20180129	1.5	148	128	214	163	432	354	3.5	5.0	5.0	4.5	4.5	3.5
18	6	20180130	2.0	160	128	164	125	228	257	3.5	4.0	1.5	4.0	3.0	1.0
18	2	20180131	3.0	162	107	167	196	289	585	2.5	4.0	4.0	5.0	3.0	5.0
19	4	20171201	1.5	23	155	143	308	384	465	4.0	4.0	2.0	3.5	1.0	4.5
19	1	20171202	0.5	161	161	248	194	171	359	4.5	2.0	5.0	0.5	1.5	2.0
19	6	20171203	3.5	179	112	154	265	390	115	4.5	3.5	4.0	1.5	1.0	2.0
19	4	20171204	5.0	142	160	300	156	496	571	3.5	4.0	1.0	3.5	0.5	3.0
19	5	20171205	2.0	174	118	237	260	393	110	1.0	4.0	4.5	3.0	2.0	4.0
19	2	20171206	1.5	145	168	275	284	199	401	3.5	1.5	4.0	1.5	5.0	4.0
19	1	20171207	1.0	176	193	217	267	495	349	5.0	1.5	3.0	2.5	5.0	4.0
19	6	20171208	4.5	224	145	162	185	154	118	4.0	4.5	1.0	3.5	2.0	0.5
19	5	20171209	4.5	185	108	259	316	278	216	2.0	2.5	3.0	0.5	2.5	2.5
19	3	20171210	1.5	123	193	161	120	391	456	2.5	1.0	2.5	5.0	0.5	5.0
19	5	20171211	2.0	207	153	122	188	186	463	0.5	2.5	2.0	2.0	5.0	5.0
19	2	20171212	3.0	175	145	190	193	152	258	3.5	3.5	4.5	2.5	4.0	3.5
19	1	20171213	4.0	163	159	173	361	266	339	3.0	4.5	2.5	2.0	3.5	1.0
19	2	20171214	4.5	197	142	118	125	267	136	4.5	1.0	1.5	1.0	4.0	5.0
19	1	20171215	0.5	161	128	146	356	376	450	4.0	0.5	2.5	3.0	3.0	1.0
19	4	20171216	2.5	158	129	298	127	208	519	3.0	5.0	4.5	4.5	2.5	4.0
19	4	20171217	5.0	143	103	101	308	276	294	2.0	5.0	3.0	3.5	0.5	4.5
19	6	20171218	3.5	108	156	144	374	240	564	3.0	2.0	0.5	2.5	4.5	4.5
19	4	20171219	3.5	188	106	224	114	112	380	0.5	0.5	4.5	3.0	4.0	1.5
19	2	20171220	1.5	120	118	152	320	474	322	4.5	3.0	3.5	1.5	4.5	2.5
19	5	20171221	5.0	148	122	244	304	247	379	4.5	3.5	3.5	3.0	4.0	3.0
19	5	20171222	4.0	145	200	194	133	253	519	3.5	1.0	2.5	2.5	3.0	1.5
19	4	20171223	2.0	214	113	190	229	226	262	2.5	4.0	1.0	3.5	3.0	3.0
19	3	20171224	3.0	133	189	103	136	300	215	4.5	3.0	5.0	2.0	1.5	3.0
19	4	20171225	2.0	208	191	220	210	457	451	1.0	5.0	4.5	3.5	4.0	0.5
19	1	20171226	1.0	210	188	226	115	256	494	1.0	5.0	5.0	4.5	2.5	2.5
19	6	20171227	1.5	213	173	271	342	161	516	1.0	4.5	3.5	2.0	5.0	2.5
19	1	20171228	2.5	195	167	238	390	368	118	1.0	3.5	2.0	2.5	2.5	1.0
19	2	20171229	2.5	201	108	270	305	468	544	2.0	2.5	3.5	2.0	5.0	4.5
19	4	20171230	0.5	125	138	126	379	160	128	4.0	2.0	3.0	0.5	3.0	2.5
19	5	20171231	2.0	164	200	278	193	419	494	1.0	0.5	2.0	0.5	4.0	3.0
19	3	20180101	3.0	212	141	119	247	264	129	4.0	4.5	5.0	3.0	3.0	1.0
19	3	20180102	2.0	169	155	288	338	191	176	2.5	2.5	4.0	3.0	2.5	1.0
19	2	20180103	1.5	162	155	277	389	111	227	1.5	4.0	2.5	3.5	3.5	1.5
19	4	20180104	4.0	181	189	223	279	222	153	2.5	1.5	3.0	1.0	2.5	3.5
19	2	20180105	2.5	204	121	297	344	418	149	1.0	1.0	1.5	2.5	4.5	1.5
19	3	20180106	4.0	151	127	217	111	200	329	1.5	3.0	5.0	3.5	2.5	3.0
19	1	20180107	1.0	158	108	190	302	343	515	2.5	1.5	4.5	1.0	3.5	3.5
19	4	20180108	2.5	128	141	164	341	437	459	2.5	2.0	2.0	1.5	5.0	4.5
19	2	20180109	4.5	181	156	104	334	126	272	4.5	3.5	2.0	2.0	5.0	3.0
19	5	20180110	5.0	163	156	141	146	322	133	2.5	4.5	2.5	5.0	2.0	1.5
19	4	20180111	2.5	183	117	165	388	113	166	3.0	2.0	1.0	4.5	4.5	4.5
19	1	20180112	3.5	136	183	173	304	385	479	5.0	0.5	4.5	1.0	0.5	1.5
19	2	20180113	3.5	196	110	219	286	152	431	1.5	2.0	0.5	0.5	5.0	4.0
19	3	20180114	3.0	148	117	175	214	441	220	4.5	2.5	4.0	2.0	4.5	0.5
19	1	20180115	3.5	123	137	183	229	310	349	2.5	3.0	3.0	5.0	4.5	1.5
19	6	20180116	3.5	156	173	285	230	461	297	1.0	5.0	1.5	3.0	5.0	0.5
19	5	20180117	3.0	200	188	178	392	393	244	4.5	3.5	2.5	5.0	5.0	1.5
19	1	20180118	0.5	215	138	246	192	120	477	3.0	3.5	2.0	3.5	3.5	5.0
19	1	20180119	4.5	144	189	105	393	447	207	3.5	4.0	2.5	3.0	3.5	2.0
19	5	20180120	5.0	220	164	223	396	462	498	0.5	5.0	1.5	3.0	5.0	0.5
19	2	20180121	1.5	176	154	248	160	118	396	4.5	4.0	2.0	2.0	0.5	1.0
19	2	20180122	3.5	180	169	165	352	129	236	2.0	4.0	2.0	5.0	2.0	4.5
19	5	20180123	1.5	175	144	297	103	131	177	3.5	3.0	4.5	0.5	1.0	3.0
19	4	20180124	5.0	176	174	153	205	398	347	4.5	0.5	2.5	1.0	3.0	1.5
19	3	20180125	0.5	196	150	155	323	206	368	2.0	5.0	2.5	4.0	3.0	5.0
19	3	20180126	4.5	164	169	257	140	411	128	4.5	0.5	1.0	1.0	3.5	2.5
19	3	20180127	4.0	186	119	164	218	236	508	0.5	3.5	4.5	1.0	1.5	2.5
19	2	20180128	0.5	131	163	141	250	138	320	2.0	1.5	4.0	3.5	4.0	0.5
19	4	20180129	4.5	179	134	230	219	429	131	1.0	3.5	1.0	1.5	4.0	1.5
19	1	20180130	2.0	165	138	165	276	316	596	4.5	1.0	1.0	1.0	1.0	5.0
19	4	20180131	0.5	169	131	264	318	333	148	3.0	1.0	3.5	5.0	0.5	3.5
20	4	20171201	2.5	28	104	230	182	130	373	0.5	4.0	0.5	3.5	5.0	1.0
20	5	20171202	3.5	115	194	137	102	161	493	3.0	0.5	1.0	2.0	3.5	1.5
20	1	20171203	3.5	230	185	103	310	412	442	3.0	5.0	1.5	4.0	4.0	1.5
20	2	20171204	2.0	202	167	118	375	169	405	1.0	0.5	2.5	2.5	4.0	1.0
20	1	20171205	3.5	202	191	219	326	147	305	3.5	2.5	3.5	5.0	1.5	1.5
20	4	20171206	4.5	209	101	141	354	240	161	2.0	1.5	3.0	3.0	3.0	3.5
20	2	20171207	2.0	117	119	100	164	489	271	3.0	4.5	0.5	3.5	3.0	2.0
20	4	20171208	4.5	124	132	229	160	411	500	4.0	4.0	5.0	4.0	2.0	4.5
20	2	20171209	1.0	151	134	152	309	234	279	4.5	2.5	1.5	4.0	0.5	2.0
20	4	20171210	3.0	146	114	159	108	218	247	5.0	5.0	5.0	4.5	5.0	3.5
20	5	20171211	5.0	136	124	273	361	412	330	3.5	2.0	1.0	1.0	4.0	1.0
20	5	20171212	1.0	146	168	103	130	299	306	3.5	0.5	5.0	1.0	4.0	0.5
20	5	20171213	3.0	206	163	232	336	225	525	3.5	2.0	0.5	1.5	1.5	5.0
20	6	20171214	3.5	168	132	211	127	337	124	3.5	0.5	3.0	1.0	4.5	3.5
20	2	20171215	2.5	159	144	114	325	459	211	2.0	1.5	2.0	0.5	3.5	5.0
20	6	20171216	4.0	159	128	252	146	227	438	0.5	4.5	3.0	5.0	1.5	2.0
20	3	20171217	4.0	164	129	182	285	482	321	3.0	1.0	3.5	4.5	3.5	4.5
20	2	20171218	1.5	146	183	197	186	249	231	0.5	2.5	1.5	4.5	3.5	2.0
20	2	20171219	2.0	206	130	100	115	282	500	1.5	3.5	2.0	4.0	3.0	2.5
20	6	20171220	3.0	170	155	223	342	443	223	1.5	1.0	4.5	4.5	0.5	5.0
20	6	20171221	4.5	176	199	188	386	379	386	1.5	5.0	5.0	2.0	1.0	2.5
20	6	20171222	2.0	234	195	178	204	407	216	4.0	3.0	4.0	3.5	4.0	3.5
20	6	20171223	1.5	209	198	194	109	389	227	2.0	4.5	4.0	5.0	3.5	1.5
20	3	20171224	4.5	233	139	276	182	271	385	4.0	4.5	1.0	3.5	3.5	3.0
20	3	20171225	1.0	154	196	157	281	413	374	2.0	0.5	2.0	5.0	3.5	1.0
20	2	20171226	0.5	235	162	220	137	461	554	1.5	1.5	4.0	2.0	5.0	2.5
20	6	20171227	1.5	167	195	115	241	305	225	4.5	0.5	3.0	2.0	3.5	5.0
20	5	20171228	2.5	215	189	134	270	421	479	4.5	4.5	3.0	3.0	4.0	2.5
20	2	20171229	3.5	224	126	234	282	342	200	2.5	2.0	0.5	2.5	2.5	0.5
20	1	20171230	4.0	163	132	235	318	490	359	3.0	2.0	1.5	3.0	1.0	5.0
20	2	20171231	2.0	152	192	139	344	316	388	5.0	4.0	3.0	0.5	5.0	1.0
20	5	20180101	3.0	209	119	140	359	176	218	1.5	1.5	3.0	3.5	0.5	1.0
20	3	20180102	0.5	154	200	148	125	192	129	2.5	4.0	4.0	5.0	1.5	3.5
20	2	20180103	4.5	238	131	213	217	283	230	3.5	2.0	1.5	0.5	1.5	2.5
20	4	20180104	3.5	137	109	299	382	130	307	5.0	1.0	4.5	2.0	0.5	3.0
20	4	20180105	2.5	119	163	223	241	416	313	5.0	1.0	1.5	3.5	2.5	2.0
20	1	20180106	5.0	173	189	180	304	251	297	1.0	0.5	3.0	3.5	4.5	4.0
20	5	20180107	3.0	226	184	112	158	204	287	2.0	1.5	0.5	0.5	2.0	2.5
20	3	20180108	3.0	195	131	111	342	385	238	3.5	1.5	1.5	5.0	5.0	5.0
20	2	20180109	2.5	153	135	140	216	332	476	2.5	3.5	2.5	5.0	2.0	2.5
20	5	20180110	3.5	148	128	124	341	321	529	4.0	3.0	2.5	4.0	1.5	1.0
20	4	20180111	3.0	162	114	103	210	186	262	1.5	4.5	4.0	1.0	4.0	1.5
20	6	20180112	3.0	144	161	134	172	208	439	1.0	1.0	4.0	0.5	2.0	5.0
20	1	20180113	5.0	199	112	217	391	452	598	1.0	2.0	2.5	2.0	2.5	2.0
20	6	20180114	0.5	142	124	270	391	139	371	1.5	4.0	2.5	5.0	4.5	1.5
20	1	20180115	0.5	162	141	290	311	123	290	0.5	3.0	2.0	2.5	3.5	5.0
20	3	20180116	0.5	174	173	296	200	339	244	1.5	3.5	1.5	0.5	4.0	1.0
20	5	20180117	2.5	193	195	299	166	130	106	4.5	4.5	1.0	3.5	3.5	0.5
20	1	20180118	1.5	233	167	162	288	451	395	3.5	2.5	1.0	2.0	1.0	2.0
20	1	20180119	0.5	195	138	269	270	335	265	2.5	3.5	5.0	2.5	3.0	2.0
20	6	20180120	2.5	149	127	208	255	297	222	2.0	5.0	2.5	3.5	1.5	2.5
20	3	20180121	5.0	146	145	107	241	224	342	3.5	2.0	2.0	0.5	5.0	1.0
20	1	20180122	5.0	167	164	107	365	164	372	1.0	3.5	1.0	1.0	4.5	1.5
20	2	20180123	1.0	181	176	114	250	350	273	1.0	2.5	3.5	3.5	5.0	5.0
20	5	20180124	4.0	199	132	155	351	341	291	4.5	1.0	5.0	4.0	3.0	1.0
20	5	20180125	3.0	167	110	186	305	218	533	2.5	2.5	1.5	3.0	3.5	4.0
20	5	20180126	0.5	147	174	184	213	130	164	3.0	2.5	4.0	4.0	3.5	3.5
20	4	20180127	5.0	186	155	280	194	398	436	4.5	4.0	3.5	2.0	4.5	3.0
20	5	20180128	1.5	161	175	146	339	411	435	5.0	2.0	1.5	3.0	3.0	1.5
20	2	20180129	0.5	204	177	166	163	358	573	3.5	1.0	2.5	4.5	4.5	3.5
20	4	20180130	1.5	190	152	195	284	289	472	3.0	3.0	2.5	2.0	2.5	1.0
20	5	20180131	3.5	172	128	139	207	133	368	3.5	4.0	4.0	4.5	0.5	1.5
