0	20171201	13	30	12	14	5	25	9	23	8	2018-01-16 15:46:03.804422
0	20171202	20	42	43	22	17	38	21	32	39	2018-01-16 15:46:03.804461
0	20171203	59	65	51	54	46	47	50	52	74	2018-01-16 15:46:03.804485
0	20171204	74	76	86	60	84	77	59	82	110	2018-01-16 15:46:03.804507
0	20171205	99	92	97	86	89	84	84	96	144	2018-01-16 15:46:03.804530
0	20171206	109	131	135	116	95	111	110	128	160	2018-01-16 15:46:03.804551
0	20171207	137	156	147	144	119	141	125	147	174	2018-01-16 15:46:03.804574
0	20171208	149	195	160	153	126	176	165	172	185	2018-01-16 15:46:03.804597
0	20171209	173	224	176	177	166	215	189	188	207	2018-01-16 15:46:03.804619
0	20171210	184	245	213	196	171	228	202	224	238	2018-01-16 15:46:03.804641
0	20171211	219	258	246	225	195	234	228	255	262	2018-01-16 15:46:03.804663
0	20171212	250	285	275	259	211	261	260	289	270	2018-01-16 15:46:03.804684
0	20171213	272	306	293	282	225	289	267	306	281	2018-01-16 15:46:03.804706
0	20171214	291	325	310	310	263	304	287	333	320	2018-01-16 15:46:03.804728
0	20171215	327	349	320	333	285	323	296	342	327	2018-01-16 15:46:03.804750
0	20171216	337	367	357	342	309	333	308	353	361	2018-01-16 15:46:03.804772
0	20171217	346	392	369	361	319	370	324	362	387	2018-01-16 15:46:03.804794
0	20171218	375	400	379	370	357	410	337	380	411	2018-01-16 15:46:03.804815
0	20171219	387	418	416	402	391	434	350	411	438	2018-01-16 15:46:03.804837
0	20171220	399	447	448	429	405	455	359	428	448	2018-01-16 15:46:03.804858
0	20171221	410	487	477	467	422	464	378	466	484	2018-01-16 15:46:03.804880
0	20171222	436	513	496	505	452	480	418	493	500	2018-01-16 15:46:03.804901
0	20171223	461	551	533	529	470	488	437	515	518	2018-01-16 15:46:03.804923
0	20171224	482	558	563	567	510	527	462	553	550	2018-01-16 15:46:03.804944
0	20171225	518	588	593	589	533	539	491	561	558	2018-01-16 15:46:03.804966
0	20171226	525	611	614	618	555	571	513	595	595	2018-01-16 15:46:03.804987
0	20171227	565	643	652	638	569	583	538	608	632	2018-01-16 15:46:03.805009
0	20171228	594	660	661	657	601	603	561	646	667	2018-01-16 15:46:03.805030
0	20171229	609	694	700	696	606	608	599	656	688	2018-01-16 15:46:03.805052
0	20171230	649	717	711	708	639	616	608	674	728	2018-01-16 15:46:03.805073
0	20171231	669	753	751	722	659	654	648	711	757	2018-01-16 15:46:03.805095
0	20180101	677	783	779	727	682	693	675	731	794	2018-01-16 15:46:03.805116
0	20180102	692	815	796	743	698	724	686	760	808	2018-01-16 15:46:03.805138
0	20180103	723	855	808	773	737	739	719	772	827	2018-01-16 15:46:03.805159
0	20180104	762	882	827	813	758	744	736	781	861	2018-01-16 15:46:03.805181
0	20180105	776	912	866	846	781	758	743	805	875	2018-01-16 15:46:03.805202
0	20180106	801	917	896	862	814	795	764	842	885	2018-01-16 15:46:03.805224
0	20180107	821	928	912	900	836	819	772	856	891	2018-01-16 15:46:03.805245
0	20180108	848	959	917	937	851	832	812	885	906	2018-01-16 15:46:03.805268
0	20180109	860	993	953	973	869	858	833	899	930	2018-01-16 15:46:03.805289
0	20180110	881	1021	992	990	881	897	857	938	949	2018-01-16 15:46:03.805311
0	20180111	921	1032	1004	1026	902	905	869	969	962	2018-01-16 15:46:03.805333
0	20180112	956	1069	1044	1062	929	928	888	987	993	2018-01-16 15:46:03.805354
0	20180113	972	1102	1071	1094	949	939	900	1016	1017	2018-01-16 15:46:03.805376
0	20180114	1010	1118	1076	1126	970	971	927	1053	1040	2018-01-16 15:46:03.805398
0	20180115	1046	1124	1083	1150	979	980	943	1085	1071	2018-01-16 15:46:03.805430
0	20180116	1074	1150	1092	1180	987	986	959	1099	1080	2018-01-16 15:46:03.805454
0	20180117	1083	1161	1129	1218	1003	1003	987	1134	1087	2018-01-16 15:46:03.805477
0	20180118	1118	1173	1156	1248	1038	1028	1007	1167	1095	2018-01-16 15:46:03.805500
0	20180119	1129	1195	1183	1276	1076	1041	1032	1177	1116	2018-01-16 15:46:03.805524
0	20180120	1159	1220	1210	1302	1112	1070	1057	1212	1132	2018-01-16 15:46:03.805557
0	20180121	1198	1230	1250	1307	1117	1077	1075	1235	1145	2018-01-16 15:46:03.805579
0	20180122	1214	1243	1266	1324	1148	1084	1107	1241	1150	2018-01-16 15:46:03.805600
0	20180123	1254	1248	1289	1359	1180	1095	1112	1268	1185	2018-01-16 15:46:03.805622
0	20180124	1259	1273	1309	1364	1196	1120	1134	1278	1198	2018-01-16 15:46:03.805643
0	20180125	1294	1279	1321	1401	1206	1136	1153	1283	1217	2018-01-16 15:46:03.805686
0	20180126	1313	1295	1330	1437	1232	1161	1184	1305	1255	2018-01-16 15:46:03.805710
0	20180127	1342	1323	1354	1446	1268	1200	1200	1331	1272	2018-01-16 15:46:03.805732
0	20180128	1382	1352	1378	1457	1290	1207	1239	1364	1297	2018-01-16 15:46:03.805754
0	20180129	1404	1373	1415	1486	1323	1221	1251	1395	1331	2018-01-16 15:46:03.805776
0	20180130	1412	1382	1454	1511	1328	1252	1288	1430	1337	2018-01-16 15:46:03.805797
0	20180131	1444	1412	1460	1530	1339	1286	1299	1455	1376	2018-01-16 15:46:03.805819
1	20171201	15	8	24	36	7	6	13	21	36	2018-01-16 15:46:03.805843
1	20171202	20	16	51	67	38	33	51	47	42	2018-01-16 15:46:03.805865
1	20171203	43	28	91	97	61	69	85	75	52	2018-01-16 15:46:03.805887
1	20171204	75	56	127	131	68	74	95	106	90	2018-01-16 15:46:03.805909
1	20171205	83	82	150	146	93	85	128	124	110	2018-01-16 15:46:03.805930
1	20171206	116	114	182	161	100	120	149	142	137	2018-01-16 15:46:03.805962
1	20171207	150	150	194	187	129	146	175	164	151	2018-01-16 15:46:03.805986
1	20171208	158	159	213	212	148	164	207	172	156	2018-01-16 15:46:03.806020
1	20171209	175	174	233	217	185	196	226	206	194	2018-01-16 15:46:03.806042
1	20171210	199	194	250	241	223	218	238	217	232	2018-01-16 15:46:03.806063
1	20171211	218	228	284	262	262	230	248	253	237	2018-01-16 15:46:03.806085
1	20171212	238	268	303	273	279	247	286	281	273	2018-01-16 15:46:03.806107
1	20171213	255	307	341	294	291	269	306	297	288	2018-01-16 15:46:03.806128
1	20171214	270	323	373	315	301	304	317	323	312	2018-01-16 15:46:03.806150
1	20171215	304	329	402	320	329	317	335	362	351	2018-01-16 15:46:03.806171
1	20171216	343	361	439	326	338	333	373	374	374	2018-01-16 15:46:03.806193
1	20171217	351	374	450	349	359	363	384	394	400	2018-01-16 15:46:03.806214
1	20171218	390	386	460	366	397	375	394	409	406	2018-01-16 15:46:03.806236
1	20171219	417	393	477	383	411	408	411	444	429	2018-01-16 15:46:03.806257
1	20171220	448	413	516	421	447	413	446	480	456	2018-01-16 15:46:03.806279
1	20171221	461	435	544	458	477	448	453	485	489	2018-01-16 15:46:03.806300
1	20171222	477	449	570	485	500	475	484	491	510	2018-01-16 15:46:03.806321
1	20171223	510	458	606	502	531	497	504	516	544	2018-01-16 15:46:03.806343
1	20171224	544	471	615	516	569	529	526	550	581	2018-01-16 15:46:03.806365
1	20171225	556	504	624	527	603	551	564	580	590	2018-01-16 15:46:03.806386
1	20171226	576	529	636	541	608	569	574	609	623	2018-01-16 15:46:03.806408
1	20171227	583	555	652	548	648	601	581	644	644	2018-01-16 15:46:03.806429
1	20171228	593	582	677	558	682	637	618	671	665	2018-01-16 15:46:03.806451
1	20171229	628	617	691	584	688	652	658	711	689	2018-01-16 15:46:03.806472
1	20171230	659	628	711	605	694	682	682	725	721	2018-01-16 15:46:03.806493
1	20171231	690	633	719	627	732	713	700	738	757	2018-01-16 15:46:03.806515
1	20180101	695	650	741	659	762	747	709	763	793	2018-01-16 15:46:03.806536
1	20180102	702	660	776	687	802	764	736	781	827	2018-01-16 15:46:03.806558
1	20180103	725	686	785	701	812	787	766	808	835	2018-01-16 15:46:03.806579
1	20180104	741	712	790	729	825	795	801	821	863	2018-01-16 15:46:03.806600
1	20180105	762	731	822	739	839	821	839	850	898	2018-01-16 15:46:03.806622
1	20180106	788	743	847	746	873	839	855	859	931	2018-01-16 15:46:03.806644
1	20180107	808	772	871	772	902	845	876	873	952	2018-01-16 15:46:03.806665
1	20180108	845	796	885	798	921	860	903	894	983	2018-01-16 15:46:03.806687
1	20180109	872	832	911	810	942	876	930	918	1014	2018-01-16 15:46:03.806709
1	20180110	899	866	936	837	962	902	948	946	1050	2018-01-16 15:46:03.806731
1	20180111	914	886	952	856	983	937	984	971	1060	2018-01-16 15:46:03.806752
1	20180112	949	900	991	881	1012	949	1004	987	1098	2018-01-16 15:46:03.806774
1	20180113	988	929	1004	887	1029	981	1023	1002	1121	2018-01-16 15:46:03.806795
1	20180114	1002	935	1022	912	1046	991	1035	1033	1156	2018-01-16 15:46:03.806817
1	20180115	1026	974	1041	922	1085	1000	1066	1073	1162	2018-01-16 15:46:03.806838
1	20180116	1048	999	1060	943	1098	1005	1086	1079	1175	2018-01-16 15:46:03.806877
1	20180117	1062	1004	1094	958	1135	1019	1116	1101	1212	2018-01-16 15:46:03.806901
1	20180118	1089	1036	1108	965	1155	1046	1141	1106	1227	2018-01-16 15:46:03.806923
1	20180119	1110	1074	1125	991	1180	1074	1161	1143	1234	2018-01-16 15:46:03.806945
1	20180120	1139	1106	1155	1006	1211	1095	1168	1157	1249	2018-01-16 15:46:03.806967
1	20180121	1157	1125	1179	1040	1227	1112	1179	1182	1270	2018-01-16 15:46:03.806988
1	20180122	1173	1159	1196	1058	1240	1117	1184	1193	1309	2018-01-16 15:46:03.807010
1	20180123	1213	1180	1201	1067	1247	1122	1214	1206	1339	2018-01-16 15:46:03.807032
1	20180124	1244	1211	1209	1091	1252	1161	1243	1220	1364	2018-01-16 15:46:03.807054
1	20180125	1269	1235	1237	1099	1267	1199	1250	1230	1393	2018-01-16 15:46:03.807075
1	20180126	1294	1254	1264	1138	1272	1206	1271	1246	1425	2018-01-16 15:46:03.807097
1	20180127	1325	1285	1273	1174	1282	1213	1310	1260	1453	2018-01-16 15:46:03.807119
1	20180128	1351	1320	1309	1182	1319	1220	1319	1283	1465	2018-01-16 15:46:03.807140
1	20180129	1372	1359	1332	1189	1326	1251	1356	1292	1475	2018-01-16 15:46:03.807162
1	20180130	1382	1393	1356	1207	1361	1268	1379	1311	1502	2018-01-16 15:46:03.807184
1	20180131	1407	1409	1366	1226	1401	1281	1409	1351	1507	2018-01-16 15:46:03.807205
2	20171201	13	14	17	29	16	12	18	8	17	2018-01-16 15:46:03.807228
2	20171202	53	46	30	37	53	40	29	42	23	2018-01-16 15:46:03.807250
2	20171203	64	52	56	48	70	56	46	54	48	2018-01-16 15:46:03.807271
2	20171204	78	79	94	68	84	72	83	83	88	2018-01-16 15:46:03.807293
2	20171205	100	96	130	94	111	101	122	94	109	2018-01-16 15:46:03.807337
2	20171206	120	130	153	131	136	136	141	111	129	2018-01-16 15:46:03.807372
2	20171207	138	149	182	146	170	165	176	142	167	2018-01-16 15:46:03.807394
2	20171208	160	154	206	162	194	204	191	170	201	2018-01-16 15:46:03.807416
2	20171209	173	168	243	189	210	243	221	192	234	2018-01-16 15:46:03.807439
2	20171210	208	198	263	211	218	264	252	229	260	2018-01-16 15:46:03.807461
2	20171211	224	212	301	224	234	271	267	235	272	2018-01-16 15:46:03.807483
2	20171212	230	235	330	262	245	287	294	264	291	2018-01-16 15:46:03.807505
2	20171213	249	245	370	288	255	309	322	279	306	2018-01-16 15:46:03.807526
2	20171214	273	280	376	309	284	321	333	289	325	2018-01-16 15:46:03.807548
2	20171215	292	313	415	339	316	326	371	327	364	2018-01-16 15:46:03.807570
2	20171216	329	328	438	346	343	335	386	341	377	2018-01-16 15:46:03.807591
2	20171217	362	345	476	358	373	365	407	373	414	2018-01-16 15:46:03.807613
2	20171218	399	365	495	397	400	375	415	403	442	2018-01-16 15:46:03.807635
2	20171219	422	384	523	423	418	406	438	413	469	2018-01-16 15:46:03.807656
2	20171220	430	417	540	440	439	446	451	424	508	2018-01-16 15:46:03.807678
2	20171221	461	425	573	473	478	478	468	452	513	2018-01-16 15:46:03.807699
2	20171222	477	435	593	492	493	490	496	490	541	2018-01-16 15:46:03.807721
2	20171223	496	468	618	502	529	497	515	529	561	2018-01-16 15:46:03.807742
2	20171224	510	500	646	539	563	524	538	542	578	2018-01-16 15:46:03.807764
2	20171225	522	538	663	574	596	549	549	554	586	2018-01-16 15:46:03.807785
2	20171226	555	566	695	580	627	556	561	577	624	2018-01-16 15:46:03.807807
2	20171227	561	596	703	604	644	588	572	594	662	2018-01-16 15:46:03.807828
2	20171228	587	613	723	619	664	609	605	603	677	2018-01-16 15:46:03.807850
2	20171229	623	651	731	645	681	640	624	629	706	2018-01-16 15:46:03.807872
2	20171230	663	689	762	663	705	678	650	648	714	2018-01-16 15:46:03.807893
2	20171231	698	717	791	689	710	699	675	686	727	2018-01-16 15:46:03.807915
2	20180101	730	728	825	721	728	709	683	696	748	2018-01-16 15:46:03.807936
2	20180102	743	750	832	739	740	714	722	729	788	2018-01-16 15:46:03.807958
2	20180103	777	777	840	758	764	734	732	748	816	2018-01-16 15:46:03.807979
2	20180104	790	782	862	777	779	747	759	764	835	2018-01-16 15:46:03.808001
2	20180105	823	807	874	790	816	787	794	784	858	2018-01-16 15:46:03.808022
2	20180106	843	839	890	807	829	809	802	797	863	2018-01-16 15:46:03.808044
2	20180107	871	868	921	837	836	840	820	832	874	2018-01-16 15:46:03.808065
2	20180108	895	893	954	848	859	860	827	837	880	2018-01-16 15:46:03.808105
2	20180109	900	921	973	871	875	874	866	851	916	2018-01-16 15:46:03.808129
2	20180110	911	949	988	899	892	903	890	867	931	2018-01-16 15:46:03.808151
2	20180111	950	985	1017	922	929	916	909	892	944	2018-01-16 15:46:03.808173
2	20180112	985	1012	1034	962	965	923	943	917	957	2018-01-16 15:46:03.808195
2	20180113	1015	1038	1068	973	974	958	978	923	991	2018-01-16 15:46:03.808216
2	20180114	1041	1050	1076	1003	1005	965	984	933	1018	2018-01-16 15:46:03.808249
2	20180115	1069	1065	1106	1043	1041	991	1020	972	1026	2018-01-16 15:46:03.808284
2	20180116	1095	1071	1127	1050	1056	1018	1031	1000	1059	2018-01-16 15:46:03.808305
2	20180117	1112	1094	1132	1068	1090	1033	1039	1018	1095	2018-01-16 15:46:03.808327
2	20180118	1126	1134	1164	1085	1111	1061	1067	1035	1110	2018-01-16 15:46:03.808349
2	20180119	1161	1174	1194	1121	1127	1068	1099	1049	1145	2018-01-16 15:46:03.808370
2	20180120	1186	1207	1215	1152	1156	1077	1134	1083	1161	2018-01-16 15:46:03.808392
2	20180121	1207	1223	1231	1187	1179	1115	1145	1108	1200	2018-01-16 15:46:03.808413
2	20180122	1231	1255	1270	1211	1218	1129	1178	1115	1220	2018-01-16 15:46:03.808435
2	20180123	1241	1294	1291	1249	1233	1165	1211	1142	1255	2018-01-16 15:46:03.808456
2	20180124	1252	1302	1314	1274	1267	1195	1225	1147	1266	2018-01-16 15:46:03.808478
2	20180125	1274	1310	1343	1310	1293	1233	1233	1186	1290	2018-01-16 15:46:03.808500
2	20180126	1297	1329	1371	1332	1332	1259	1264	1203	1312	2018-01-16 15:46:03.808521
2	20180127	1323	1336	1380	1367	1350	1284	1289	1215	1338	2018-01-16 15:46:03.808543
2	20180128	1356	1356	1386	1392	1356	1289	1295	1221	1366	2018-01-16 15:46:03.808565
2	20180129	1370	1387	1419	1409	1388	1315	1329	1254	1406	2018-01-16 15:46:03.808586
2	20180130	1391	1406	1456	1445	1396	1345	1342	1270	1446	2018-01-16 15:46:03.808608
2	20180131	1402	1434	1461	1453	1426	1353	1353	1290	1481	2018-01-16 15:46:03.808639
3	20171201	39	5	32	9	18	7	12	5	40	2018-01-16 15:46:03.808665
3	20171202	70	22	66	19	43	29	17	32	48	2018-01-16 15:46:03.808697
3	20171203	78	39	73	51	53	53	26	47	66	2018-01-16 15:46:03.808719
3	20171204	113	67	111	74	66	67	66	61	82	2018-01-16 15:46:03.808741
3	20171205	124	73	137	87	84	73	71	83	93	2018-01-16 15:46:03.808763
3	20171206	136	102	147	100	113	91	87	89	126	2018-01-16 15:46:03.808784
3	20171207	155	133	159	110	143	118	104	97	161	2018-01-16 15:46:03.808806
3	20171208	187	139	194	148	174	128	123	137	177	2018-01-16 15:46:03.808828
3	20171209	203	152	234	160	211	149	159	168	186	2018-01-16 15:46:03.808850
3	20171210	218	190	244	190	247	176	165	179	210	2018-01-16 15:46:03.808872
3	20171211	244	214	277	215	263	207	188	194	248	2018-01-16 15:46:03.808893
3	20171212	264	234	311	236	271	224	201	234	280	2018-01-16 15:46:03.808915
3	20171213	291	268	348	269	309	231	213	264	303	2018-01-16 15:46:03.808937
3	20171214	331	303	385	297	324	255	236	281	321	2018-01-16 15:46:03.808958
3	20171215	367	338	401	314	343	268	268	320	333	2018-01-16 15:46:03.808980
3	20171216	396	376	406	338	370	300	281	354	353	2018-01-16 15:46:03.809002
3	20171217	416	395	440	367	378	340	321	388	362	2018-01-16 15:46:03.809023
3	20171218	427	424	459	374	417	371	353	398	382	2018-01-16 15:46:03.809045
3	20171219	464	436	482	404	445	391	370	414	412	2018-01-16 15:46:03.809067
3	20171220	472	444	515	440	461	418	408	450	419	2018-01-16 15:46:03.809088
3	20171221	495	467	548	452	497	458	414	472	452	2018-01-16 15:46:03.809110
3	20171222	523	501	578	467	507	489	433	498	462	2018-01-16 15:46:03.809132
3	20171223	551	523	613	487	523	511	465	525	480	2018-01-16 15:46:03.809153
3	20171224	591	534	628	527	548	536	471	565	515	2018-01-16 15:46:03.809175
3	20171225	606	554	645	554	569	562	507	602	551	2018-01-16 15:46:03.809197
3	20171226	634	580	679	582	600	588	535	609	590	2018-01-16 15:46:03.809218
3	20171227	641	594	715	595	628	609	557	644	626	2018-01-16 15:46:03.809239
3	20171228	680	603	731	601	643	630	581	673	647	2018-01-16 15:46:03.809261
3	20171229	711	637	763	630	676	635	592	693	667	2018-01-16 15:46:03.809283
3	20171230	721	642	786	650	684	666	619	706	683	2018-01-16 15:46:03.809320
3	20171231	753	670	804	674	690	682	657	741	704	2018-01-16 15:46:03.809344
3	20180101	786	697	841	711	723	718	676	753	711	2018-01-16 15:46:03.809366
3	20180102	802	712	859	725	739	731	703	790	723	2018-01-16 15:46:03.809387
3	20180103	808	744	881	764	758	740	709	825	745	2018-01-16 15:46:03.809409
3	20180104	825	759	912	793	789	756	748	839	780	2018-01-16 15:46:03.809430
3	20180105	831	795	949	818	809	790	776	872	802	2018-01-16 15:46:03.809452
3	20180106	845	812	959	834	824	803	799	877	830	2018-01-16 15:46:03.809474
3	20180107	858	826	993	847	844	812	839	895	848	2018-01-16 15:46:03.809495
3	20180108	890	858	1033	862	880	822	865	931	876	2018-01-16 15:46:03.809517
3	20180109	929	883	1042	867	904	862	905	964	885	2018-01-16 15:46:03.809539
3	20180110	938	919	1073	892	941	871	937	986	890	2018-01-16 15:46:03.809561
3	20180111	972	952	1103	900	946	901	962	996	917	2018-01-16 15:46:03.809583
3	20180112	993	990	1115	906	963	919	993	1026	943	2018-01-16 15:46:03.809604
3	20180113	1020	1012	1155	915	1000	926	1020	1036	983	2018-01-16 15:46:03.809625
3	20180114	1040	1052	1168	946	1037	952	1060	1058	1013	2018-01-16 15:46:03.809647
3	20180115	1062	1085	1208	972	1064	967	1099	1094	1033	2018-01-16 15:46:03.809669
3	20180116	1089	1099	1244	1011	1095	1006	1123	1116	1046	2018-01-16 15:46:03.809691
3	20180117	1125	1135	1280	1050	1128	1026	1134	1139	1078	2018-01-16 15:46:03.809713
3	20180118	1164	1153	1285	1059	1156	1034	1155	1149	1103	2018-01-16 15:46:03.809734
3	20180119	1192	1177	1300	1075	1185	1059	1186	1189	1128	2018-01-16 15:46:03.809756
3	20180120	1217	1185	1322	1097	1219	1081	1205	1222	1143	2018-01-16 15:46:03.809777
3	20180121	1247	1196	1352	1132	1238	1102	1215	1232	1155	2018-01-16 15:46:03.809799
3	20180122	1273	1210	1377	1138	1278	1134	1221	1258	1194	2018-01-16 15:46:03.809821
3	20180123	1290	1224	1398	1168	1283	1154	1226	1281	1205	2018-01-16 15:46:03.809843
3	20180124	1308	1244	1409	1174	1298	1166	1251	1287	1227	2018-01-16 15:46:03.809864
3	20180125	1336	1271	1445	1211	1328	1184	1276	1311	1262	2018-01-16 15:46:03.809886
3	20180126	1365	1286	1466	1248	1368	1220	1301	1351	1275	2018-01-16 15:46:03.809907
3	20180127	1377	1291	1479	1282	1390	1259	1318	1386	1287	2018-01-16 15:46:03.809929
3	20180128	1411	1301	1492	1299	1398	1298	1351	1410	1321	2018-01-16 15:46:03.809950
3	20180129	1434	1311	1506	1331	1420	1309	1381	1425	1337	2018-01-16 15:46:03.809972
3	20180130	1447	1338	1529	1352	1460	1329	1418	1444	1364	2018-01-16 15:46:03.809993
3	20180131	1462	1361	1564	1365	1478	1356	1457	1451	1377	2018-01-16 15:46:03.810015
4	20171201	24	29	25	13	21	12	26	29	20	2018-01-16 15:46:03.810038
4	20171202	34	63	58	33	32	19	48	50	40	2018-01-16 15:46:03.810060
4	20171203	67	79	98	66	45	53	53	55	62	2018-01-16 15:46:03.810081
4	20171204	98	106	136	88	77	67	70	95	81	2018-01-16 15:46:03.810103
4	20171205	138	141	155	110	98	93	93	113	114	2018-01-16 15:46:03.810124
4	20171206	177	164	163	123	108	102	122	143	128	2018-01-16 15:46:03.810146
4	20171207	201	198	187	137	114	139	145	171	152	2018-01-16 15:46:03.810168
4	20171208	241	210	212	156	151	175	159	187	187	2018-01-16 15:46:03.810189
4	20171209	259	220	234	179	180	209	185	203	202	2018-01-16 15:46:03.810212
4	20171210	269	230	270	207	214	238	223	235	231	2018-01-16 15:46:03.810234
4	20171211	291	261	307	216	222	256	251	258	250	2018-01-16 15:46:03.810256
4	20171212	308	284	343	240	229	296	281	293	256	2018-01-16 15:46:03.810277
4	20171213	335	301	379	277	242	334	289	301	292	2018-01-16 15:46:03.810299
4	20171214	352	320	395	293	267	340	302	323	326	2018-01-16 15:46:03.810320
4	20171215	388	327	433	308	283	354	335	343	339	2018-01-16 15:46:03.810342
4	20171216	399	336	454	347	297	380	353	349	373	2018-01-16 15:46:03.810363
4	20171217	438	363	460	382	318	399	371	363	390	2018-01-16 15:46:03.810385
4	20171218	452	385	498	400	344	418	407	369	410	2018-01-16 15:46:03.810406
4	20171219	487	391	508	408	374	444	437	403	423	2018-01-16 15:46:03.810428
4	20171220	495	399	538	437	380	451	471	414	462	2018-01-16 15:46:03.810449
4	20171221	528	407	549	459	404	463	491	451	499	2018-01-16 15:46:03.810486
4	20171222	557	446	564	470	431	470	527	483	524	2018-01-16 15:46:03.810510
4	20171223	589	469	599	493	441	493	546	502	554	2018-01-16 15:46:03.810532
4	20171224	607	482	611	527	474	502	577	511	592	2018-01-16 15:46:03.810553
4	20171225	633	521	650	546	490	508	614	519	618	2018-01-16 15:46:03.810575
4	20171226	649	531	660	570	496	532	641	533	654	2018-01-16 15:46:03.810597
4	20171227	666	536	690	591	526	560	648	553	677	2018-01-16 15:46:03.810618
4	20171228	672	556	702	621	539	598	666	561	697	2018-01-16 15:46:03.810640
4	20171229	706	584	742	631	575	614	697	571	734	2018-01-16 15:46:03.810661
4	20171230	719	616	759	661	596	622	730	605	748	2018-01-16 15:46:03.810683
4	20171231	736	628	787	674	635	648	741	636	777	2018-01-16 15:46:03.810704
4	20180101	753	651	811	697	674	663	776	675	784	2018-01-16 15:46:03.810726
4	20180102	761	664	833	719	707	673	803	694	801	2018-01-16 15:46:03.810747
4	20180103	797	699	872	743	714	704	834	704	825	2018-01-16 15:46:03.810769
4	20180104	806	726	891	783	742	729	855	714	841	2018-01-16 15:46:03.810790
4	20180105	842	765	903	819	750	752	889	753	853	2018-01-16 15:46:03.810812
4	20180106	866	777	919	825	756	781	912	758	871	2018-01-16 15:46:03.810834
4	20180107	874	813	955	862	796	809	945	778	909	2018-01-16 15:46:03.810855
4	20180108	909	841	991	894	817	835	973	814	931	2018-01-16 15:46:03.810877
4	20180109	937	852	1003	930	851	853	1001	852	970	2018-01-16 15:46:03.810898
4	20180110	957	884	1040	953	883	893	1013	877	981	2018-01-16 15:46:03.810921
4	20180111	971	897	1063	990	920	905	1038	905	991	2018-01-16 15:46:03.810942
4	20180112	977	924	1068	1019	947	928	1057	918	1003	2018-01-16 15:46:03.810964
4	20180113	987	953	1103	1040	964	954	1086	947	1014	2018-01-16 15:46:03.810986
4	20180114	993	988	1109	1061	978	978	1107	954	1021	2018-01-16 15:46:03.811008
4	20180115	998	1010	1132	1070	1010	1014	1146	991	1059	2018-01-16 15:46:03.811029
4	20180116	1024	1028	1171	1090	1018	1044	1185	1005	1082	2018-01-16 15:46:03.811051
4	20180117	1038	1049	1176	1101	1047	1070	1210	1035	1099	2018-01-16 15:46:03.811073
4	20180118	1054	1060	1207	1116	1081	1098	1237	1055	1107	2018-01-16 15:46:03.811094
4	20180119	1069	1088	1236	1133	1093	1128	1264	1085	1128	2018-01-16 15:46:03.811116
4	20180120	1104	1127	1246	1140	1102	1157	1296	1107	1147	2018-01-16 15:46:03.811137
4	20180121	1115	1134	1280	1155	1114	1165	1303	1132	1166	2018-01-16 15:46:03.811159
4	20180122	1149	1161	1315	1162	1153	1174	1321	1151	1198	2018-01-16 15:46:03.811180
4	20180123	1155	1168	1335	1193	1172	1189	1349	1168	1229	2018-01-16 15:46:03.811202
4	20180124	1192	1183	1358	1212	1212	1213	1373	1194	1240	2018-01-16 15:46:03.811224
4	20180125	1207	1220	1397	1242	1239	1234	1405	1234	1247	2018-01-16 15:46:03.811245
4	20180126	1242	1260	1411	1255	1272	1268	1418	1266	1274	2018-01-16 15:46:03.811267
4	20180127	1253	1270	1442	1261	1304	1282	1449	1289	1288	2018-01-16 15:46:03.811288
4	20180128	1276	1275	1476	1291	1335	1301	1463	1313	1298	2018-01-16 15:46:03.811327
4	20180129	1304	1286	1503	1322	1342	1326	1499	1345	1310	2018-01-16 15:46:03.811352
4	20180130	1339	1295	1514	1335	1378	1360	1530	1367	1337	2018-01-16 15:46:03.811376
4	20180131	1355	1300	1520	1355	1411	1371	1556	1390	1343	2018-01-16 15:46:03.811399
5	20171201	28	33	20	32	21	32	25	22	7	2018-01-16 15:46:03.811424
5	20171202	39	70	36	55	34	60	43	34	34	2018-01-16 15:46:03.811448
5	20171203	75	101	50	70	59	85	77	71	47	2018-01-16 15:46:03.811480
5	20171204	90	120	65	95	99	92	89	106	71	2018-01-16 15:46:03.811502
5	20171205	103	126	97	101	124	104	129	113	76	2018-01-16 15:46:03.811524
5	20171206	137	148	120	114	132	142	137	135	104	2018-01-16 15:46:03.811546
5	20171207	177	154	157	143	154	176	170	157	126	2018-01-16 15:46:03.811568
5	20171208	187	162	168	172	163	196	201	175	155	2018-01-16 15:46:03.811589
5	20171209	216	201	189	208	169	232	221	189	176	2018-01-16 15:46:03.811611
5	20171210	231	223	220	248	205	257	259	197	205	2018-01-16 15:46:03.811633
5	20171211	242	263	258	286	224	297	273	237	216	2018-01-16 15:46:03.811672
5	20171212	267	300	296	323	253	327	278	245	232	2018-01-16 15:46:03.811696
5	20171213	296	332	311	332	279	362	304	257	267	2018-01-16 15:46:03.811718
5	20171214	306	357	322	370	315	398	320	272	280	2018-01-16 15:46:03.811739
5	20171215	345	371	346	390	341	438	335	288	298	2018-01-16 15:46:03.811761
5	20171216	353	388	386	430	376	450	368	319	307	2018-01-16 15:46:03.811782
5	20171217	387	423	424	452	388	483	374	341	324	2018-01-16 15:46:03.811804
5	20171218	398	458	446	484	418	513	392	358	329	2018-01-16 15:46:03.811826
5	20171219	417	473	478	524	450	534	416	388	358	2018-01-16 15:46:03.811847
5	20171220	435	500	490	530	485	554	437	395	370	2018-01-16 15:46:03.811869
5	20171221	463	523	516	551	507	586	453	432	400	2018-01-16 15:46:03.811890
5	20171222	499	534	538	563	524	622	469	441	418	2018-01-16 15:46:03.811912
5	20171223	532	566	560	569	538	655	481	455	451	2018-01-16 15:46:03.811933
5	20171224	545	580	591	585	577	672	496	473	479	2018-01-16 15:46:03.811955
5	20171225	559	591	628	614	590	696	531	498	494	2018-01-16 15:46:03.811976
5	20171226	574	626	662	633	626	702	557	520	522	2018-01-16 15:46:03.811998
5	20171227	584	656	691	655	656	726	572	557	560	2018-01-16 15:46:03.812020
5	20171228	619	678	726	673	663	739	581	577	570	2018-01-16 15:46:03.812041
5	20171229	653	697	748	711	682	754	607	604	596	2018-01-16 15:46:03.812063
5	20171230	686	713	767	726	691	780	644	618	628	2018-01-16 15:46:03.812084
5	20171231	714	742	778	748	698	819	675	643	652	2018-01-16 15:46:03.812106
5	20180101	751	780	803	763	705	846	709	678	690	2018-01-16 15:46:03.812128
5	20180102	768	788	832	773	742	861	741	711	712	2018-01-16 15:46:03.812149
5	20180103	803	796	841	793	757	880	746	723	747	2018-01-16 15:46:03.812171
5	20180104	819	828	857	799	765	903	767	756	783	2018-01-16 15:46:03.812193
5	20180105	829	845	884	827	801	918	795	771	801	2018-01-16 15:46:03.812214
5	20180106	868	855	891	851	815	926	820	790	819	2018-01-16 15:46:03.812236
5	20180107	878	885	910	889	836	936	839	801	856	2018-01-16 15:46:03.812257
5	20180108	886	925	919	911	861	954	850	826	880	2018-01-16 15:46:03.812279
5	20180109	917	957	928	931	875	976	889	831	894	2018-01-16 15:46:03.812300
5	20180110	945	966	936	942	901	990	924	850	918	2018-01-16 15:46:03.812333
5	20180111	965	984	957	960	926	1015	950	881	957	2018-01-16 15:46:03.812357
5	20180112	976	1006	993	968	965	1025	985	900	987	2018-01-16 15:46:03.812381
5	20180113	1009	1011	1006	981	974	1060	1018	940	1018	2018-01-16 15:46:03.812404
5	20180114	1020	1048	1037	1002	1008	1085	1030	960	1030	2018-01-16 15:46:03.812427
5	20180115	1059	1071	1043	1035	1040	1124	1045	965	1036	2018-01-16 15:46:03.812450
5	20180116	1097	1110	1074	1074	1052	1156	1077	999	1046	2018-01-16 15:46:03.812474
5	20180117	1117	1139	1106	1093	1082	1164	1109	1011	1067	2018-01-16 15:46:03.812497
5	20180118	1125	1161	1119	1101	1122	1178	1131	1018	1073	2018-01-16 15:46:03.812521
5	20180119	1147	1169	1129	1121	1153	1198	1160	1046	1097	2018-01-16 15:46:03.812544
5	20180120	1168	1204	1146	1157	1193	1237	1166	1086	1103	2018-01-16 15:46:03.812567
5	20180121	1185	1217	1163	1185	1232	1262	1203	1121	1127	2018-01-16 15:46:03.812591
5	20180122	1191	1245	1185	1203	1252	1278	1215	1141	1162	2018-01-16 15:46:03.812614
5	20180123	1226	1268	1209	1239	1266	1291	1252	1155	1174	2018-01-16 15:46:03.812637
5	20180124	1231	1299	1225	1255	1295	1303	1276	1171	1184	2018-01-16 15:46:03.812660
5	20180125	1240	1329	1232	1263	1316	1332	1312	1180	1194	2018-01-16 15:46:03.812684
5	20180126	1255	1349	1260	1298	1335	1349	1343	1192	1205	2018-01-16 15:46:03.812707
5	20180127	1279	1367	1289	1314	1358	1356	1357	1217	1238	2018-01-16 15:46:03.812731
5	20180128	1319	1390	1324	1336	1374	1395	1367	1231	1250	2018-01-16 15:46:03.812754
5	20180129	1339	1410	1363	1362	1407	1430	1399	1241	1267	2018-01-16 15:46:03.812777
5	20180130	1377	1446	1374	1372	1430	1442	1410	1269	1307	2018-01-16 15:46:03.812800
5	20180131	1408	1483	1413	1409	1443	1471	1432	1302	1345	2018-01-16 15:46:03.812824
6	20171201	10	17	32	20	35	5	9	12	33	2018-01-16 15:46:03.812848
6	20171202	32	51	51	33	70	31	42	47	48	2018-01-16 15:46:03.812889
6	20171203	66	71	78	39	88	40	47	80	61	2018-01-16 15:46:03.812914
6	20171204	77	91	110	71	100	69	70	87	80	2018-01-16 15:46:03.812938
6	20171205	91	121	138	90	119	100	104	119	117	2018-01-16 15:46:03.812961
6	20171206	111	157	164	98	136	128	138	140	146	2018-01-16 15:46:03.812985
6	20171207	147	174	181	115	159	164	160	145	152	2018-01-16 15:46:03.813008
6	20171208	176	214	214	152	168	198	199	165	184	2018-01-16 15:46:03.813031
6	20171209	213	222	242	182	178	211	211	176	203	2018-01-16 15:46:03.813054
6	20171210	238	240	262	199	187	251	232	187	227	2018-01-16 15:46:03.813078
6	20171211	275	255	275	209	206	261	255	209	264	2018-01-16 15:46:03.813102
6	20171212	289	261	285	224	243	278	282	249	302	2018-01-16 15:46:03.813125
6	20171213	327	291	310	244	278	300	305	256	340	2018-01-16 15:46:03.813149
6	20171214	361	302	337	275	295	328	338	275	365	2018-01-16 15:46:03.813172
6	20171215	389	314	371	298	305	352	354	315	371	2018-01-16 15:46:03.813196
6	20171216	402	350	397	336	342	360	379	336	385	2018-01-16 15:46:03.813219
6	20171217	420	384	403	368	375	366	418	364	405	2018-01-16 15:46:03.813242
6	20171218	436	413	435	374	413	405	436	382	428	2018-01-16 15:46:03.813265
6	20171219	469	449	466	399	426	428	476	395	449	2018-01-16 15:46:03.813289
6	20171220	487	455	480	426	441	446	484	422	483	2018-01-16 15:46:03.813312
6	20171221	516	474	518	431	446	481	522	428	519	2018-01-16 15:46:03.813335
6	20171222	542	502	536	451	471	513	539	466	546	2018-01-16 15:46:03.813359
6	20171223	579	518	567	488	497	537	568	497	583	2018-01-16 15:46:03.813382
6	20171224	604	548	592	504	533	552	586	503	591	2018-01-16 15:46:03.813405
6	20171225	620	571	606	530	571	559	618	534	596	2018-01-16 15:46:03.813429
6	20171226	660	611	637	552	593	566	633	544	602	2018-01-16 15:46:03.813452
6	20171227	688	645	644	587	607	604	654	550	609	2018-01-16 15:46:03.813475
6	20171228	696	659	668	594	644	614	672	578	648	2018-01-16 15:46:03.813498
6	20171229	710	697	687	601	659	649	677	618	674	2018-01-16 15:46:03.813522
6	20171230	741	713	720	624	667	659	707	655	711	2018-01-16 15:46:03.813545
6	20171231	770	752	727	640	680	693	729	674	723	2018-01-16 15:46:03.813568
6	20180101	798	762	753	670	716	708	735	714	760	2018-01-16 15:46:03.813591
6	20180102	836	769	786	688	745	743	769	725	774	2018-01-16 15:46:03.813615
6	20180103	856	791	797	714	775	779	801	751	802	2018-01-16 15:46:03.813638
6	20180104	890	811	812	748	811	807	815	784	811	2018-01-16 15:46:03.813661
6	20180105	910	836	829	788	845	826	829	823	851	2018-01-16 15:46:03.813684
6	20180106	943	868	841	793	864	863	839	857	883	2018-01-16 15:46:03.813708
6	20180107	951	887	847	814	902	895	866	883	900	2018-01-16 15:46:03.813731
6	20180108	984	897	856	843	942	931	883	892	905	2018-01-16 15:46:03.813754
6	20180109	994	905	876	865	967	969	900	921	942	2018-01-16 15:46:03.813778
6	20180110	1032	911	907	876	976	975	919	955	978	2018-01-16 15:46:03.813802
6	20180111	1072	933	940	912	1013	986	927	974	1011	2018-01-16 15:46:03.813826
6	20180112	1098	938	966	932	1030	997	934	985	1050	2018-01-16 15:46:03.813849
6	20180113	1110	947	975	969	1061	1030	960	993	1085	2018-01-16 15:46:03.813873
6	20180114	1117	964	990	1005	1090	1041	999	1029	1118	2018-01-16 15:46:03.813896
6	20180115	1151	991	1009	1010	1110	1052	1035	1046	1157	2018-01-16 15:46:03.813920
6	20180116	1179	996	1027	1025	1146	1074	1074	1062	1185	2018-01-16 15:46:03.813944
6	20180117	1197	1014	1065	1046	1166	1082	1102	1102	1207	2018-01-16 15:46:03.813968
6	20180118	1217	1032	1076	1058	1198	1098	1131	1119	1221	2018-01-16 15:46:03.813992
6	20180119	1227	1053	1108	1088	1236	1117	1169	1134	1244	2018-01-16 15:46:03.814016
6	20180120	1244	1069	1124	1095	1249	1154	1178	1140	1254	2018-01-16 15:46:03.814040
6	20180121	1273	1096	1140	1135	1287	1188	1192	1148	1262	2018-01-16 15:46:03.814064
6	20180122	1311	1123	1159	1172	1313	1199	1211	1154	1281	2018-01-16 15:46:03.814088
6	20180123	1330	1136	1185	1202	1341	1232	1220	1171	1306	2018-01-16 15:46:03.814113
6	20180124	1351	1171	1202	1215	1369	1272	1253	1195	1341	2018-01-16 15:46:03.814137
6	20180125	1368	1210	1217	1245	1409	1311	1258	1205	1356	2018-01-16 15:46:03.814185
6	20180126	1408	1230	1255	1281	1432	1336	1285	1227	1370	2018-01-16 15:46:03.814210
6	20180127	1439	1262	1265	1316	1441	1348	1298	1232	1409	2018-01-16 15:46:03.814234
6	20180128	1452	1297	1278	1336	1451	1362	1335	1241	1436	2018-01-16 15:46:03.814257
6	20180129	1489	1320	1310	1348	1476	1369	1375	1260	1473	2018-01-16 15:46:03.814281
6	20180130	1519	1358	1346	1378	1491	1398	1383	1290	1512	2018-01-16 15:46:03.814304
6	20180131	1535	1364	1364	1397	1499	1438	1404	1320	1533	2018-01-16 15:46:03.814328
7	20171201	11	22	35	13	6	27	34	20	7	2018-01-16 15:46:03.814353
7	20171202	28	46	70	49	39	64	53	41	17	2018-01-16 15:46:03.814380
7	20171203	64	83	98	59	58	70	58	54	40	2018-01-16 15:46:03.814419
7	20171204	70	101	132	74	68	87	79	84	63	2018-01-16 15:46:03.814469
7	20171205	82	124	153	93	98	118	107	120	75	2018-01-16 15:46:03.814520
7	20171206	114	129	180	98	129	153	141	155	94	2018-01-16 15:46:03.814546
7	20171207	150	162	191	133	160	182	180	161	100	2018-01-16 15:46:03.814569
7	20171208	171	194	229	156	197	214	199	179	129	2018-01-16 15:46:03.814591
7	20171209	196	208	269	189	212	252	204	201	162	2018-01-16 15:46:03.814613
7	20171210	210	237	276	211	237	288	209	222	186	2018-01-16 15:46:03.814635
7	20171211	227	275	299	250	259	303	241	230	197	2018-01-16 15:46:03.814658
7	20171212	255	304	312	268	289	337	247	240	226	2018-01-16 15:46:03.814682
7	20171213	290	331	338	296	325	353	285	275	253	2018-01-16 15:46:03.814704
7	20171214	307	351	354	309	365	367	324	301	290	2018-01-16 15:46:03.814727
7	20171215	346	378	367	331	404	384	357	331	308	2018-01-16 15:46:03.814749
7	20171216	358	391	382	359	414	396	368	336	323	2018-01-16 15:46:03.814772
7	20171217	392	397	405	390	421	435	392	348	339	2018-01-16 15:46:03.814794
7	20171218	422	415	444	423	433	445	407	373	372	2018-01-16 15:46:03.814816
7	20171219	448	437	465	453	468	480	429	403	378	2018-01-16 15:46:03.814839
7	20171220	471	443	475	463	503	510	448	443	383	2018-01-16 15:46:03.814862
7	20171221	504	478	497	503	523	522	467	448	405	2018-01-16 15:46:03.814884
7	20171222	525	499	502	527	549	559	487	462	441	2018-01-16 15:46:03.814907
7	20171223	558	522	523	542	573	568	494	483	476	2018-01-16 15:46:03.814930
7	20171224	589	560	539	566	604	590	505	514	511	2018-01-16 15:46:03.814953
7	20171225	611	576	553	580	615	620	545	550	535	2018-01-16 15:46:03.814975
7	20171226	639	611	590	590	648	647	563	588	542	2018-01-16 15:46:03.814999
7	20171227	654	648	596	596	665	685	579	602	556	2018-01-16 15:46:03.815021
7	20171228	662	673	614	614	670	710	587	627	561	2018-01-16 15:46:03.815044
7	20171229	693	711	643	652	691	723	605	658	574	2018-01-16 15:46:03.815067
7	20171230	711	750	656	674	704	743	643	666	603	2018-01-16 15:46:03.815089
7	20171231	734	763	678	707	714	781	679	689	622	2018-01-16 15:46:03.815112
7	20180101	741	803	684	715	735	809	694	696	645	2018-01-16 15:46:03.815134
7	20180102	748	810	713	722	757	819	701	729	672	2018-01-16 15:46:03.815157
7	20180103	755	828	718	730	797	826	706	752	700	2018-01-16 15:46:03.815179
7	20180104	790	855	750	740	828	852	714	776	714	2018-01-16 15:46:03.815201
7	20180105	809	874	774	751	865	886	729	791	749	2018-01-16 15:46:03.815224
7	20180106	820	910	811	783	891	904	754	823	761	2018-01-16 15:46:03.815246
7	20180107	851	938	844	799	909	941	793	828	775	2018-01-16 15:46:03.815268
7	20180108	865	968	866	821	947	971	824	852	783	2018-01-16 15:46:03.815290
7	20180109	883	981	896	844	954	996	850	879	802	2018-01-16 15:46:03.815340
7	20180110	910	1012	928	855	968	1034	856	909	809	2018-01-16 15:46:03.815367
7	20180111	915	1048	953	878	1000	1053	869	930	824	2018-01-16 15:46:03.815405
7	20180112	924	1056	987	892	1005	1076	886	939	854	2018-01-16 15:46:03.815427
7	20180113	940	1070	1012	918	1012	1086	919	962	860	2018-01-16 15:46:03.815450
7	20180114	966	1101	1022	956	1042	1126	959	998	900	2018-01-16 15:46:03.815472
7	20180115	999	1109	1031	986	1079	1140	997	1018	924	2018-01-16 15:46:03.815507
7	20180116	1011	1129	1045	1015	1098	1172	1025	1049	949	2018-01-16 15:46:03.815532
7	20180117	1046	1152	1085	1050	1135	1180	1065	1086	961	2018-01-16 15:46:03.815638
7	20180118	1062	1185	1103	1060	1148	1211	1089	1096	968	2018-01-16 15:46:03.815676
7	20180119	1098	1213	1122	1081	1184	1229	1096	1136	1007	2018-01-16 15:46:03.815718
7	20180120	1125	1231	1135	1089	1208	1266	1107	1166	1031	2018-01-16 15:46:03.815768
7	20180121	1138	1267	1172	1102	1241	1274	1147	1187	1039	2018-01-16 15:46:03.815794
7	20180122	1178	1279	1197	1117	1258	1306	1169	1204	1064	2018-01-16 15:46:03.815823
7	20180123	1188	1300	1229	1122	1268	1323	1193	1232	1078	2018-01-16 15:46:03.815880
7	20180124	1197	1336	1265	1129	1289	1353	1213	1248	1083	2018-01-16 15:46:03.815930
7	20180125	1214	1351	1304	1164	1300	1379	1238	1278	1110	2018-01-16 15:46:03.815974
7	20180126	1234	1388	1332	1190	1319	1385	1266	1306	1119	2018-01-16 15:46:03.816014
7	20180127	1251	1421	1340	1197	1328	1405	1279	1334	1153	2018-01-16 15:46:03.816054
7	20180128	1287	1438	1357	1228	1347	1432	1286	1344	1165	2018-01-16 15:46:03.816100
7	20180129	1326	1455	1370	1266	1384	1453	1297	1349	1203	2018-01-16 15:46:03.816152
7	20180130	1346	1469	1386	1284	1422	1483	1324	1384	1230	2018-01-16 15:46:03.816192
7	20180131	1382	1488	1407	1313	1444	1505	1335	1410	1244	2018-01-16 15:46:03.816232
8	20171201	31	22	30	8	18	12	32	31	37	2018-01-16 15:46:03.816278
8	20171202	70	39	39	39	38	27	46	70	57	2018-01-16 15:46:03.816324
8	20171203	98	54	59	63	71	40	68	93	66	2018-01-16 15:46:03.816350
8	20171204	103	65	90	78	106	68	78	108	71	2018-01-16 15:46:03.816385
8	20171205	135	99	119	90	128	108	117	130	84	2018-01-16 15:46:03.816441
8	20171206	147	126	145	130	143	139	136	158	89	2018-01-16 15:46:03.816483
8	20171207	154	150	182	136	173	168	155	186	120	2018-01-16 15:46:03.816523
8	20171208	164	168	200	151	206	202	190	211	158	2018-01-16 15:46:03.816562
8	20171209	179	180	216	156	226	233	210	223	163	2018-01-16 15:46:03.816605
8	20171210	218	188	234	179	238	258	240	243	183	2018-01-16 15:46:03.816647
8	20171211	243	220	267	188	265	270	254	255	215	2018-01-16 15:46:03.816687
8	20171212	276	252	290	208	288	293	268	275	227	2018-01-16 15:46:03.816726
8	20171213	313	277	317	232	312	331	289	313	235	2018-01-16 15:46:03.816760
8	20171214	318	309	322	267	321	348	329	318	249	2018-01-16 15:46:03.816815
8	20171215	358	346	360	298	355	355	341	335	271	2018-01-16 15:46:03.816916
8	20171216	380	354	371	313	365	392	347	345	278	2018-01-16 15:46:03.816966
8	20171217	397	393	397	341	380	418	382	376	290	2018-01-16 15:46:03.817005
8	20171218	434	428	405	369	389	439	410	413	307	2018-01-16 15:46:03.817046
8	20171219	460	433	412	386	419	467	450	433	319	2018-01-16 15:46:03.817088
8	20171220	491	455	422	391	456	474	473	449	349	2018-01-16 15:46:03.817131
8	20171221	514	488	446	413	488	500	485	486	360	2018-01-16 15:46:03.817174
8	20171222	519	505	468	420	507	505	517	496	366	2018-01-16 15:46:03.817214
8	20171223	550	542	505	432	518	525	533	527	406	2018-01-16 15:46:03.817255
8	20171224	578	557	545	469	553	563	548	541	424	2018-01-16 15:46:03.817297
8	20171225	609	592	569	481	561	570	560	565	464	2018-01-16 15:46:03.817351
8	20171226	630	619	588	508	598	604	595	592	469	2018-01-16 15:46:03.817383
8	20171227	656	657	600	529	631	615	608	632	491	2018-01-16 15:46:03.817408
8	20171228	683	696	634	569	655	629	627	659	527	2018-01-16 15:46:03.817433
8	20171229	707	709	646	608	695	638	645	699	549	2018-01-16 15:46:03.817457
8	20171230	739	730	662	625	713	643	676	717	583	2018-01-16 15:46:03.817483
8	20171231	773	754	690	650	753	683	715	734	610	2018-01-16 15:46:03.817520
8	20180101	808	775	717	656	785	697	732	760	647	2018-01-16 15:46:03.817560
8	20180102	820	780	742	684	799	735	756	766	681	2018-01-16 15:46:03.817611
8	20180103	840	809	758	708	830	755	785	779	703	2018-01-16 15:46:03.817642
8	20180104	860	820	771	717	861	774	808	810	727	2018-01-16 15:46:03.817666
8	20180105	893	838	792	743	897	810	848	818	734	2018-01-16 15:46:03.817688
8	20180106	902	851	831	763	909	818	869	857	741	2018-01-16 15:46:03.817710
8	20180107	909	891	844	770	922	854	889	888	753	2018-01-16 15:46:03.817732
8	20180108	917	902	865	777	949	866	897	919	759	2018-01-16 15:46:03.817791
8	20180109	954	923	885	816	970	878	935	931	795	2018-01-16 15:46:03.817815
8	20180110	965	935	922	848	975	897	946	949	829	2018-01-16 15:46:03.817837
8	20180111	991	972	929	879	997	922	971	974	837	2018-01-16 15:46:03.817860
8	20180112	1017	994	943	912	1022	959	998	984	847	2018-01-16 15:46:03.817881
8	20180113	1036	1005	971	948	1060	984	1017	997	881	2018-01-16 15:46:03.817904
8	20180114	1068	1043	976	954	1065	989	1047	1011	899	2018-01-16 15:46:03.817927
8	20180115	1102	1081	998	986	1087	1001	1053	1030	935	2018-01-16 15:46:03.817948
8	20180116	1108	1096	1029	1026	1104	1036	1091	1058	962	2018-01-16 15:46:03.817970
8	20180117	1125	1119	1060	1032	1120	1053	1101	1091	998	2018-01-16 15:46:03.817992
8	20180118	1146	1155	1083	1047	1144	1076	1106	1124	1011	2018-01-16 15:46:03.818014
8	20180119	1168	1183	1123	1061	1175	1100	1115	1132	1023	2018-01-16 15:46:03.818036
8	20180120	1208	1217	1149	1074	1182	1126	1151	1147	1037	2018-01-16 15:46:03.818058
8	20180121	1214	1255	1178	1101	1219	1135	1187	1179	1063	2018-01-16 15:46:03.818080
8	20180122	1249	1272	1204	1117	1248	1147	1219	1184	1091	2018-01-16 15:46:03.818102
8	20180123	1278	1285	1224	1126	1273	1175	1243	1201	1114	2018-01-16 15:46:03.818124
8	20180124	1317	1292	1229	1141	1278	1212	1258	1218	1147	2018-01-16 15:46:03.818146
8	20180125	1324	1315	1244	1150	1295	1220	1284	1249	1171	2018-01-16 15:46:03.818167
8	20180126	1360	1347	1282	1157	1323	1235	1294	1272	1189	2018-01-16 15:46:03.818189
8	20180127	1365	1356	1293	1170	1348	1249	1299	1308	1210	2018-01-16 15:46:03.818211
8	20180128	1405	1373	1328	1196	1388	1254	1325	1339	1237	2018-01-16 15:46:03.818232
8	20180129	1426	1402	1358	1228	1402	1291	1356	1363	1254	2018-01-16 15:46:03.818254
8	20180130	1460	1423	1386	1259	1411	1307	1382	1403	1276	2018-01-16 15:46:03.818276
8	20180131	1483	1459	1393	1292	1420	1323	1403	1436	1309	2018-01-16 15:46:03.818298
9	20171201	18	21	18	20	10	16	8	36	18	2018-01-16 15:46:03.818337
9	20171202	42	43	50	29	30	54	24	62	47	2018-01-16 15:46:03.818361
9	20171203	61	66	72	39	64	71	43	95	59	2018-01-16 15:46:03.818384
9	20171204	91	78	102	54	80	107	62	115	71	2018-01-16 15:46:03.818407
9	20171205	122	88	134	90	89	112	95	145	107	2018-01-16 15:46:03.818431
9	20171206	162	100	171	128	114	126	104	161	118	2018-01-16 15:46:03.818455
9	20171207	198	111	197	140	152	151	123	174	134	2018-01-16 15:46:03.818478
9	20171208	209	147	207	153	166	158	155	199	153	2018-01-16 15:46:03.818502
9	20171209	231	176	224	168	183	177	186	212	168	2018-01-16 15:46:03.818525
9	20171210	243	191	230	198	192	211	209	222	191	2018-01-16 15:46:03.818549
9	20171211	261	226	250	225	228	243	249	252	215	2018-01-16 15:46:03.818573
9	20171212	293	252	273	233	254	267	284	268	247	2018-01-16 15:46:03.818597
9	20171213	306	258	278	241	291	294	312	273	271	2018-01-16 15:46:03.818620
9	20171214	318	290	317	268	327	331	331	300	290	2018-01-16 15:46:03.818643
9	20171215	346	315	354	289	365	341	362	327	323	2018-01-16 15:46:03.818667
9	20171216	358	320	389	294	383	364	384	357	340	2018-01-16 15:46:03.818690
9	20171217	374	340	403	310	388	397	420	397	350	2018-01-16 15:46:03.818714
9	20171218	395	373	410	325	405	434	448	414	357	2018-01-16 15:46:03.818737
9	20171219	423	392	448	342	427	462	477	438	378	2018-01-16 15:46:03.818760
9	20171220	459	425	487	377	465	502	507	477	411	2018-01-16 15:46:03.818784
9	20171221	483	438	515	390	500	513	544	514	422	2018-01-16 15:46:03.818808
9	20171222	511	473	549	411	535	518	579	533	456	2018-01-16 15:46:03.818838
9	20171223	525	483	584	422	555	555	608	572	496	2018-01-16 15:46:03.818862
9	20171224	550	519	619	446	580	570	636	594	534	2018-01-16 15:46:03.818888
9	20171225	571	527	656	475	586	610	673	628	574	2018-01-16 15:46:03.818914
9	20171226	591	548	669	490	591	636	684	634	586	2018-01-16 15:46:03.818941
9	20171227	596	559	700	512	622	647	713	640	608	2018-01-16 15:46:03.818966
9	20171228	627	569	721	537	628	685	725	650	631	2018-01-16 15:46:03.818990
9	20171229	642	596	756	555	651	691	733	658	663	2018-01-16 15:46:03.819016
9	20171230	661	613	768	568	666	717	745	695	673	2018-01-16 15:46:03.819092
9	20171231	675	629	788	597	700	750	769	726	682	2018-01-16 15:46:03.819120
9	20180101	704	669	797	629	713	790	779	742	722	2018-01-16 15:46:03.819145
9	20180102	743	707	830	660	719	819	796	769	757	2018-01-16 15:46:03.819169
9	20180103	755	734	868	699	734	853	819	801	780	2018-01-16 15:46:03.819194
9	20180104	783	769	891	719	743	863	829	823	815	2018-01-16 15:46:03.819219
9	20180105	811	787	914	747	755	872	837	851	833	2018-01-16 15:46:03.819243
9	20180106	835	823	921	780	787	892	843	861	861	2018-01-16 15:46:03.819268
9	20180107	841	833	953	814	818	908	865	891	888	2018-01-16 15:46:03.819293
9	20180108	874	850	993	824	826	934	893	917	927	2018-01-16 15:46:03.819348
9	20180109	889	878	1031	861	851	972	919	925	945	2018-01-16 15:46:03.819392
9	20180110	900	897	1046	867	865	985	945	965	982	2018-01-16 15:46:03.819416
9	20180111	920	930	1063	895	872	996	966	974	1010	2018-01-16 15:46:03.819443
9	20180112	952	948	1092	900	908	1006	989	1001	1030	2018-01-16 15:46:03.819486
9	20180113	975	967	1112	929	913	1036	1021	1040	1046	2018-01-16 15:46:03.819533
9	20180114	1006	982	1148	968	926	1065	1058	1062	1051	2018-01-16 15:46:03.819599
9	20180115	1028	1015	1184	973	940	1088	1072	1101	1080	2018-01-16 15:46:03.819638
9	20180116	1054	1045	1195	1008	964	1100	1111	1109	1120	2018-01-16 15:46:03.819667
9	20180117	1067	1053	1231	1037	984	1115	1135	1128	1154	2018-01-16 15:46:03.819719
9	20180118	1100	1067	1271	1058	998	1131	1168	1152	1189	2018-01-16 15:46:03.819781
9	20180119	1132	1090	1284	1064	1031	1164	1181	1182	1229	2018-01-16 15:46:03.819826
9	20180120	1156	1105	1292	1100	1040	1204	1201	1210	1246	2018-01-16 15:46:03.819852
9	20180121	1178	1128	1303	1133	1080	1239	1224	1240	1253	2018-01-16 15:46:03.819876
9	20180122	1187	1138	1335	1160	1100	1260	1244	1268	1290	2018-01-16 15:46:03.819899
9	20180123	1214	1174	1342	1173	1128	1297	1284	1289	1311	2018-01-16 15:46:03.819931
9	20180124	1232	1193	1366	1209	1137	1308	1308	1302	1318	2018-01-16 15:46:03.819977
9	20180125	1249	1205	1398	1246	1150	1345	1327	1326	1336	2018-01-16 15:46:03.820020
9	20180126	1264	1228	1434	1255	1157	1357	1338	1364	1351	2018-01-16 15:46:03.820081
9	20180127	1277	1252	1472	1285	1163	1368	1348	1376	1371	2018-01-16 15:46:03.820142
9	20180128	1292	1268	1500	1302	1199	1382	1360	1384	1392	2018-01-16 15:46:03.820193
9	20180129	1305	1307	1521	1330	1213	1392	1380	1392	1412	2018-01-16 15:46:03.820230
9	20180130	1315	1321	1542	1356	1251	1405	1420	1400	1440	2018-01-16 15:46:03.820259
9	20180131	1340	1338	1578	1389	1275	1424	1436	1408	1465	2018-01-16 15:46:03.820287
10	20171201	29	39	33	36	10	33	28	30	37	2018-01-16 15:46:03.820319
10	20171202	64	68	69	71	49	65	41	70	61	2018-01-16 15:46:03.820347
10	20171203	91	88	94	85	65	97	51	97	91	2018-01-16 15:46:03.820448
10	20171204	127	118	116	99	81	110	73	112	96	2018-01-16 15:46:03.820493
10	20171205	142	158	143	115	113	134	88	146	106	2018-01-16 15:46:03.820525
10	20171206	175	182	183	132	150	160	104	177	132	2018-01-16 15:46:03.820555
10	20171207	186	216	203	166	182	190	117	215	158	2018-01-16 15:46:03.820584
10	20171208	224	242	236	171	215	203	131	232	187	2018-01-16 15:46:03.820611
10	20171209	237	252	245	196	230	211	141	253	206	2018-01-16 15:46:03.820638
10	20171210	249	264	275	224	254	225	168	285	234	2018-01-16 15:46:03.820677
10	20171211	280	279	280	247	268	236	201	293	262	2018-01-16 15:46:03.820733
10	20171212	295	307	312	274	306	270	218	298	295	2018-01-16 15:46:03.820769
10	20171213	313	317	351	296	328	299	253	321	323	2018-01-16 15:46:03.820804
10	20171214	340	341	388	322	361	332	281	347	348	2018-01-16 15:46:03.820833
10	20171215	355	365	410	355	392	361	316	383	361	2018-01-16 15:46:03.820860
10	20171216	395	393	447	368	397	396	353	389	377	2018-01-16 15:46:03.820887
10	20171217	411	425	478	375	427	426	378	414	416	2018-01-16 15:46:03.820914
10	20171218	444	431	513	403	454	438	388	433	439	2018-01-16 15:46:03.820939
10	20171219	473	452	532	417	479	477	408	441	452	2018-01-16 15:46:03.820964
10	20171220	490	477	569	457	507	502	416	467	482	2018-01-16 15:46:03.821067
10	20171221	496	491	600	464	527	539	441	475	507	2018-01-16 15:46:03.821097
10	20171222	514	511	611	487	553	576	472	492	516	2018-01-16 15:46:03.821121
10	20171223	549	530	650	511	560	612	508	500	539	2018-01-16 15:46:03.821146
10	20171224	576	562	687	516	579	635	538	534	579	2018-01-16 15:46:03.821170
10	20171225	591	576	715	553	595	646	561	544	589	2018-01-16 15:46:03.821194
10	20171226	628	610	753	578	635	656	583	580	614	2018-01-16 15:46:03.821219
10	20171227	649	647	758	595	672	680	605	614	649	2018-01-16 15:46:03.821246
10	20171228	661	654	763	610	709	693	614	639	670	2018-01-16 15:46:03.821293
10	20171229	690	660	772	637	748	717	632	674	704	2018-01-16 15:46:03.821335
10	20171230	722	683	791	645	773	724	650	695	721	2018-01-16 15:46:03.821374
10	20171231	728	702	831	655	795	731	661	712	733	2018-01-16 15:46:03.821397
10	20180101	741	734	838	661	825	752	672	742	746	2018-01-16 15:46:03.821420
10	20180102	761	768	872	676	837	782	702	755	777	2018-01-16 15:46:03.821442
10	20180103	781	794	906	702	864	809	715	767	813	2018-01-16 15:46:03.821464
10	20180104	786	807	918	738	886	830	749	799	823	2018-01-16 15:46:03.821487
10	20180105	796	821	934	743	922	854	767	812	845	2018-01-16 15:46:03.821510
10	20180106	819	856	954	780	944	888	780	826	864	2018-01-16 15:46:03.821532
10	20180107	827	868	959	816	983	914	819	836	876	2018-01-16 15:46:03.821554
10	20180108	845	887	982	833	1011	925	840	873	912	2018-01-16 15:46:03.821576
10	20180109	877	892	998	872	1035	937	877	910	934	2018-01-16 15:46:03.821598
10	20180110	908	919	1025	892	1066	959	915	925	942	2018-01-16 15:46:03.821620
10	20180111	917	953	1046	912	1099	989	932	946	972	2018-01-16 15:46:03.821643
10	20180112	941	966	1077	918	1113	1027	965	967	990	2018-01-16 15:46:03.821667
10	20180113	948	988	1094	954	1134	1048	972	996	1021	2018-01-16 15:46:03.821689
10	20180114	988	1008	1108	960	1174	1076	987	1009	1049	2018-01-16 15:46:03.821711
10	20180115	1009	1028	1145	1000	1200	1082	1002	1035	1077	2018-01-16 15:46:03.821734
10	20180116	1021	1045	1166	1011	1224	1111	1012	1048	1106	2018-01-16 15:46:03.821757
10	20180117	1052	1058	1197	1047	1254	1138	1024	1074	1138	2018-01-16 15:46:03.821779
10	20180118	1087	1064	1209	1067	1269	1159	1033	1102	1162	2018-01-16 15:46:03.821802
10	20180119	1096	1085	1216	1086	1283	1178	1043	1128	1198	2018-01-16 15:46:03.821825
10	20180120	1118	1117	1235	1106	1323	1206	1053	1141	1203	2018-01-16 15:46:03.821847
10	20180121	1132	1138	1259	1126	1343	1234	1074	1179	1234	2018-01-16 15:46:03.821869
10	20180122	1143	1172	1288	1148	1356	1257	1091	1187	1271	2018-01-16 15:46:03.821892
10	20180123	1148	1205	1312	1162	1395	1282	1129	1223	1298	2018-01-16 15:46:03.821914
10	20180124	1183	1241	1343	1173	1410	1291	1165	1237	1327	2018-01-16 15:46:03.821937
10	20180125	1208	1258	1368	1188	1424	1298	1172	1266	1345	2018-01-16 15:46:03.821959
10	20180126	1219	1274	1399	1216	1441	1321	1198	1294	1370	2018-01-16 15:46:03.821981
10	20180127	1247	1298	1432	1234	1457	1342	1235	1306	1398	2018-01-16 15:46:03.822003
10	20180128	1285	1310	1445	1251	1478	1361	1241	1346	1415	2018-01-16 15:46:03.822027
10	20180129	1319	1320	1479	1257	1494	1391	1267	1362	1453	2018-01-16 15:46:03.822049
10	20180130	1339	1346	1508	1294	1520	1422	1278	1385	1470	2018-01-16 15:46:03.822071
10	20180131	1345	1381	1545	1312	1527	1459	1309	1415	1507	2018-01-16 15:46:03.822093
11	20171201	40	17	11	13	16	23	16	36	25	2018-01-16 15:46:03.822118
11	20171202	79	56	36	53	55	33	54	65	48	2018-01-16 15:46:03.822140
11	20171203	118	79	53	92	89	40	82	104	64	2018-01-16 15:46:03.822162
11	20171204	124	88	65	116	108	48	106	109	101	2018-01-16 15:46:03.822184
11	20171205	144	99	96	121	135	62	118	131	138	2018-01-16 15:46:03.822207
11	20171206	149	113	116	149	153	90	143	141	160	2018-01-16 15:46:03.822230
11	20171207	154	145	129	156	167	110	153	162	192	2018-01-16 15:46:03.822253
11	20171208	191	152	150	182	198	149	174	180	208	2018-01-16 15:46:03.822276
11	20171209	227	173	169	222	217	188	193	189	242	2018-01-16 15:46:03.822298
11	20171210	235	190	174	262	250	210	215	215	268	2018-01-16 15:46:03.822362
11	20171211	245	203	201	279	264	247	233	248	276	2018-01-16 15:46:03.822406
11	20171212	284	218	217	302	304	285	251	260	293	2018-01-16 15:46:03.822470
11	20171213	322	251	255	342	320	296	286	280	323	2018-01-16 15:46:03.822496
11	20171214	349	266	289	358	341	302	297	288	348	2018-01-16 15:46:03.822520
11	20171215	379	302	329	364	351	307	331	306	381	2018-01-16 15:46:03.822544
11	20171216	397	311	351	372	368	323	340	341	388	2018-01-16 15:46:03.822567
11	20171217	436	330	391	384	380	333	373	357	406	2018-01-16 15:46:03.822591
11	20171218	458	336	423	404	385	353	404	390	443	2018-01-16 15:46:03.822614
11	20171219	490	342	428	426	395	378	412	417	476	2018-01-16 15:46:03.822637
11	20171220	503	357	439	432	409	409	448	452	494	2018-01-16 15:46:03.822661
11	20171221	539	391	461	459	431	421	454	477	524	2018-01-16 15:46:03.822683
11	20171222	577	429	496	483	442	428	473	483	549	2018-01-16 15:46:03.822706
11	20171223	614	463	502	507	471	451	504	488	587	2018-01-16 15:46:03.822731
11	20171224	654	483	529	519	498	482	542	523	608	2018-01-16 15:46:03.822754
11	20171225	659	494	558	526	518	510	549	551	614	2018-01-16 15:46:03.822778
11	20171226	694	517	581	556	555	542	562	572	650	2018-01-16 15:46:03.822800
11	20171227	702	528	588	596	566	575	591	611	689	2018-01-16 15:46:03.822823
11	20171228	741	558	625	619	590	612	614	644	705	2018-01-16 15:46:03.822848
11	20171229	773	577	655	641	598	623	635	663	729	2018-01-16 15:46:03.822871
11	20171230	780	584	686	680	611	634	664	684	765	2018-01-16 15:46:03.822893
11	20171231	791	603	724	714	617	663	693	724	802	2018-01-16 15:46:03.822919
11	20180101	802	629	763	751	632	699	727	748	823	2018-01-16 15:46:03.822941
11	20180102	814	654	786	756	656	739	738	770	838	2018-01-16 15:46:03.822964
11	20180103	852	667	811	765	690	769	744	775	854	2018-01-16 15:46:03.822987
11	20180104	868	688	819	785	712	793	757	800	883	2018-01-16 15:46:03.823010
11	20180105	894	725	836	796	731	822	796	835	921	2018-01-16 15:46:03.823033
11	20180106	930	741	848	832	746	846	804	870	938	2018-01-16 15:46:03.823055
11	20180107	946	764	856	851	785	875	826	907	946	2018-01-16 15:46:03.823078
11	20180108	954	769	894	889	818	880	835	921	960	2018-01-16 15:46:03.823112
11	20180109	988	786	923	900	838	904	857	954	977	2018-01-16 15:46:03.823135
11	20180110	997	794	928	939	853	925	863	977	999	2018-01-16 15:46:03.823170
11	20180111	1013	827	966	964	871	954	903	999	1020	2018-01-16 15:46:03.823191
11	20180112	1020	847	988	999	880	960	925	1038	1056	2018-01-16 15:46:03.823214
11	20180113	1035	877	1025	1039	885	990	931	1057	1092	2018-01-16 15:46:03.823236
11	20180114	1060	915	1032	1047	906	1011	939	1069	1102	2018-01-16 15:46:03.823258
11	20180115	1086	937	1066	1055	938	1018	952	1085	1124	2018-01-16 15:46:03.823279
11	20180116	1097	945	1084	1061	947	1035	991	1123	1153	2018-01-16 15:46:03.823301
11	20180117	1105	974	1114	1094	978	1065	999	1147	1172	2018-01-16 15:46:03.823348
11	20180118	1110	983	1143	1124	1003	1082	1035	1166	1197	2018-01-16 15:46:03.823384
11	20180119	1121	1016	1149	1160	1011	1091	1043	1184	1236	2018-01-16 15:46:03.823407
11	20180120	1138	1042	1176	1199	1043	1115	1058	1223	1272	2018-01-16 15:46:03.823429
11	20180121	1178	1053	1214	1220	1074	1130	1092	1229	1297	2018-01-16 15:46:03.823451
11	20180122	1217	1070	1230	1242	1090	1137	1100	1248	1328	2018-01-16 15:46:03.823473
11	20180123	1226	1107	1246	1260	1104	1177	1139	1261	1360	2018-01-16 15:46:03.823494
11	20180124	1247	1116	1265	1276	1114	1215	1160	1286	1382	2018-01-16 15:46:03.823516
11	20180125	1254	1142	1278	1299	1124	1228	1197	1317	1407	2018-01-16 15:46:03.823538
11	20180126	1265	1168	1297	1330	1146	1241	1209	1357	1434	2018-01-16 15:46:03.823560
11	20180127	1301	1206	1312	1337	1153	1279	1249	1390	1439	2018-01-16 15:46:03.823582
11	20180128	1339	1223	1339	1377	1184	1285	1280	1400	1446	2018-01-16 15:46:03.823603
11	20180129	1367	1260	1346	1412	1210	1318	1310	1428	1468	2018-01-16 15:46:03.823625
11	20180130	1374	1271	1352	1450	1241	1333	1350	1456	1487	2018-01-16 15:46:03.823647
11	20180131	1404	1277	1373	1457	1277	1372	1378	1481	1499	2018-01-16 15:46:03.823692
12	20171201	23	27	31	17	8	25	15	13	19	2018-01-16 15:46:03.823717
12	20171202	29	51	52	32	22	53	21	52	57	2018-01-16 15:46:03.823739
12	20171203	41	67	67	53	50	87	27	62	93	2018-01-16 15:46:03.823761
12	20171204	81	85	92	85	76	97	65	102	127	2018-01-16 15:46:03.823783
12	20171205	120	124	100	113	89	136	89	138	134	2018-01-16 15:46:03.823805
12	20171206	130	156	124	150	128	144	121	158	171	2018-01-16 15:46:03.823827
12	20171207	151	166	150	181	150	166	153	196	208	2018-01-16 15:46:03.823848
12	20171208	191	182	182	198	189	184	175	206	239	2018-01-16 15:46:03.823870
12	20171209	203	213	216	207	208	223	215	241	247	2018-01-16 15:46:03.823905
12	20171210	235	250	249	216	234	244	222	272	278	2018-01-16 15:46:03.823928
12	20171211	245	273	255	229	269	284	228	290	299	2018-01-16 15:46:03.823963
12	20171212	265	296	285	266	280	317	248	312	327	2018-01-16 15:46:03.823985
12	20171213	301	333	291	276	295	334	280	343	366	2018-01-16 15:46:03.824008
12	20171214	314	370	316	290	324	373	307	361	378	2018-01-16 15:46:03.824030
12	20171215	323	383	331	317	343	383	342	383	394	2018-01-16 15:46:03.824051
12	20171216	354	398	371	332	366	393	362	399	418	2018-01-16 15:46:03.824073
12	20171217	387	416	394	344	403	399	390	418	455	2018-01-16 15:46:03.824095
12	20171218	392	430	401	377	409	431	423	449	473	2018-01-16 15:46:03.824117
12	20171219	426	461	418	407	431	470	463	464	493	2018-01-16 15:46:03.824138
12	20171220	455	477	458	432	462	501	503	502	513	2018-01-16 15:46:03.824160
12	20171221	470	488	489	447	478	535	521	513	548	2018-01-16 15:46:03.824182
12	20171222	503	506	500	482	507	556	560	547	587	2018-01-16 15:46:03.824203
12	20171223	525	545	511	492	545	569	593	563	594	2018-01-16 15:46:03.824225
12	20171224	534	580	530	521	571	607	599	577	602	2018-01-16 15:46:03.824247
12	20171225	564	585	560	542	581	616	628	597	625	2018-01-16 15:46:03.824268
12	20171226	574	594	582	569	586	635	668	630	638	2018-01-16 15:46:03.824290
12	20171227	596	617	603	600	592	647	674	644	646	2018-01-16 15:46:03.824312
12	20171228	614	634	613	606	606	664	684	682	665	2018-01-16 15:46:03.824333
12	20171229	624	671	624	629	633	678	701	709	677	2018-01-16 15:46:03.824355
12	20171230	658	701	664	650	670	684	708	739	709	2018-01-16 15:46:03.824377
12	20171231	685	708	698	659	692	696	747	758	720	2018-01-16 15:46:03.824399
12	20180101	696	736	734	679	724	717	760	768	746	2018-01-16 15:46:03.824420
12	20180102	733	771	754	715	744	726	772	804	756	2018-01-16 15:46:03.824442
12	20180103	740	776	773	755	761	761	802	818	762	2018-01-16 15:46:03.824463
12	20180104	746	811	806	761	798	775	835	828	800	2018-01-16 15:46:03.824485
12	20180105	764	831	837	770	803	796	854	851	817	2018-01-16 15:46:03.824506
12	20180106	785	847	868	808	818	816	881	875	844	2018-01-16 15:46:03.824528
12	20180107	801	854	897	825	829	827	906	893	854	2018-01-16 15:46:03.824550
12	20180108	840	881	903	851	860	854	912	899	893	2018-01-16 15:46:03.824572
12	20180109	880	893	928	872	872	893	931	908	927	2018-01-16 15:46:03.824593
12	20180110	891	928	956	898	899	898	952	933	957	2018-01-16 15:46:03.824615
12	20180111	897	937	973	935	904	934	964	938	996	2018-01-16 15:46:03.824636
12	20180112	923	947	1007	966	909	965	990	949	1013	2018-01-16 15:46:03.824658
12	20180113	936	972	1029	976	933	994	1021	985	1040	2018-01-16 15:46:03.824695
12	20180114	956	980	1057	999	960	1029	1045	1018	1058	2018-01-16 15:46:03.824719
12	20180115	964	1014	1070	1011	965	1045	1073	1027	1072	2018-01-16 15:46:03.824742
12	20180116	971	1038	1099	1044	975	1077	1099	1050	1095	2018-01-16 15:46:03.824766
12	20180117	994	1061	1119	1049	1006	1092	1112	1058	1124	2018-01-16 15:46:03.824790
12	20180118	1005	1083	1148	1065	1035	1124	1146	1092	1152	2018-01-16 15:46:03.824813
12	20180119	1026	1107	1154	1082	1074	1131	1164	1130	1171	2018-01-16 15:46:03.824849
12	20180120	1064	1129	1162	1104	1102	1142	1179	1149	1191	2018-01-16 15:46:03.824870
12	20180121	1088	1165	1180	1144	1138	1151	1198	1181	1211	2018-01-16 15:46:03.824892
12	20180122	1118	1180	1186	1183	1160	1171	1208	1190	1236	2018-01-16 15:46:03.824914
12	20180123	1125	1217	1220	1194	1196	1187	1244	1225	1255	2018-01-16 15:46:03.824955
12	20180124	1138	1239	1241	1220	1208	1192	1274	1265	1275	2018-01-16 15:46:03.824978
12	20180125	1161	1263	1252	1233	1235	1222	1310	1277	1294	2018-01-16 15:46:03.825000
12	20180126	1201	1297	1266	1239	1241	1262	1346	1314	1308	2018-01-16 15:46:03.825022
12	20180127	1241	1334	1286	1270	1279	1284	1365	1340	1322	2018-01-16 15:46:03.825044
12	20180128	1249	1373	1316	1306	1317	1289	1404	1376	1332	2018-01-16 15:46:03.825066
12	20180129	1279	1378	1326	1344	1347	1320	1424	1402	1342	2018-01-16 15:46:03.825088
12	20180130	1296	1402	1350	1355	1356	1326	1439	1419	1382	2018-01-16 15:46:03.825109
12	20180131	1308	1440	1371	1373	1382	1355	1469	1427	1419	2018-01-16 15:46:03.825131
13	20171201	7	24	34	7	21	25	27	25	24	2018-01-16 15:46:03.825155
13	20171202	21	61	42	38	52	63	60	47	38	2018-01-16 15:46:03.825177
13	20171203	30	87	52	74	58	83	97	70	53	2018-01-16 15:46:03.825198
13	20171204	48	111	77	112	94	108	109	108	60	2018-01-16 15:46:03.825220
13	20171205	80	141	94	150	131	126	123	125	69	2018-01-16 15:46:03.825254
13	20171206	85	151	122	189	145	164	138	161	80	2018-01-16 15:46:03.825277
13	20171207	92	171	153	202	150	202	166	179	117	2018-01-16 15:46:03.825312
13	20171208	119	202	179	222	178	222	175	211	130	2018-01-16 15:46:03.825334
13	20171209	129	209	197	256	201	242	190	248	156	2018-01-16 15:46:03.825356
13	20171210	136	243	228	269	225	249	204	268	179	2018-01-16 15:46:03.825377
13	20171211	149	280	244	307	233	272	242	304	211	2018-01-16 15:46:03.825399
13	20171212	167	309	264	324	262	279	257	327	246	2018-01-16 15:46:03.825421
13	20171213	190	318	275	351	284	286	296	348	281	2018-01-16 15:46:03.825443
13	20171214	214	326	315	356	306	318	311	386	289	2018-01-16 15:46:03.825465
13	20171215	237	335	338	395	325	330	323	415	324	2018-01-16 15:46:03.825487
13	20171216	266	371	345	422	352	356	356	426	343	2018-01-16 15:46:03.825509
13	20171217	292	403	355	440	377	393	395	451	361	2018-01-16 15:46:03.825531
13	20171218	298	439	371	458	392	413	419	467	379	2018-01-16 15:46:03.825553
13	20171219	310	466	383	472	400	451	456	479	396	2018-01-16 15:46:03.825574
13	20171220	323	478	399	487	416	491	463	500	402	2018-01-16 15:46:03.825596
13	20171221	341	517	430	500	456	512	474	512	434	2018-01-16 15:46:03.825618
13	20171222	365	549	456	529	469	537	510	536	462	2018-01-16 15:46:03.825639
13	20171223	389	588	490	548	500	566	521	550	473	2018-01-16 15:46:03.825661
13	20171224	423	601	519	573	533	576	549	572	491	2018-01-16 15:46:03.825683
13	20171225	455	620	543	593	571	588	581	601	521	2018-01-16 15:46:03.825704
13	20171226	492	637	570	630	587	595	603	612	554	2018-01-16 15:46:03.825726
13	20171227	503	646	591	639	592	605	617	617	560	2018-01-16 15:46:03.825748
13	20171228	539	656	618	655	622	641	647	629	583	2018-01-16 15:46:03.825769
13	20171229	569	682	654	666	632	657	667	648	599	2018-01-16 15:46:03.825791
13	20171230	599	695	676	681	662	671	677	659	616	2018-01-16 15:46:03.825813
13	20171231	627	703	711	700	696	686	716	689	639	2018-01-16 15:46:03.825834
13	20180101	633	714	731	706	725	693	732	709	648	2018-01-16 15:46:03.825856
13	20180102	639	744	742	737	747	711	772	721	678	2018-01-16 15:46:03.825878
13	20180103	676	777	757	773	764	736	812	744	691	2018-01-16 15:46:03.825899
13	20180104	712	808	763	801	790	767	836	782	720	2018-01-16 15:46:03.825921
13	20180105	752	841	801	824	813	791	873	821	759	2018-01-16 15:46:03.825943
13	20180106	789	877	824	850	825	824	878	829	770	2018-01-16 15:46:03.825964
13	20180107	805	908	829	881	833	832	908	840	778	2018-01-16 15:46:03.825986
13	20180108	812	927	864	887	847	853	915	865	815	2018-01-16 15:46:03.826008
13	20180109	822	936	872	923	871	865	955	892	824	2018-01-16 15:46:03.826029
13	20180110	830	954	911	954	895	895	962	910	864	2018-01-16 15:46:03.826051
13	20180111	869	992	920	972	915	927	988	941	891	2018-01-16 15:46:03.826073
13	20180112	890	1002	937	992	943	963	993	959	906	2018-01-16 15:46:03.826094
13	20180113	899	1013	959	1014	970	980	1018	975	918	2018-01-16 15:46:03.826117
13	20180114	921	1052	999	1037	989	1009	1056	1015	947	2018-01-16 15:46:03.826171
13	20180115	931	1078	1037	1055	1008	1017	1089	1048	952	2018-01-16 15:46:03.826196
13	20180116	951	1092	1074	1091	1016	1023	1128	1078	973	2018-01-16 15:46:03.826220
13	20180117	974	1126	1091	1118	1055	1044	1145	1089	978	2018-01-16 15:46:03.826253
13	20180118	979	1150	1115	1131	1066	1055	1172	1106	1012	2018-01-16 15:46:03.826275
13	20180119	1005	1182	1142	1150	1088	1079	1212	1133	1033	2018-01-16 15:46:03.826297
13	20180120	1014	1208	1156	1160	1093	1090	1228	1143	1058	2018-01-16 15:46:03.826319
13	20180121	1035	1248	1161	1172	1125	1113	1247	1168	1066	2018-01-16 15:46:03.826340
13	20180122	1061	1254	1174	1181	1157	1152	1263	1190	1072	2018-01-16 15:46:03.826362
13	20180123	1088	1276	1210	1196	1168	1191	1290	1215	1083	2018-01-16 15:46:03.826384
13	20180124	1109	1315	1215	1211	1183	1214	1328	1244	1116	2018-01-16 15:46:03.826405
13	20180125	1116	1339	1253	1219	1194	1219	1368	1268	1123	2018-01-16 15:46:03.826427
13	20180126	1133	1376	1279	1240	1233	1233	1384	1291	1154	2018-01-16 15:46:03.826449
13	20180127	1141	1416	1310	1268	1250	1247	1420	1324	1176	2018-01-16 15:46:03.826471
13	20180128	1158	1450	1334	1278	1283	1271	1442	1361	1206	2018-01-16 15:46:03.826492
13	20180129	1163	1484	1339	1298	1300	1306	1465	1393	1239	2018-01-16 15:46:03.826514
13	20180130	1197	1498	1346	1320	1306	1317	1473	1417	1248	2018-01-16 15:46:03.826536
13	20180131	1219	1519	1355	1355	1314	1325	1486	1456	1271	2018-01-16 15:46:03.826557
14	20171201	8	10	16	24	39	9	38	39	23	2018-01-16 15:46:03.826581
14	20171202	38	50	35	29	44	25	71	63	36	2018-01-16 15:46:03.826603
14	20171203	52	66	62	37	63	38	106	103	68	2018-01-16 15:46:03.826624
14	20171204	70	80	76	58	74	62	125	115	87	2018-01-16 15:46:03.826646
14	20171205	101	114	101	63	92	93	157	135	99	2018-01-16 15:46:03.826668
14	20171206	108	124	134	75	104	131	191	148	110	2018-01-16 15:46:03.826689
14	20171207	130	133	148	104	118	143	219	178	118	2018-01-16 15:46:03.826711
14	20171208	158	173	174	110	132	166	229	212	158	2018-01-16 15:46:03.826733
14	20171209	177	181	202	137	152	192	244	247	167	2018-01-16 15:46:03.826755
14	20171210	184	194	229	143	166	213	257	256	178	2018-01-16 15:46:03.826777
14	20171211	209	206	251	148	192	223	293	280	202	2018-01-16 15:46:03.826798
14	20171212	214	226	271	188	221	261	311	307	221	2018-01-16 15:46:03.826820
14	20171213	241	235	297	224	244	273	351	330	235	2018-01-16 15:46:03.826842
14	20171214	265	254	328	242	271	287	373	348	266	2018-01-16 15:46:03.826864
14	20171215	277	285	361	278	300	316	378	359	291	2018-01-16 15:46:03.826886
14	20171216	283	319	390	288	310	332	416	387	308	2018-01-16 15:46:03.826908
14	20171217	315	356	411	312	319	370	445	424	337	2018-01-16 15:46:03.826930
14	20171218	349	367	440	344	357	399	485	437	360	2018-01-16 15:46:03.826951
14	20171219	370	377	462	359	362	405	505	442	391	2018-01-16 15:46:03.826973
14	20171220	378	407	481	387	376	416	522	459	399	2018-01-16 15:46:03.826994
14	20171221	396	440	513	413	385	438	554	485	422	2018-01-16 15:46:03.827016
14	20171222	405	469	532	421	414	477	559	523	462	2018-01-16 15:46:03.827037
14	20171223	410	491	556	446	451	484	586	546	489	2018-01-16 15:46:03.827059
14	20171224	446	504	586	476	484	519	597	567	518	2018-01-16 15:46:03.827102
14	20171225	470	538	621	511	511	534	609	602	539	2018-01-16 15:46:03.827146
14	20171226	505	544	630	548	519	551	624	607	569	2018-01-16 15:46:03.827183
14	20171227	522	572	636	558	529	558	652	624	597	2018-01-16 15:46:03.827208
14	20171228	558	592	671	589	563	566	658	634	616	2018-01-16 15:46:03.827232
14	20171229	564	616	697	623	592	578	670	662	638	2018-01-16 15:46:03.827256
14	20171230	581	637	716	637	610	584	694	683	673	2018-01-16 15:46:03.827279
14	20171231	596	642	747	658	647	608	728	708	711	2018-01-16 15:46:03.827303
14	20180101	627	651	778	695	661	614	739	725	746	2018-01-16 15:46:03.827349
14	20180102	634	691	814	732	669	622	754	759	773	2018-01-16 15:46:03.827373
14	20180103	644	730	820	739	700	643	783	798	792	2018-01-16 15:46:03.827395
14	20180104	672	767	850	761	718	658	799	825	813	2018-01-16 15:46:03.827437
14	20180105	709	778	857	769	752	697	818	858	827	2018-01-16 15:46:03.827461
14	20180106	747	791	890	790	770	726	843	874	860	2018-01-16 15:46:03.827483
14	20180107	762	831	902	804	783	753	878	891	868	2018-01-16 15:46:03.827504
14	20180108	800	862	929	838	822	788	892	923	889	2018-01-16 15:46:03.827526
14	20180109	839	883	934	850	859	817	898	931	898	2018-01-16 15:46:03.827548
14	20180110	856	920	946	883	877	856	928	941	925	2018-01-16 15:46:03.827570
14	20180111	886	957	977	907	906	871	939	972	938	2018-01-16 15:46:03.827591
14	20180112	913	982	982	936	943	887	948	1006	951	2018-01-16 15:46:03.827624
14	20180113	932	1016	1014	941	975	892	963	1025	961	2018-01-16 15:46:03.827659
14	20180114	970	1024	1035	975	997	908	976	1039	988	2018-01-16 15:46:03.827696
14	20180115	1003	1047	1071	1003	1032	916	1012	1070	1015	2018-01-16 15:46:03.827719
14	20180116	1024	1054	1080	1042	1068	937	1042	1076	1055	2018-01-16 15:46:03.827741
14	20180117	1062	1068	1087	1072	1101	970	1065	1112	1074	2018-01-16 15:46:03.827763
14	20180118	1088	1100	1124	1093	1114	1004	1077	1134	1086	2018-01-16 15:46:03.827785
14	20180119	1113	1112	1154	1100	1120	1040	1108	1149	1096	2018-01-16 15:46:03.827807
14	20180120	1120	1149	1191	1113	1156	1069	1141	1162	1112	2018-01-16 15:46:03.827829
14	20180121	1154	1168	1224	1136	1161	1107	1155	1187	1138	2018-01-16 15:46:03.827851
14	20180122	1170	1207	1256	1148	1180	1141	1176	1211	1166	2018-01-16 15:46:03.827883
14	20180123	1202	1220	1290	1168	1195	1179	1181	1230	1176	2018-01-16 15:46:03.827907
14	20180124	1229	1243	1308	1207	1216	1213	1210	1244	1182	2018-01-16 15:46:03.827931
14	20180125	1259	1257	1338	1218	1233	1232	1245	1268	1211	2018-01-16 15:46:03.827963
14	20180126	1295	1292	1358	1233	1240	1268	1269	1276	1240	2018-01-16 15:46:03.828001
14	20180127	1313	1323	1365	1264	1247	1303	1292	1314	1260	2018-01-16 15:46:03.828027
14	20180128	1330	1340	1387	1297	1287	1318	1307	1344	1280	2018-01-16 15:46:03.828051
14	20180129	1370	1374	1417	1306	1315	1329	1317	1359	1318	2018-01-16 15:46:03.828075
14	20180130	1377	1388	1452	1331	1329	1363	1339	1383	1330	2018-01-16 15:46:03.828098
14	20180131	1385	1428	1491	1338	1339	1373	1354	1411	1351	2018-01-16 15:46:03.828122
15	20171201	28	35	40	12	21	27	40	6	38	2018-01-16 15:46:03.828148
15	20171202	38	49	55	23	39	57	76	46	74	2018-01-16 15:46:03.828172
15	20171203	77	67	72	59	72	89	114	59	89	2018-01-16 15:46:03.828195
15	20171204	88	84	79	69	84	106	124	95	115	2018-01-16 15:46:03.828219
15	20171205	126	116	96	108	98	140	150	113	143	2018-01-16 15:46:03.828242
15	20171206	147	136	127	122	112	152	185	131	183	2018-01-16 15:46:03.828265
15	20171207	179	147	167	137	138	171	212	161	218	2018-01-16 15:46:03.828289
15	20171208	218	180	184	158	165	198	219	182	226	2018-01-16 15:46:03.828312
15	20171209	246	188	193	193	194	232	252	194	233	2018-01-16 15:46:03.828335
15	20171210	255	212	228	216	227	270	277	209	251	2018-01-16 15:46:03.828358
15	20171211	292	226	241	253	252	302	306	223	260	2018-01-16 15:46:03.828382
15	20171212	326	245	275	264	261	307	318	249	278	2018-01-16 15:46:03.828405
15	20171213	342	282	294	277	288	322	343	273	306	2018-01-16 15:46:03.828429
15	20171214	369	310	307	311	320	357	355	281	323	2018-01-16 15:46:03.828454
15	20171215	402	327	324	329	342	382	361	297	361	2018-01-16 15:46:03.828477
15	20171216	429	351	335	345	364	409	401	310	382	2018-01-16 15:46:03.828501
15	20171217	437	359	355	353	399	421	438	319	395	2018-01-16 15:46:03.828524
15	20171218	473	366	362	392	428	433	472	354	400	2018-01-16 15:46:03.828547
15	20171219	502	390	387	412	434	439	483	367	421	2018-01-16 15:46:03.828570
15	20171220	534	406	412	439	470	446	511	380	452	2018-01-16 15:46:03.828594
15	20171221	549	433	445	479	490	457	542	405	461	2018-01-16 15:46:03.828617
15	20171222	569	454	456	515	523	465	555	429	477	2018-01-16 15:46:03.828640
15	20171223	586	490	482	550	531	476	593	452	517	2018-01-16 15:46:03.828664
15	20171224	618	512	502	564	539	511	628	467	554	2018-01-16 15:46:03.828687
15	20171225	644	517	518	584	562	551	647	480	588	2018-01-16 15:46:03.828710
15	20171226	665	537	526	617	598	589	684	495	609	2018-01-16 15:46:03.828753
15	20171227	689	569	548	641	612	609	697	533	614	2018-01-16 15:46:03.828778
15	20171228	722	596	570	649	642	615	715	550	619	2018-01-16 15:46:03.828802
15	20171229	736	620	579	680	666	653	722	556	625	2018-01-16 15:46:03.828826
15	20171230	754	628	603	720	679	682	744	592	632	2018-01-16 15:46:03.828849
15	20171231	777	661	637	729	686	687	774	607	664	2018-01-16 15:46:03.828873
15	20180101	816	688	670	749	720	710	793	641	674	2018-01-16 15:46:03.828896
15	20180102	838	718	681	789	749	735	815	681	705	2018-01-16 15:46:03.828919
15	20180103	862	727	720	795	776	764	854	716	743	2018-01-16 15:46:03.828942
15	20180104	871	751	730	819	792	801	866	741	763	2018-01-16 15:46:03.828966
15	20180105	884	767	747	825	828	808	906	763	794	2018-01-16 15:46:03.828989
15	20180106	902	805	760	845	858	839	940	772	820	2018-01-16 15:46:03.829012
15	20180107	923	839	781	885	892	863	980	800	836	2018-01-16 15:46:03.829036
15	20180108	941	847	819	912	927	893	994	819	867	2018-01-16 15:46:03.829059
15	20180109	946	886	850	944	955	910	1000	854	887	2018-01-16 15:46:03.829082
15	20180110	969	897	875	957	993	925	1012	879	924	2018-01-16 15:46:03.829106
15	20180111	986	929	880	971	1032	964	1032	897	940	2018-01-16 15:46:03.829129
15	20180112	991	959	912	990	1043	1000	1042	907	970	2018-01-16 15:46:03.829153
15	20180113	1027	979	952	996	1078	1013	1077	936	997	2018-01-16 15:46:03.829176
15	20180114	1032	1011	979	1033	1106	1022	1107	969	1008	2018-01-16 15:46:03.829201
15	20180115	1048	1042	991	1055	1134	1035	1147	981	1048	2018-01-16 15:46:03.829224
15	20180116	1066	1067	1003	1077	1168	1067	1170	1005	1080	2018-01-16 15:46:03.829248
15	20180117	1074	1094	1027	1116	1206	1077	1202	1031	1096	2018-01-16 15:46:03.829272
15	20180118	1095	1117	1037	1149	1220	1097	1236	1044	1104	2018-01-16 15:46:03.829295
15	20180119	1134	1122	1047	1183	1232	1126	1258	1069	1140	2018-01-16 15:46:03.829319
15	20180120	1152	1129	1073	1197	1261	1139	1285	1093	1175	2018-01-16 15:46:03.829342
15	20180121	1176	1167	1101	1224	1294	1151	1297	1105	1185	2018-01-16 15:46:03.829366
15	20180122	1205	1202	1116	1244	1309	1187	1315	1134	1215	2018-01-16 15:46:03.829389
15	20180123	1210	1232	1131	1274	1330	1209	1351	1144	1224	2018-01-16 15:46:03.829412
15	20180124	1235	1239	1143	1299	1336	1231	1381	1156	1263	2018-01-16 15:46:03.829436
15	20180125	1273	1272	1162	1308	1366	1271	1421	1168	1289	2018-01-16 15:46:03.829460
15	20180126	1300	1287	1180	1345	1387	1304	1436	1173	1316	2018-01-16 15:46:03.829483
15	20180127	1333	1297	1201	1357	1423	1339	1463	1203	1323	2018-01-16 15:46:03.829507
15	20180128	1361	1332	1210	1370	1429	1358	1474	1228	1359	2018-01-16 15:46:03.829530
15	20180129	1381	1339	1243	1401	1465	1379	1495	1260	1364	2018-01-16 15:46:03.829554
15	20180130	1393	1373	1275	1412	1483	1414	1531	1290	1383	2018-01-16 15:46:03.829577
15	20180131	1432	1390	1285	1446	1494	1424	1567	1319	1401	2018-01-16 15:46:03.829601
16	20171201	6	9	11	30	30	11	36	10	15	2018-01-16 15:46:03.829626
16	20171202	44	36	44	35	44	37	75	20	33	2018-01-16 15:46:03.829649
16	20171203	67	55	77	46	84	58	92	44	73	2018-01-16 15:46:03.829673
16	20171204	106	73	83	68	104	87	108	57	110	2018-01-16 15:46:03.829696
16	20171205	127	110	103	108	141	108	142	96	145	2018-01-16 15:46:03.829720
16	20171206	132	117	140	119	181	123	154	136	158	2018-01-16 15:46:03.829744
16	20171207	167	122	157	153	206	158	182	158	179	2018-01-16 15:46:03.829767
16	20171208	204	149	168	167	218	167	209	183	215	2018-01-16 15:46:03.829791
16	20171209	237	155	191	189	235	204	244	213	220	2018-01-16 15:46:03.829814
16	20171210	254	195	205	217	253	220	282	238	240	2018-01-16 15:46:03.829837
16	20171211	274	213	224	247	280	243	317	272	274	2018-01-16 15:46:03.829861
16	20171212	281	242	253	264	289	270	342	305	305	2018-01-16 15:46:03.829884
16	20171213	288	275	271	298	325	300	351	325	338	2018-01-16 15:46:03.829907
16	20171214	308	306	284	325	362	309	363	363	372	2018-01-16 15:46:03.829931
16	20171215	343	329	291	340	400	335	372	381	407	2018-01-16 15:46:03.829955
16	20171216	383	363	327	362	421	351	402	421	425	2018-01-16 15:46:03.829996
16	20171217	407	392	357	396	446	389	408	455	450	2018-01-16 15:46:03.830021
16	20171218	446	426	373	419	457	402	434	476	456	2018-01-16 15:46:03.830044
16	20171219	457	461	379	440	467	428	453	484	481	2018-01-16 15:46:03.830068
16	20171220	470	493	410	446	504	464	469	489	502	2018-01-16 15:46:03.830091
16	20171221	496	502	432	481	544	498	507	511	507	2018-01-16 15:46:03.830115
16	20171222	526	532	439	512	553	532	531	524	516	2018-01-16 15:46:03.830138
16	20171223	551	569	469	524	591	549	546	542	547	2018-01-16 15:46:03.830161
16	20171224	589	599	491	559	610	555	563	570	569	2018-01-16 15:46:03.830184
16	20171225	613	614	521	594	639	567	598	600	583	2018-01-16 15:46:03.830207
16	20171226	649	626	554	625	655	587	623	613	610	2018-01-16 15:46:03.830230
16	20171227	663	653	588	663	683	606	642	643	621	2018-01-16 15:46:03.830254
16	20171228	671	691	606	671	710	632	672	662	630	2018-01-16 15:46:03.830277
16	20171229	706	696	614	692	717	642	682	671	667	2018-01-16 15:46:03.830300
16	20171230	730	719	642	721	731	652	687	697	707	2018-01-16 15:46:03.830323
16	20171231	735	739	680	738	758	691	710	704	740	2018-01-16 15:46:03.830347
16	20180101	747	766	700	766	795	709	731	710	776	2018-01-16 15:46:03.830370
16	20180102	774	778	735	778	801	714	759	718	803	2018-01-16 15:46:03.830393
16	20180103	809	800	764	785	829	752	798	742	825	2018-01-16 15:46:03.830416
16	20180104	832	838	788	801	856	783	833	766	853	2018-01-16 15:46:03.830439
16	20180105	847	878	807	821	866	821	870	788	892	2018-01-16 15:46:03.830463
16	20180106	861	913	832	840	891	843	876	793	920	2018-01-16 15:46:03.830486
16	20180107	901	936	861	848	909	878	894	822	926	2018-01-16 15:46:03.830509
16	20180108	933	945	869	863	947	886	924	843	931	2018-01-16 15:46:03.830533
16	20180109	938	957	879	886	966	910	958	878	959	2018-01-16 15:46:03.830556
16	20180110	945	989	918	900	986	950	975	897	976	2018-01-16 15:46:03.830579
16	20180111	964	1020	944	925	1002	955	1001	930	989	2018-01-16 15:46:03.830602
16	20180112	1003	1043	959	949	1031	993	1015	945	1009	2018-01-16 15:46:03.830625
16	20180113	1029	1083	980	957	1070	1032	1035	961	1030	2018-01-16 15:46:03.830649
16	20180114	1063	1095	1018	972	1088	1037	1062	988	1060	2018-01-16 15:46:03.830673
16	20180115	1092	1126	1027	1006	1116	1061	1096	996	1081	2018-01-16 15:46:03.830697
16	20180116	1116	1157	1059	1015	1148	1076	1101	1031	1100	2018-01-16 15:46:03.830721
16	20180117	1126	1176	1094	1049	1186	1116	1122	1050	1105	2018-01-16 15:46:03.830744
16	20180118	1150	1187	1112	1074	1203	1126	1148	1085	1114	2018-01-16 15:46:03.830768
16	20180119	1185	1215	1118	1110	1208	1162	1187	1106	1141	2018-01-16 15:46:03.830791
16	20180120	1222	1224	1153	1143	1218	1182	1194	1140	1165	2018-01-16 15:46:03.830815
16	20180121	1231	1249	1191	1181	1256	1219	1220	1156	1196	2018-01-16 15:46:03.830838
16	20180122	1238	1257	1219	1205	1265	1234	1250	1165	1236	2018-01-16 15:46:03.830861
16	20180123	1271	1288	1255	1244	1273	1248	1290	1188	1241	2018-01-16 15:46:03.830885
16	20180124	1280	1297	1264	1265	1282	1278	1305	1198	1272	2018-01-16 15:46:03.830908
16	20180125	1311	1317	1296	1291	1295	1302	1327	1209	1311	2018-01-16 15:46:03.830932
16	20180126	1322	1344	1315	1323	1320	1339	1353	1243	1337	2018-01-16 15:46:03.830955
16	20180127	1360	1380	1337	1341	1333	1367	1383	1274	1377	2018-01-16 15:46:03.830978
16	20180128	1393	1388	1345	1368	1353	1376	1389	1287	1391	2018-01-16 15:46:03.831002
16	20180129	1405	1424	1379	1376	1362	1410	1395	1311	1398	2018-01-16 15:46:03.831025
16	20180130	1441	1460	1406	1389	1390	1445	1401	1321	1404	2018-01-16 15:46:03.831048
16	20180131	1455	1473	1434	1414	1415	1484	1423	1342	1412	2018-01-16 15:46:03.831071
17	20171201	27	24	21	21	37	6	23	33	30	2018-01-16 15:46:03.831096
17	20171202	32	50	53	36	50	38	58	52	70	2018-01-16 15:46:03.831120
17	20171203	58	79	92	59	56	69	78	72	107	2018-01-16 15:46:03.831143
17	20171204	94	104	108	72	82	95	110	95	129	2018-01-16 15:46:03.831166
17	20171205	126	132	142	108	97	133	142	132	139	2018-01-16 15:46:03.831189
17	20171206	135	157	158	124	110	151	179	162	145	2018-01-16 15:46:03.831230
17	20171207	173	167	192	148	139	189	184	192	181	2018-01-16 15:46:03.831255
17	20171208	196	185	208	156	175	207	199	221	201	2018-01-16 15:46:03.831279
17	20171209	235	222	235	181	180	220	236	251	208	2018-01-16 15:46:03.831303
17	20171210	264	252	269	208	185	230	255	291	215	2018-01-16 15:46:03.831333
17	20171211	291	260	275	233	198	265	267	297	250	2018-01-16 15:46:03.831357
17	20171212	316	286	291	249	228	283	291	322	280	2018-01-16 15:46:03.831381
17	20171213	346	326	301	269	250	320	307	339	304	2018-01-16 15:46:03.831405
17	20171214	365	343	318	286	256	354	331	365	333	2018-01-16 15:46:03.831428
17	20171215	405	383	340	298	293	384	367	397	346	2018-01-16 15:46:03.831452
17	20171216	418	410	377	316	307	414	393	433	364	2018-01-16 15:46:03.831476
17	20171217	458	447	382	346	333	419	433	462	378	2018-01-16 15:46:03.831500
17	20171218	488	464	402	352	339	435	452	467	407	2018-01-16 15:46:03.831523
17	20171219	519	479	418	370	368	455	462	473	417	2018-01-16 15:46:03.831547
17	20171220	555	503	431	382	380	482	478	494	432	2018-01-16 15:46:03.831570
17	20171221	567	530	459	397	393	491	518	506	464	2018-01-16 15:46:03.831594
17	20171222	572	563	473	410	405	506	549	533	471	2018-01-16 15:46:03.831617
17	20171223	590	581	479	450	432	536	566	564	504	2018-01-16 15:46:03.831640
17	20171224	617	611	497	488	450	547	573	581	535	2018-01-16 15:46:03.831664
17	20171225	649	640	531	493	490	561	609	597	562	2018-01-16 15:46:03.831687
17	20171226	683	649	558	523	521	571	643	615	595	2018-01-16 15:46:03.831710
17	20171227	721	679	590	533	530	579	648	629	615	2018-01-16 15:46:03.831734
17	20171228	748	684	597	545	542	600	679	655	648	2018-01-16 15:46:03.831757
17	20171229	785	721	624	582	553	620	703	681	665	2018-01-16 15:46:03.831780
17	20171230	799	748	629	612	588	634	728	719	673	2018-01-16 15:46:03.831803
17	20171231	831	776	658	637	600	644	750	751	682	2018-01-16 15:46:03.831826
17	20180101	862	802	678	672	620	652	759	769	704	2018-01-16 15:46:03.831850
17	20180102	867	824	683	678	660	678	795	785	731	2018-01-16 15:46:03.831873
17	20180103	885	859	699	714	687	699	813	805	746	2018-01-16 15:46:03.831896
17	20180104	902	878	714	721	703	714	834	826	784	2018-01-16 15:46:03.831920
17	20180105	924	903	741	729	736	726	861	833	815	2018-01-16 15:46:03.831943
17	20180106	941	921	765	757	765	743	884	851	824	2018-01-16 15:46:03.831966
17	20180107	970	950	777	762	780	762	920	886	855	2018-01-16 15:46:03.831990
17	20180108	979	961	787	800	797	801	955	913	862	2018-01-16 15:46:03.832013
17	20180109	989	966	794	833	815	809	969	941	891	2018-01-16 15:46:03.832036
17	20180110	997	1004	804	864	829	833	983	954	926	2018-01-16 15:46:03.832059
17	20180111	1023	1031	813	878	861	850	994	988	965	2018-01-16 15:46:03.832083
17	20180112	1040	1066	830	898	880	868	1003	1025	995	2018-01-16 15:46:03.832106
17	20180113	1049	1080	840	918	919	889	1037	1065	1034	2018-01-16 15:46:03.832130
17	20180114	1067	1095	848	938	935	929	1042	1074	1040	2018-01-16 15:46:03.832153
17	20180115	1078	1114	859	978	960	937	1061	1110	1073	2018-01-16 15:46:03.832177
17	20180116	1113	1154	889	1016	986	949	1083	1123	1096	2018-01-16 15:46:03.832201
17	20180117	1120	1162	915	1039	1004	954	1090	1128	1117	2018-01-16 15:46:03.832224
17	20180118	1152	1175	939	1069	1033	961	1112	1168	1122	2018-01-16 15:46:03.832248
17	20180119	1161	1203	966	1086	1051	982	1119	1177	1137	2018-01-16 15:46:03.832271
17	20180120	1174	1219	1001	1102	1090	1015	1124	1182	1152	2018-01-16 15:46:03.832295
17	20180121	1209	1240	1027	1118	1111	1029	1162	1201	1169	2018-01-16 15:46:03.832319
17	20180122	1247	1275	1053	1143	1127	1061	1189	1217	1196	2018-01-16 15:46:03.832342
17	20180123	1278	1286	1090	1149	1140	1087	1198	1253	1228	2018-01-16 15:46:03.832365
17	20180124	1287	1293	1117	1171	1155	1127	1213	1290	1267	2018-01-16 15:46:03.832389
17	20180125	1309	1313	1157	1204	1175	1156	1246	1330	1284	2018-01-16 15:46:03.832412
17	20180126	1336	1348	1180	1235	1184	1178	1259	1362	1324	2018-01-16 15:46:03.832436
17	20180127	1373	1361	1203	1262	1205	1188	1279	1371	1329	2018-01-16 15:46:03.832478
17	20180128	1398	1390	1229	1279	1245	1221	1300	1401	1360	2018-01-16 15:46:03.832503
17	20180129	1436	1416	1245	1306	1267	1228	1316	1418	1379	2018-01-16 15:46:03.832526
17	20180130	1464	1446	1259	1339	1294	1242	1342	1426	1417	2018-01-16 15:46:03.832550
17	20180131	1472	1469	1270	1347	1324	1269	1351	1460	1450	2018-01-16 15:46:03.832573
18	20171201	21	7	23	8	37	34	33	33	39	2018-01-16 15:46:03.832598
18	20171202	28	26	60	34	56	54	64	39	73	2018-01-16 15:46:03.832622
18	20171203	43	60	70	64	62	93	74	46	79	2018-01-16 15:46:03.832645
18	20171204	67	95	79	102	77	114	81	65	84	2018-01-16 15:46:03.832668
18	20171205	87	121	109	141	105	146	92	87	115	2018-01-16 15:46:03.832692
18	20171206	107	148	129	166	119	178	109	97	128	2018-01-16 15:46:03.832715
18	20171207	131	161	165	178	150	198	118	115	144	2018-01-16 15:46:03.832739
18	20171208	156	194	173	184	178	230	141	146	180	2018-01-16 15:46:03.832762
18	20171209	181	200	179	220	185	256	146	154	199	2018-01-16 15:46:03.832785
18	20171210	205	226	192	226	198	276	170	194	213	2018-01-16 15:46:03.832809
18	20171211	224	239	210	247	238	314	176	199	241	2018-01-16 15:46:03.832832
18	20171212	236	260	217	281	245	328	213	215	263	2018-01-16 15:46:03.832855
18	20171213	257	271	257	310	269	350	229	241	288	2018-01-16 15:46:03.832879
18	20171214	267	301	269	320	289	363	260	279	305	2018-01-16 15:46:03.832902
18	20171215	294	337	288	325	317	397	299	284	318	2018-01-16 15:46:03.832927
18	20171216	316	360	306	350	336	408	318	301	338	2018-01-16 15:46:03.832950
18	20171217	349	378	342	380	344	415	324	340	350	2018-01-16 15:46:03.832973
18	20171218	359	414	381	399	351	439	341	354	378	2018-01-16 15:46:03.832997
18	20171219	387	426	391	414	370	455	355	390	412	2018-01-16 15:46:03.833020
18	20171220	415	462	428	433	395	466	382	406	449	2018-01-16 15:46:03.833044
18	20171221	447	496	460	441	401	483	407	425	478	2018-01-16 15:46:03.833067
18	20171222	477	519	495	464	409	516	423	434	503	2018-01-16 15:46:03.833090
18	20171223	503	525	523	471	443	537	446	452	516	2018-01-16 15:46:03.833113
18	20171224	520	563	549	495	456	543	472	459	522	2018-01-16 15:46:03.833137
18	20171225	556	600	576	503	492	551	488	487	543	2018-01-16 15:46:03.833160
18	20171226	566	630	585	508	532	571	521	498	573	2018-01-16 15:46:03.833183
18	20171227	603	660	615	515	541	611	558	504	591	2018-01-16 15:46:03.833207
18	20171228	630	665	654	538	553	633	569	538	607	2018-01-16 15:46:03.833230
18	20171229	666	687	678	558	586	663	576	553	613	2018-01-16 15:46:03.833253
18	20171230	696	711	702	592	615	698	606	586	652	2018-01-16 15:46:03.833277
18	20171231	725	729	738	630	654	724	617	613	669	2018-01-16 15:46:03.833300
18	20180101	739	739	775	651	669	764	645	650	709	2018-01-16 15:46:03.833323
18	20180102	748	750	797	657	687	801	654	659	746	2018-01-16 15:46:03.833346
18	20180103	770	762	835	691	704	835	685	668	764	2018-01-16 15:46:03.833370
18	20180104	807	783	875	731	724	846	715	683	799	2018-01-16 15:46:03.833393
18	20180105	827	800	885	771	756	857	723	717	832	2018-01-16 15:46:03.833416
18	20180106	843	806	895	797	795	876	757	727	860	2018-01-16 15:46:03.833439
18	20180107	876	813	906	807	822	913	774	755	897	2018-01-16 15:46:03.833462
18	20180108	893	822	942	846	836	929	796	764	924	2018-01-16 15:46:03.833486
18	20180109	931	845	948	860	871	968	820	798	954	2018-01-16 15:46:03.833509
18	20180110	947	884	984	874	895	986	838	835	982	2018-01-16 15:46:03.833532
18	20180111	975	906	1024	899	902	1020	864	849	1014	2018-01-16 15:46:03.833556
18	20180112	985	940	1051	920	919	1052	879	861	1025	2018-01-16 15:46:03.833579
18	20180113	1018	957	1080	954	948	1082	909	881	1059	2018-01-16 15:46:03.833602
18	20180114	1046	975	1104	983	979	1105	926	914	1093	2018-01-16 15:46:03.833626
18	20180115	1056	992	1119	991	1001	1134	951	954	1123	2018-01-16 15:46:03.833650
18	20180116	1068	1006	1130	999	1007	1169	976	994	1159	2018-01-16 15:46:03.833674
18	20180117	1099	1039	1156	1029	1021	1190	1000	1008	1196	2018-01-16 15:46:03.833697
18	20180118	1137	1050	1167	1046	1042	1211	1037	1021	1208	2018-01-16 15:46:03.833721
18	20180119	1151	1060	1187	1083	1053	1232	1055	1037	1226	2018-01-16 15:46:03.833763
18	20180120	1162	1076	1213	1104	1061	1258	1075	1043	1256	2018-01-16 15:46:03.833788
18	20180121	1194	1100	1243	1138	1079	1292	1082	1078	1283	2018-01-16 15:46:03.833812
18	20180122	1209	1125	1270	1158	1103	1300	1101	1088	1305	2018-01-16 15:46:03.833835
18	20180123	1234	1147	1300	1192	1136	1329	1113	1111	1319	2018-01-16 15:46:03.833859
18	20180124	1262	1159	1333	1200	1150	1350	1151	1129	1353	2018-01-16 15:46:03.833882
18	20180125	1293	1196	1345	1208	1172	1376	1188	1168	1374	2018-01-16 15:46:03.833905
18	20180126	1313	1212	1354	1237	1196	1389	1195	1203	1405	2018-01-16 15:46:03.833929
18	20180127	1330	1242	1361	1268	1210	1414	1214	1218	1432	2018-01-16 15:46:03.833952
18	20180128	1361	1267	1399	1282	1249	1441	1251	1232	1457	2018-01-16 15:46:03.833975
18	20180129	1398	1297	1412	1311	1258	1459	1260	1255	1497	2018-01-16 15:46:03.833999
18	20180130	1425	1303	1450	1347	1276	1467	1281	1287	1520	2018-01-16 15:46:03.834022
18	20180131	1458	1340	1469	1359	1282	1485	1315	1298	1560	2018-01-16 15:46:03.834045
19	20171201	27	15	11	14	31	9	32	32	32	2018-01-16 15:46:03.834081
19	20171202	32	38	43	39	43	25	44	51	37	2018-01-16 15:46:03.834103
19	20171203	51	64	63	56	72	55	83	80	46	2018-01-16 15:46:03.834124
19	20171204	80	99	103	96	105	80	109	88	58	2018-01-16 15:46:03.834146
19	20171205	118	134	111	121	138	119	137	95	70	2018-01-16 15:46:03.834168
19	20171206	151	146	142	161	170	146	159	117	94	2018-01-16 15:46:03.834189
19	20171207	186	182	154	167	210	154	176	131	130	2018-01-16 15:46:03.834211
19	20171208	215	195	185	172	227	172	181	164	153	2018-01-16 15:46:03.834243
19	20171209	241	204	213	193	263	193	189	171	162	2018-01-16 15:46:03.834277
19	20171210	264	217	226	230	300	220	202	211	194	2018-01-16 15:46:03.834299
19	20171211	295	237	232	267	324	235	216	233	214	2018-01-16 15:46:03.834320
19	20171212	325	267	238	278	338	258	233	263	250	2018-01-16 15:46:03.834342
19	20171213	356	303	266	306	378	266	263	276	264	2018-01-16 15:46:03.834364
19	20171214	389	336	277	325	389	301	270	297	273	2018-01-16 15:46:03.834385
19	20171215	404	357	282	363	418	312	305	304	289	2018-01-16 15:46:03.834408
19	20171216	438	368	303	368	444	351	313	321	300	2018-01-16 15:46:03.834429
19	20171217	456	373	325	379	459	369	350	347	315	2018-01-16 15:46:03.834462
19	20171218	489	404	338	418	482	383	367	356	327	2018-01-16 15:46:03.834486
19	20171219	518	430	372	442	492	422	383	394	355	2018-01-16 15:46:03.834509
19	20171220	541	442	409	465	515	442	419	421	360	2018-01-16 15:46:03.834532
19	20171221	546	454	434	485	551	453	440	433	377	2018-01-16 15:46:03.834556
19	20171222	582	482	451	520	579	468	458	441	390	2018-01-16 15:46:03.834579
19	20171223	603	510	457	546	618	485	469	454	427	2018-01-16 15:46:03.834602
19	20171224	642	525	464	577	658	514	493	464	465	2018-01-16 15:46:03.834626
19	20171225	658	547	480	607	690	545	506	473	497	2018-01-16 15:46:03.834650
19	20171226	688	583	505	624	695	559	512	502	517	2018-01-16 15:46:03.834674
19	20171227	717	615	529	647	702	577	542	542	551	2018-01-16 15:46:03.834697
19	20171228	757	637	537	671	724	603	573	559	588	2018-01-16 15:46:03.834720
19	20171229	792	654	570	696	753	618	593	586	622	2018-01-16 15:46:03.834744
19	20171230	802	664	585	707	761	653	601	607	641	2018-01-16 15:46:03.834767
19	20171231	823	686	621	730	781	691	623	623	678	2018-01-16 15:46:03.834792
19	20180101	836	723	650	743	794	728	661	646	694	2018-01-16 15:46:03.834816
19	20180102	868	757	672	748	819	742	678	657	710	2018-01-16 15:46:03.834840
19	20180103	899	768	699	758	853	748	689	674	723	2018-01-16 15:46:03.834864
19	20180104	904	801	728	778	879	770	720	705	744	2018-01-16 15:46:03.834889
19	20180105	935	806	762	806	902	795	731	718	777	2018-01-16 15:46:03.834913
19	20180106	975	825	782	833	911	810	736	730	800	2018-01-16 15:46:03.834937
19	20180107	1004	852	802	873	918	837	770	767	836	2018-01-16 15:46:03.834962
19	20180108	1043	879	828	912	938	869	797	793	845	2018-01-16 15:46:03.834985
19	20180109	1078	884	837	920	943	882	831	799	874	2018-01-16 15:46:03.835031
19	20180110	1109	901	843	951	959	899	845	839	891	2018-01-16 15:46:03.835056
19	20180111	1122	915	861	963	966	934	854	871	925	2018-01-16 15:46:03.835080
19	20180112	1156	923	901	981	990	941	892	887	943	2018-01-16 15:46:03.835103
19	20180113	1189	939	915	998	1005	956	899	893	970	2018-01-16 15:46:03.835126
19	20180114	1195	971	921	1027	1039	989	929	923	1001	2018-01-16 15:46:03.835150
19	20180115	1226	997	937	1060	1073	1011	957	938	1018	2018-01-16 15:46:03.835174
19	20180116	1257	1032	975	1100	1092	1030	996	947	1027	2018-01-16 15:46:03.835198
19	20180117	1295	1059	1002	1107	1109	1060	1023	952	1060	2018-01-16 15:46:03.835223
19	20180118	1328	1099	1008	1119	1130	1096	1028	971	1088	2018-01-16 15:46:03.835247
19	20180119	1366	1112	1023	1150	1136	1104	1060	999	1121	2018-01-16 15:46:03.835271
19	20180120	1399	1148	1033	1171	1147	1129	1083	1019	1131	2018-01-16 15:46:03.835297
19	20180121	1420	1181	1056	1200	1179	1167	1111	1036	1156	2018-01-16 15:46:03.835330
19	20180122	1449	1215	1074	1214	1209	1205	1130	1056	1161	2018-01-16 15:46:03.835356
19	20180123	1486	1225	1081	1228	1221	1221	1158	1082	1190	2018-01-16 15:46:03.835381
19	20180124	1516	1257	1091	1240	1246	1257	1195	1093	1216	2018-01-16 15:46:03.835406
19	20180125	1521	1273	1112	1267	1286	1294	1217	1104	1245	2018-01-16 15:46:03.835431
19	20180126	1528	1293	1145	1272	1312	1309	1238	1111	1250	2018-01-16 15:46:03.835455
19	20180127	1557	1323	1167	1292	1335	1317	1271	1119	1272	2018-01-16 15:46:03.835480
19	20180128	1574	1340	1179	1314	1343	1341	1306	1155	1294	2018-01-16 15:46:03.835505
19	20180129	1596	1361	1203	1352	1379	1381	1337	1175	1323	2018-01-16 15:46:03.835530
19	20180130	1634	1396	1226	1371	1409	1388	1351	1192	1346	2018-01-16 15:46:03.835554
19	20180131	1652	1420	1236	1399	1437	1405	1384	1197	1373	2018-01-16 15:46:03.835578
20	20171201	5	7	6	19	29	9	32	28	32	2018-01-16 15:46:03.835606
20	20171202	16	36	12	52	51	48	37	45	45	2018-01-16 15:46:03.835631
20	20171203	25	74	51	61	74	67	47	65	64	2018-01-16 15:46:03.835656
20	20171204	48	79	60	69	84	107	82	99	97	2018-01-16 15:46:03.835680
20	20171205	61	100	97	77	120	142	99	115	136	2018-01-16 15:46:03.835704
20	20171206	88	118	136	99	136	152	138	122	171	2018-01-16 15:46:03.835728
20	20171207	99	132	153	127	172	189	178	143	190	2018-01-16 15:46:03.835752
20	20171208	126	164	184	137	187	208	218	180	230	2018-01-16 15:46:03.835776
20	20171209	154	190	210	144	199	242	244	204	267	2018-01-16 15:46:03.835799
20	20171210	166	198	217	175	235	270	278	240	277	2018-01-16 15:46:03.835823
20	20171211	174	223	247	191	251	302	291	268	294	2018-01-16 15:46:03.835847
20	20171212	183	242	258	223	258	339	320	306	310	2018-01-16 15:46:03.835870
20	20171213	209	254	282	256	296	379	344	339	317	2018-01-16 15:46:03.835894
20	20171214	233	272	300	274	303	393	364	365	341	2018-01-16 15:46:03.835917
20	20171215	252	306	333	287	314	417	388	385	351	2018-01-16 15:46:03.835941
20	20171216	287	336	350	315	323	453	421	401	368	2018-01-16 15:46:03.835965
20	20171217	322	356	359	342	345	490	436	439	392	2018-01-16 15:46:03.835992
20	20171218	345	394	367	354	385	516	466	472	418	2018-01-16 15:46:03.836032
20	20171219	355	433	400	366	401	544	473	488	453	2018-01-16 15:46:03.836074
20	20171220	367	450	435	398	413	562	509	509	483	2018-01-16 15:46:03.836117
20	20171221	406	471	475	431	422	595	515	537	508	2018-01-16 15:46:03.836162
20	20171222	431	486	499	442	444	623	537	552	546	2018-01-16 15:46:03.836204
20	20171223	439	499	539	455	474	640	550	582	556	2018-01-16 15:46:03.836247
20	20171224	449	523	561	469	498	656	557	610	592	2018-01-16 15:46:03.836279
20	20171225	480	536	570	509	538	679	597	642	606	2018-01-16 15:46:03.836304
20	20171226	491	576	602	541	572	688	635	668	634	2018-01-16 15:46:03.836327
20	20171227	513	599	632	572	595	715	657	679	665	2018-01-16 15:46:03.836351
20	20171228	552	615	660	608	608	735	669	692	699	2018-01-16 15:46:03.836374
20	20171229	582	636	665	636	619	755	703	699	735	2018-01-16 15:46:03.836398
20	20171230	608	672	679	672	645	785	709	719	756	2018-01-16 15:46:03.836428
20	20171231	639	677	708	706	678	816	718	757	793	2018-01-16 15:46:03.836514
20	20180101	662	703	719	731	702	831	745	768	831	2018-01-16 15:46:03.836543
20	20180102	693	741	729	743	714	838	785	782	852	2018-01-16 15:46:03.836567
20	20180103	712	779	766	765	723	859	795	803	886	2018-01-16 15:46:03.836591
20	20180104	720	806	794	775	761	892	811	842	892	2018-01-16 15:46:03.836615
20	20180105	744	834	834	800	786	924	850	876	897	2018-01-16 15:46:03.836638
20	20180106	779	852	843	838	811	935	879	889	917	2018-01-16 15:46:03.836661
20	20180107	800	860	849	874	835	972	900	896	940	2018-01-16 15:46:03.836685
20	20180108	805	868	887	913	859	1008	936	925	957	2018-01-16 15:46:03.836708
20	20180109	814	890	908	919	887	1036	961	938	966	2018-01-16 15:46:03.836749
20	20180110	822	903	937	935	920	1045	1001	947	986	2018-01-16 15:46:03.836780
20	20180111	857	935	974	972	943	1085	1040	978	1006	2018-01-16 15:46:03.836804
20	20180112	880	940	984	999	953	1111	1078	991	1036	2018-01-16 15:46:03.836828
20	20180113	888	946	1000	1011	965	1140	1086	1012	1076	2018-01-16 15:46:03.836852
20	20180114	927	977	1037	1045	999	1162	1119	1022	1100	2018-01-16 15:46:03.836875
20	20180115	951	985	1061	1060	1035	1181	1137	1034	1131	2018-01-16 15:46:03.836899
20	20180116	979	1025	1077	1068	1067	1198	1165	1074	1164	2018-01-16 15:46:03.836923
20	20180117	1019	1063	1099	1106	1074	1218	1171	1099	1191	2018-01-16 15:46:03.836947
20	20180118	1034	1091	1118	1137	1101	1234	1186	1124	1197	2018-01-16 15:46:03.836971
20	20180119	1046	1101	1138	1151	1124	1263	1221	1144	1209	2018-01-16 15:46:03.836995
20	20180120	1054	1127	1155	1165	1148	1300	1239	1150	1247	2018-01-16 15:46:03.837018
20	20180121	1060	1145	1181	1189	1181	1308	1262	1165	1258	2018-01-16 15:46:03.837042
20	20180122	1074	1178	1210	1220	1213	1337	1293	1172	1290	2018-01-16 15:46:03.837065
20	20180123	1110	1199	1249	1245	1235	1374	1326	1183	1320	2018-01-16 15:46:03.837101
20	20180124	1128	1235	1269	1278	1248	1407	1342	1199	1325	2018-01-16 15:46:03.837129
20	20180125	1166	1247	1280	1306	1285	1420	1380	1223	1357	2018-01-16 15:46:03.837153
20	20180126	1196	1286	1307	1326	1294	1457	1397	1254	1384	2018-01-16 15:46:03.837176
20	20180127	1217	1307	1322	1365	1320	1484	1429	1289	1394	2018-01-16 15:46:03.837200
20	20180128	1225	1344	1338	1397	1344	1495	1438	1299	1417	2018-01-16 15:46:03.837224
20	20180129	1262	1372	1356	1431	1364	1511	1464	1306	1443	2018-01-16 15:46:03.837247
20	20180130	1290	1394	1362	1462	1391	1537	1499	1314	1459	2018-01-16 15:46:03.837270
20	20180131	1320	1432	1367	1475	1397	1558	1521	1353	1475	2018-01-16 15:46:03.837294
