0	20171201	4	14	161	10	7	28	17	2018-01-16 15:46:03.988449
0	20171202	2	6	92	9	54	186	35	2018-01-16 15:46:03.988476
0	20171203	7	13	198	34	31	100	46	2018-01-16 15:46:03.988496
0	20171204	9	95	136	21	36	228	41	2018-01-16 15:46:03.988515
0	20171205	3	95	68	16	112	146	27	2018-01-16 15:46:03.988534
0	20171206	5	24	102	9	107	76	48	2018-01-16 15:46:03.988553
0	20171207	5	72	102	37	31	116	21	2018-01-16 15:46:03.988571
0	20171208	10	37	11	25	104	107	69	2018-01-16 15:46:03.988590
0	20171209	5	94	250	45	56	47	40	2018-01-16 15:46:03.988608
0	20171210	2	20	134	24	99	282	63	2018-01-16 15:46:03.988627
0	20171211	11	99	45	17	46	152	55	2018-01-16 15:46:03.988645
0	20171212	6	3	139	19	133	73	33	2018-01-16 15:46:03.988664
0	20171213	8	96	173	24	16	161	45	2018-01-16 15:46:03.988682
0	20171214	1	4	127	36	106	178	46	2018-01-16 15:46:03.988701
0	20171215	8	66	101	38	21	156	67	2018-01-16 15:46:03.988719
0	20171216	11	51	137	21	95	125	71	2018-01-16 15:46:03.988738
0	20171217	1	87	123	32	81	149	38	2018-01-16 15:46:03.988758
0	20171218	11	0	48	17	105	128	67	2018-01-16 15:46:03.988776
0	20171219	4	68	46	20	25	64	57	2018-01-16 15:46:03.988795
0	20171220	9	88	24	18	90	72	40	2018-01-16 15:46:03.988813
0	20171221	6	84	1	33	125	41	24	2018-01-16 15:46:03.988832
0	20171222	1	42	204	19	119	18	45	2018-01-16 15:46:03.988850
0	20171223	4	58	166	31	56	230	27	2018-01-16 15:46:03.988869
0	20171224	6	83	144	13	88	202	40	2018-01-16 15:46:03.988887
0	20171225	5	77	194	21	94	175	19	2018-01-16 15:46:03.988906
0	20171226	1	19	46	24	115	208	35	2018-01-16 15:46:03.988924
0	20171227	4	51	110	37	41	83	61	2018-01-16 15:46:03.988943
0	20171228	7	50	208	20	66	124	77	2018-01-16 15:46:03.988961
0	20171229	7	36	52	30	66	245	43	2018-01-16 15:46:03.988980
0	20171230	3	67	35	25	56	68	51	2018-01-16 15:46:03.988998
0	20171231	5	96	228	16	91	56	36	2018-01-16 15:46:03.989017
0	20180101	11	55	108	33	114	267	44	2018-01-16 15:46:03.989035
0	20180102	11	11	147	33	60	122	52	2018-01-16 15:46:03.989053
0	20180103	6	2	216	21	50	161	42	2018-01-16 15:46:03.989072
0	20180104	4	35	198	45	34	251	37	2018-01-16 15:46:03.989090
0	20180105	3	55	69	26	69	228	52	2018-01-16 15:46:03.989108
0	20180106	7	73	197	14	93	101	51	2018-01-16 15:46:03.989127
0	20180107	11	27	134	45	84	237	39	2018-01-16 15:46:03.989145
0	20180108	7	93	246	45	33	164	52	2018-01-16 15:46:03.989163
0	20180109	2	41	210	36	115	261	81	2018-01-16 15:46:03.989182
0	20180110	1	50	29	35	78	236	58	2018-01-16 15:46:03.989200
0	20180111	3	65	169	27	58	35	74	2018-01-16 15:46:03.989218
0	20180112	10	58	201	20	75	183	41	2018-01-16 15:46:03.989236
0	20180113	5	30	3	32	69	218	48	2018-01-16 15:46:03.989255
0	20180114	10	34	226	25	69	19	70	2018-01-16 15:46:03.989273
0	20180115	4	29	118	45	39	250	51	2018-01-16 15:46:03.989291
0	20180116	10	89	125	36	67	132	76	2018-01-16 15:46:03.989310
0	20180117	10	23	78	49	96	155	51	2018-01-16 15:46:03.989328
0	20180118	10	69	145	23	60	90	62	2018-01-16 15:46:03.989347
0	20180119	10	87	54	36	98	152	36	2018-01-16 15:46:03.989365
0	20180120	10	30	128	45	127	76	46	2018-01-16 15:46:03.989383
0	20180121	4	94	123	31	64	142	75	2018-01-16 15:46:03.989402
0	20180122	1	22	110	30	102	147	60	2018-01-16 15:46:03.989420
0	20180123	10	91	107	39	50	134	36	2018-01-16 15:46:03.989439
0	20180124	11	21	222	22	128	133	44	2018-01-16 15:46:03.989457
0	20180125	7	90	123	21	33	262	39	2018-01-16 15:46:03.989476
0	20180126	7	39	209	37	108	163	42	2018-01-16 15:46:03.989495
0	20180127	9	52	238	21	64	216	43	2018-01-16 15:46:03.989513
0	20180128	6	76	106	28	83	247	52	2018-01-16 15:46:03.989532
0	20180129	7	97	41	24	100	140	63	2018-01-16 15:46:03.989563
0	20180130	6	65	76	29	132	58	46	2018-01-16 15:46:03.989583
0	20180131	1	52	134	32	76	110	59	2018-01-16 15:46:03.989614
1	20171201	11	197	29	28	32	13	7	2018-01-16 15:46:03.989634
1	20171202	5	110	222	37	219	56	54	2018-01-16 15:46:03.989653
1	20171203	7	140	233	29	147	253	45	2018-01-16 15:46:03.989672
1	20171204	7	146	177	22	146	256	34	2018-01-16 15:46:03.989690
1	20171205	7	114	167	36	151	196	27	2018-01-16 15:46:03.989709
1	20171206	5	105	94	23	122	189	64	2018-01-16 15:46:03.989727
1	20171207	11	111	179	31	116	112	36	2018-01-16 15:46:03.989768
1	20171208	8	167	202	32	144	209	40	2018-01-16 15:46:03.989789
1	20171209	3	100	100	31	191	214	65	2018-01-16 15:46:03.989807
1	20171210	8	152	10	27	125	106	67	2018-01-16 15:46:03.989826
1	20171211	6	172	232	42	192	50	43	2018-01-16 15:46:03.989844
1	20171212	4	183	112	11	205	265	70	2018-01-16 15:46:03.989863
1	20171213	7	131	26	35	221	140	30	2018-01-16 15:46:03.989881
1	20171214	4	142	145	22	161	61	52	2018-01-16 15:46:03.989900
1	20171215	8	178	214	27	165	166	39	2018-01-16 15:46:03.989918
1	20171216	11	107	137	48	194	253	66	2018-01-16 15:46:03.989936
1	20171217	2	166	52	35	135	167	86	2018-01-16 15:46:03.989954
1	20171218	7	106	135	33	177	80	46	2018-01-16 15:46:03.989973
1	20171219	3	195	128	13	126	162	43	2018-01-16 15:46:03.989991
1	20171220	6	156	240	18	234	153	26	2018-01-16 15:46:03.990009
1	20171221	5	115	59	20	186	265	28	2018-01-16 15:46:03.990028
1	20171222	2	149	69	44	143	88	57	2018-01-16 15:46:03.990046
1	20171223	11	105	202	7	162	101	60	2018-01-16 15:46:03.990064
1	20171224	7	159	53	38	115	207	22	2018-01-16 15:46:03.990083
1	20171225	10	100	244	30	190	72	61	2018-01-16 15:46:03.990101
1	20171226	3	116	217	27	126	252	36	2018-01-16 15:46:03.990119
1	20171227	8	185	59	19	156	224	58	2018-01-16 15:46:03.990138
1	20171228	3	134	118	18	223	89	42	2018-01-16 15:46:03.990156
1	20171229	10	186	42	19	161	146	27	2018-01-16 15:46:03.990174
1	20171230	3	124	207	34	193	54	32	2018-01-16 15:46:03.990193
1	20171231	2	199	177	19	162	219	41	2018-01-16 15:46:03.990211
1	20180101	10	126	135	14	205	193	47	2018-01-16 15:46:03.990230
1	20180102	7	129	195	33	166	174	35	2018-01-16 15:46:03.990249
1	20180103	4	165	11	44	136	234	60	2018-01-16 15:46:03.990268
1	20180104	11	153	5	10	179	41	81	2018-01-16 15:46:03.990286
1	20180105	4	154	105	19	192	22	41	2018-01-16 15:46:03.990304
1	20180106	4	113	3	30	194	131	54	2018-01-16 15:46:03.990323
1	20180107	8	144	160	24	151	26	64	2018-01-16 15:46:03.990341
1	20180108	7	118	158	32	159	197	55	2018-01-16 15:46:03.990359
1	20180109	6	157	136	29	139	170	66	2018-01-16 15:46:03.990378
1	20180110	1	189	242	34	177	146	45	2018-01-16 15:46:03.990396
1	20180111	10	108	43	36	196	257	51	2018-01-16 15:46:03.990415
1	20180112	6	128	119	18	121	70	64	2018-01-16 15:46:03.990433
1	20180113	6	103	12	45	162	137	43	2018-01-16 15:46:03.990451
1	20180114	9	193	53	28	138	28	69	2018-01-16 15:46:03.990469
1	20180115	10	156	184	23	213	68	46	2018-01-16 15:46:03.990488
1	20180116	3	117	42	48	163	208	59	2018-01-16 15:46:03.990506
1	20180117	7	146	62	39	129	64	80	2018-01-16 15:46:03.990524
1	20180118	5	177	230	25	151	96	74	2018-01-16 15:46:03.990543
1	20180119	10	143	162	16	217	253	31	2018-01-16 15:46:03.990561
1	20180120	1	180	221	44	169	184	44	2018-01-16 15:46:03.990579
1	20180121	9	134	215	38	215	260	65	2018-01-16 15:46:03.990598
1	20180122	7	174	146	43	172	244	63	2018-01-16 15:46:03.990616
1	20180123	1	146	218	35	202	179	75	2018-01-16 15:46:03.990634
1	20180124	10	177	222	22	180	255	60	2018-01-16 15:46:03.990653
1	20180125	2	143	220	42	183	249	46	2018-01-16 15:46:03.990671
1	20180126	1	176	59	25	179	246	75	2018-01-16 15:46:03.990689
1	20180127	4	143	232	37	193	68	59	2018-01-16 15:46:03.990708
1	20180128	7	146	170	11	164	266	44	2018-01-16 15:46:03.990726
1	20180129	3	174	142	30	151	186	47	2018-01-16 15:46:03.990745
1	20180130	11	154	181	9	187	162	49	2018-01-16 15:46:03.990763
1	20180131	3	166	96	44	194	193	16	2018-01-16 15:46:03.990781
2	20171201	3	237	45	23	5	5	29	2018-01-16 15:46:03.990801
2	20171202	9	227	175	34	251	64	44	2018-01-16 15:46:03.990820
2	20171203	1	252	155	18	265	213	57	2018-01-16 15:46:03.990838
2	20171204	11	263	140	26	279	164	54	2018-01-16 15:46:03.990856
2	20171205	4	228	16	23	303	171	32	2018-01-16 15:46:03.990875
2	20171206	1	278	226	34	234	24	36	2018-01-16 15:46:03.990893
2	20171207	10	224	48	32	284	234	50	2018-01-16 15:46:03.990911
2	20171208	8	226	197	43	256	53	61	2018-01-16 15:46:03.990930
2	20171209	5	298	198	45	266	237	83	2018-01-16 15:46:03.990948
2	20171210	7	218	121	18	338	213	59	2018-01-16 15:46:03.990985
2	20171211	4	286	108	44	240	131	55	2018-01-16 15:46:03.991005
2	20171212	10	244	46	21	318	127	52	2018-01-16 15:46:03.991024
2	20171213	7	268	227	28	268	84	57	2018-01-16 15:46:03.991043
2	20171214	11	275	230	38	285	258	42	2018-01-16 15:46:03.991061
2	20171215	2	239	226	41	285	263	67	2018-01-16 15:46:03.991080
2	20171216	9	279	84	8	248	247	55	2018-01-16 15:46:03.991098
2	20171217	9	294	6	17	313	117	28	2018-01-16 15:46:03.991117
2	20171218	3	275	60	25	323	33	30	2018-01-16 15:46:03.991135
2	20171219	6	260	196	36	283	95	52	2018-01-16 15:46:03.991153
2	20171220	9	258	167	27	272	220	43	2018-01-16 15:46:03.991172
2	20171221	7	208	96	27	296	200	35	2018-01-16 15:46:03.991190
2	20171222	9	252	210	30	235	114	42	2018-01-16 15:46:03.991209
2	20171223	5	276	115	44	288	215	42	2018-01-16 15:46:03.991227
2	20171224	9	218	138	19	282	145	67	2018-01-16 15:46:03.991245
2	20171225	1	206	93	28	258	163	33	2018-01-16 15:46:03.991264
2	20171226	6	222	115	12	232	107	53	2018-01-16 15:46:03.991282
2	20171227	6	232	245	30	252	125	41	2018-01-16 15:46:03.991300
2	20171228	10	296	105	24	261	262	66	2018-01-16 15:46:03.991346
2	20171229	2	231	84	25	336	145	47	2018-01-16 15:46:03.991379
2	20171230	11	247	18	9	237	118	41	2018-01-16 15:46:03.991398
2	20171231	1	267	122	23	263	33	19	2018-01-16 15:46:03.991417
2	20180101	5	228	7	40	293	133	44	2018-01-16 15:46:03.991435
2	20180102	5	226	104	35	252	31	52	2018-01-16 15:46:03.991453
2	20180103	4	293	183	38	245	140	63	2018-01-16 15:46:03.991472
2	20180104	6	268	197	28	314	215	44	2018-01-16 15:46:03.991490
2	20180105	2	203	101	44	285	217	44	2018-01-16 15:46:03.991509
2	20180106	4	245	221	16	211	110	73	2018-01-16 15:46:03.991527
2	20180107	10	287	166	44	274	260	31	2018-01-16 15:46:03.991546
2	20180108	9	230	22	40	325	184	55	2018-01-16 15:46:03.991564
2	20180109	8	224	206	20	259	32	54	2018-01-16 15:46:03.991582
2	20180110	2	213	189	18	232	213	48	2018-01-16 15:46:03.991601
2	20180111	5	217	161	35	249	226	47	2018-01-16 15:46:03.991619
2	20180112	6	241	67	37	241	201	45	2018-01-16 15:46:03.991638
2	20180113	3	299	58	26	261	82	49	2018-01-16 15:46:03.991656
2	20180114	10	209	21	23	324	91	62	2018-01-16 15:46:03.991675
2	20180115	7	294	206	44	239	50	34	2018-01-16 15:46:03.991693
2	20180116	1	255	46	44	310	246	59	2018-01-16 15:46:03.991712
2	20180117	3	228	177	29	294	58	60	2018-01-16 15:46:03.991740
2	20180118	4	272	100	37	255	214	53	2018-01-16 15:46:03.991761
2	20180119	4	246	1	30	283	127	53	2018-01-16 15:46:03.991792
2	20180120	2	283	180	32	284	28	39	2018-01-16 15:46:03.991810
2	20180121	10	232	121	14	291	212	62	2018-01-16 15:46:03.991829
2	20180122	2	249	150	38	271	126	29	2018-01-16 15:46:03.991847
2	20180123	5	231	74	37	281	182	67	2018-01-16 15:46:03.991865
2	20180124	4	280	184	35	255	97	72	2018-01-16 15:46:03.991884
2	20180125	10	283	104	17	302	204	69	2018-01-16 15:46:03.991902
2	20180126	1	244	99	15	301	119	47	2018-01-16 15:46:03.991921
2	20180127	6	243	176	38	269	113	25	2018-01-16 15:46:03.991939
2	20180128	6	224	124	16	263	189	54	2018-01-16 15:46:03.991958
2	20180129	6	220	242	14	245	131	37	2018-01-16 15:46:03.991977
2	20180130	2	265	222	11	248	257	43	2018-01-16 15:46:03.991995
2	20180131	5	263	180	14	285	231	43	2018-01-16 15:46:03.992013
3	20171201	3	383	184	30	11	17	30	2018-01-16 15:46:03.992034
3	20171202	4	363	69	12	417	195	40	2018-01-16 15:46:03.992052
3	20171203	5	386	23	19	391	78	51	2018-01-16 15:46:03.992071
3	20171204	2	356	135	30	405	62	56	2018-01-16 15:46:03.992089
3	20171205	9	380	54	31	371	146	56	2018-01-16 15:46:03.992108
3	20171206	1	311	211	24	408	65	47	2018-01-16 15:46:03.992126
3	20171207	8	344	76	25	349	247	47	2018-01-16 15:46:03.992144
3	20171208	3	365	37	38	353	94	65	2018-01-16 15:46:03.992163
3	20171209	6	364	6	22	373	54	78	2018-01-16 15:46:03.992181
3	20171210	3	366	168	39	402	37	50	2018-01-16 15:46:03.992199
3	20171211	7	315	133	16	388	191	44	2018-01-16 15:46:03.992218
3	20171212	1	341	167	39	329	151	35	2018-01-16 15:46:03.992236
3	20171213	2	393	31	15	350	178	58	2018-01-16 15:46:03.992255
3	20171214	1	389	151	22	408	44	33	2018-01-16 15:46:03.992291
3	20171215	7	366	43	27	404	179	39	2018-01-16 15:46:03.992311
3	20171216	4	355	166	41	388	54	58	2018-01-16 15:46:03.992330
3	20171217	11	313	121	14	364	204	59	2018-01-16 15:46:03.992348
3	20171218	8	301	24	29	340	135	28	2018-01-16 15:46:03.992367
3	20171219	5	332	69	32	330	39	52	2018-01-16 15:46:03.992385
3	20171220	7	321	235	35	356	79	48	2018-01-16 15:46:03.992404
3	20171221	6	304	224	18	352	265	61	2018-01-16 15:46:03.992422
3	20171222	10	310	95	32	344	254	53	2018-01-16 15:46:03.992441
3	20171223	10	308	58	41	338	123	57	2018-01-16 15:46:03.992459
3	20171224	11	370	24	21	315	98	65	2018-01-16 15:46:03.992478
3	20171225	7	340	228	21	388	43	59	2018-01-16 15:46:03.992496
3	20171226	3	356	136	43	372	244	26	2018-01-16 15:46:03.992516
3	20171227	3	307	103	21	374	155	61	2018-01-16 15:46:03.992534
3	20171228	7	306	102	26	312	117	52	2018-01-16 15:46:03.992552
3	20171229	6	378	217	41	314	140	56	2018-01-16 15:46:03.992571
3	20171230	2	390	134	33	408	248	67	2018-01-16 15:46:03.992589
3	20171231	10	301	33	35	399	166	39	2018-01-16 15:46:03.992607
3	20180101	9	388	9	28	321	40	61	2018-01-16 15:46:03.992626
3	20180102	5	360	27	15	407	15	68	2018-01-16 15:46:03.992644
3	20180103	4	398	115	24	378	50	24	2018-01-16 15:46:03.992662
3	20180104	10	355	184	38	409	131	38	2018-01-16 15:46:03.992680
3	20180105	9	397	102	28	378	190	58	2018-01-16 15:46:03.992699
3	20180106	10	353	95	31	415	111	60	2018-01-16 15:46:03.992717
3	20180107	1	355	56	31	366	101	62	2018-01-16 15:46:03.992736
3	20180108	6	306	195	9	378	79	38	2018-01-16 15:46:03.992754
3	20180109	6	377	207	29	338	202	28	2018-01-16 15:46:03.992772
3	20180110	7	360	30	40	411	235	52	2018-01-16 15:46:03.992791
3	20180111	11	346	133	32	376	44	68	2018-01-16 15:46:03.992809
3	20180112	2	360	32	27	385	146	54	2018-01-16 15:46:03.992828
3	20180113	1	390	126	25	378	69	57	2018-01-16 15:46:03.992846
3	20180114	7	379	193	26	423	141	65	2018-01-16 15:46:03.992865
3	20180115	6	340	244	45	419	209	58	2018-01-16 15:46:03.992883
3	20180116	7	378	170	24	370	277	73	2018-01-16 15:46:03.992902
3	20180117	8	361	230	14	385	181	44	2018-01-16 15:46:03.992920
3	20180118	10	388	16	23	378	268	31	2018-01-16 15:46:03.992939
3	20180119	1	339	41	34	396	42	33	2018-01-16 15:46:03.992957
3	20180120	3	372	81	23	358	58	72	2018-01-16 15:46:03.992976
3	20180121	9	399	162	18	403	88	52	2018-01-16 15:46:03.992994
3	20180122	5	389	4	33	411	181	27	2018-01-16 15:46:03.993013
3	20180123	3	393	221	41	425	19	54	2018-01-16 15:46:03.993031
3	20180124	9	311	140	19	411	241	49	2018-01-16 15:46:03.993050
3	20180125	11	314	13	19	316	145	50	2018-01-16 15:46:03.993068
3	20180126	9	317	156	29	330	37	38	2018-01-16 15:46:03.993086
3	20180127	10	356	230	27	329	182	48	2018-01-16 15:46:03.993104
3	20180128	10	311	9	18	367	248	57	2018-01-16 15:46:03.993123
3	20180129	10	345	176	17	350	14	44	2018-01-16 15:46:03.993141
3	20180130	6	388	166	35	363	214	54	2018-01-16 15:46:03.993159
3	20180131	10	390	38	33	424	182	75	2018-01-16 15:46:03.993178
4	20171201	7	406	216	13	27	33	34	2018-01-16 15:46:03.993197
4	20171202	1	452	186	41	411	253	34	2018-01-16 15:46:03.993216
4	20171203	3	414	57	12	487	192	81	2018-01-16 15:46:03.993235
4	20171204	7	477	106	8	429	92	29	2018-01-16 15:46:03.993254
4	20171205	1	446	164	36	511	131	14	2018-01-16 15:46:03.993272
4	20171206	5	471	80	30	479	169	62	2018-01-16 15:46:03.993291
4	20171207	11	483	27	18	486	119	63	2018-01-16 15:46:03.993309
4	20171208	7	404	63	29	507	66	38	2018-01-16 15:46:03.993328
4	20171209	11	479	32	15	426	69	44	2018-01-16 15:46:03.993346
4	20171210	7	458	109	45	512	53	20	2018-01-16 15:46:03.993364
4	20171211	1	425	38	34	471	137	73	2018-01-16 15:46:03.993383
4	20171212	3	435	141	32	460	54	59	2018-01-16 15:46:03.993402
4	20171213	4	467	122	21	456	154	55	2018-01-16 15:46:03.993420
4	20171214	8	405	227	43	479	127	49	2018-01-16 15:46:03.993438
4	20171215	8	466	249	42	426	255	75	2018-01-16 15:46:03.993457
4	20171216	7	497	212	23	487	285	74	2018-01-16 15:46:03.993475
4	20171217	9	422	6	43	537	218	44	2018-01-16 15:46:03.993494
4	20171218	3	429	75	47	457	19	56	2018-01-16 15:46:03.993528
4	20171219	11	434	132	29	449	105	87	2018-01-16 15:46:03.993548
4	20171220	1	407	57	44	440	145	36	2018-01-16 15:46:03.993566
4	20171221	4	490	116	20	447	96	80	2018-01-16 15:46:03.993585
4	20171222	3	492	135	22	513	127	43	2018-01-16 15:46:03.993603
4	20171223	5	439	66	19	509	140	32	2018-01-16 15:46:03.993622
4	20171224	7	461	20	22	479	92	43	2018-01-16 15:46:03.993651
4	20171225	6	430	54	47	492	28	38	2018-01-16 15:46:03.993671
4	20171226	10	409	135	27	448	84	64	2018-01-16 15:46:03.993700
4	20171227	9	415	111	32	430	150	33	2018-01-16 15:46:03.993719
4	20171228	11	430	240	40	444	135	44	2018-01-16 15:46:03.993737
4	20171229	1	492	216	29	451	255	48	2018-01-16 15:46:03.993755
4	20171230	8	436	199	24	499	229	43	2018-01-16 15:46:03.993774
4	20171231	6	410	151	19	457	207	41	2018-01-16 15:46:03.993792
4	20180101	2	423	175	25	448	179	25	2018-01-16 15:46:03.993811
4	20180102	11	481	15	10	454	180	59	2018-01-16 15:46:03.993829
4	20180103	6	401	41	23	512	35	25	2018-01-16 15:46:03.993847
4	20180104	8	418	212	22	434	77	41	2018-01-16 15:46:03.993865
4	20180105	9	493	64	47	430	237	42	2018-01-16 15:46:03.993884
4	20180106	7	496	113	38	503	101	65	2018-01-16 15:46:03.993902
4	20180107	3	429	5	29	518	139	45	2018-01-16 15:46:03.993920
4	20180108	5	404	56	24	435	39	43	2018-01-16 15:46:03.993939
4	20180109	11	482	63	12	434	80	41	2018-01-16 15:46:03.993957
4	20180110	11	483	219	23	498	97	43	2018-01-16 15:46:03.993975
4	20180111	2	438	9	16	520	230	41	2018-01-16 15:46:03.993994
4	20180112	5	458	122	21	444	32	55	2018-01-16 15:46:03.994013
4	20180113	7	494	127	14	488	127	46	2018-01-16 15:46:03.994032
4	20180114	2	476	119	40	519	155	50	2018-01-16 15:46:03.994050
4	20180115	6	457	135	18	516	154	46	2018-01-16 15:46:03.994068
4	20180116	5	425	20	40	488	156	56	2018-01-16 15:46:03.994087
4	20180117	5	420	217	12	439	52	64	2018-01-16 15:46:03.994105
4	20180118	5	417	65	39	445	236	27	2018-01-16 15:46:03.994124
4	20180119	1	404	83	30	440	85	55	2018-01-16 15:46:03.994142
4	20180120	4	410	152	41	443	93	41	2018-01-16 15:46:03.994160
4	20180121	2	414	97	22	450	190	76	2018-01-16 15:46:03.994178
4	20180122	8	415	197	41	435	134	41	2018-01-16 15:46:03.994197
4	20180123	9	442	191	47	438	211	77	2018-01-16 15:46:03.994215
4	20180124	9	423	57	37	454	230	72	2018-01-16 15:46:03.994233
4	20180125	3	497	122	18	452	66	74	2018-01-16 15:46:03.994251
4	20180126	5	457	2	39	504	144	34	2018-01-16 15:46:03.994270
4	20180127	5	468	125	38	467	11	51	2018-01-16 15:46:03.994288
4	20180128	10	421	16	32	501	135	76	2018-01-16 15:46:03.994306
4	20180129	11	447	246	41	457	55	72	2018-01-16 15:46:03.994325
4	20180130	11	410	181	48	481	286	70	2018-01-16 15:46:03.994343
4	20180131	6	445	82	29	419	205	56	2018-01-16 15:46:03.994362
5	20171201	8	566	242	36	8	6	23	2018-01-16 15:46:03.994382
5	20171202	1	574	173	17	585	277	50	2018-01-16 15:46:03.994401
5	20171203	3	519	90	12	603	213	54	2018-01-16 15:46:03.994419
5	20171204	9	566	155	8	528	96	51	2018-01-16 15:46:03.994437
5	20171205	6	543	127	25	578	169	13	2018-01-16 15:46:03.994456
5	20171206	7	550	42	32	579	133	33	2018-01-16 15:46:03.994490
5	20171207	8	505	69	37	572	69	48	2018-01-16 15:46:03.994511
5	20171208	6	595	14	39	514	97	69	2018-01-16 15:46:03.994540
5	20171209	7	567	194	18	603	33	52	2018-01-16 15:46:03.994558
5	20171210	10	562	69	34	575	211	45	2018-01-16 15:46:03.994577
5	20171211	2	590	194	35	579	81	59	2018-01-16 15:46:03.994595
5	20171212	11	526	39	20	596	220	71	2018-01-16 15:46:03.994614
5	20171213	6	552	60	42	541	66	28	2018-01-16 15:46:03.994632
5	20171214	2	527	140	26	574	74	62	2018-01-16 15:46:03.994650
5	20171215	3	552	73	19	560	162	46	2018-01-16 15:46:03.994669
5	20171216	3	518	132	43	566	102	59	2018-01-16 15:46:03.994688
5	20171217	1	555	190	18	547	144	77	2018-01-16 15:46:03.994706
5	20171218	7	532	207	37	593	230	38	2018-01-16 15:46:03.994724
5	20171219	9	501	60	16	552	220	42	2018-01-16 15:46:03.994744
5	20171220	1	524	145	24	513	82	29	2018-01-16 15:46:03.994762
5	20171221	1	516	219	16	558	168	63	2018-01-16 15:46:03.994797
5	20171222	11	554	100	31	522	240	46	2018-01-16 15:46:03.994817
5	20171223	11	560	191	35	575	124	45	2018-01-16 15:46:03.994836
5	20171224	9	543	24	44	582	213	50	2018-01-16 15:46:03.994854
5	20171225	6	510	233	31	561	58	64	2018-01-16 15:46:03.994872
5	20171226	7	552	164	19	525	246	71	2018-01-16 15:46:03.994891
5	20171227	1	587	162	47	565	172	31	2018-01-16 15:46:03.994909
5	20171228	6	526	245	26	604	173	68	2018-01-16 15:46:03.994928
5	20171229	7	517	156	40	563	272	59	2018-01-16 15:46:03.994946
5	20171230	11	506	243	20	523	164	54	2018-01-16 15:46:03.994964
5	20171231	4	595	229	49	545	268	48	2018-01-16 15:46:03.994983
5	20180101	1	566	25	31	635	237	76	2018-01-16 15:46:03.995001
5	20180102	2	571	17	8	591	31	39	2018-01-16 15:46:03.995019
5	20180103	3	518	149	14	588	49	46	2018-01-16 15:46:03.995038
5	20180104	8	580	197	21	541	187	29	2018-01-16 15:46:03.995056
5	20180105	11	563	60	46	619	203	31	2018-01-16 15:46:03.995075
5	20180106	9	508	154	47	599	91	64	2018-01-16 15:46:03.995093
5	20180107	5	550	101	26	514	183	73	2018-01-16 15:46:03.995112
5	20180108	5	545	151	29	576	120	42	2018-01-16 15:46:03.995130
5	20180109	7	564	41	31	567	182	39	2018-01-16 15:46:03.995148
5	20180110	4	569	118	14	574	59	54	2018-01-16 15:46:03.995166
5	20180111	1	516	27	27	593	128	33	2018-01-16 15:46:03.995185
5	20180112	11	576	44	38	550	44	34	2018-01-16 15:46:03.995203
5	20180113	5	505	236	43	597	74	47	2018-01-16 15:46:03.995222
5	20180114	9	564	63	38	510	254	71	2018-01-16 15:46:03.995240
5	20180115	9	586	27	17	586	96	74	2018-01-16 15:46:03.995259
5	20180116	1	543	111	49	621	35	47	2018-01-16 15:46:03.995277
5	20180117	7	524	225	9	578	128	77	2018-01-16 15:46:03.995295
5	20180118	2	522	21	12	548	239	15	2018-01-16 15:46:03.995331
5	20180119	5	514	109	38	545	60	51	2018-01-16 15:46:03.995352
5	20180120	9	547	168	25	536	145	54	2018-01-16 15:46:03.995381
5	20180121	3	558	242	39	559	197	52	2018-01-16 15:46:03.995400
5	20180122	7	504	78	25	596	253	61	2018-01-16 15:46:03.995418
5	20180123	9	533	230	31	511	113	65	2018-01-16 15:46:03.995436
5	20180124	5	546	147	44	549	257	71	2018-01-16 15:46:03.995455
5	20180125	11	521	103	37	561	165	59	2018-01-16 15:46:03.995473
5	20180126	8	589	246	46	555	132	52	2018-01-16 15:46:03.995492
5	20180127	10	556	142	29	615	281	57	2018-01-16 15:46:03.995511
5	20180128	6	559	189	25	572	158	57	2018-01-16 15:46:03.995529
5	20180129	1	549	194	12	596	197	48	2018-01-16 15:46:03.995548
5	20180130	5	542	14	19	563	230	22	2018-01-16 15:46:03.995566
5	20180131	10	575	166	45	578	49	24	2018-01-16 15:46:03.995585
6	20171201	8	663	175	36	16	35	34	2018-01-16 15:46:03.995604
6	20171202	1	675	53	25	681	204	63	2018-01-16 15:46:03.995623
6	20171203	5	603	7	27	697	71	48	2018-01-16 15:46:03.995641
6	20171204	6	643	134	11	620	46	45	2018-01-16 15:46:03.995660
6	20171205	9	679	152	36	665	174	40	2018-01-16 15:46:03.995678
6	20171206	9	643	29	34	701	188	67	2018-01-16 15:46:03.995696
6	20171207	5	621	183	45	660	40	48	2018-01-16 15:46:03.995715
6	20171208	8	647	235	26	640	222	68	2018-01-16 15:46:03.995734
6	20171209	4	602	240	39	654	271	41	2018-01-16 15:46:03.995752
6	20171210	11	651	93	39	642	268	70	2018-01-16 15:46:03.995771
6	20171211	5	677	148	31	677	107	79	2018-01-16 15:46:03.995789
6	20171212	7	613	5	18	711	177	54	2018-01-16 15:46:03.995808
6	20171213	8	626	182	36	620	14	37	2018-01-16 15:46:03.995826
6	20171214	6	651	47	21	664	211	52	2018-01-16 15:46:03.995845
6	20171215	1	676	140	22	666	62	30	2018-01-16 15:46:03.995864
6	20171216	3	685	135	15	685	173	35	2018-01-16 15:46:03.995894
6	20171217	3	657	157	20	703	147	50	2018-01-16 15:46:03.995922
6	20171218	4	670	100	21	682	192	30	2018-01-16 15:46:03.995951
6	20171219	11	607	65	42	695	111	61	2018-01-16 15:46:03.995994
6	20171220	2	664	65	45	623	79	66	2018-01-16 15:46:03.996016
6	20171221	9	652	158	17	677	99	69	2018-01-16 15:46:03.996037
6	20171222	6	603	18	18	662	171	37	2018-01-16 15:46:03.996057
6	20171223	2	632	132	15	608	24	25	2018-01-16 15:46:03.996088
6	20171224	11	607	35	7	667	153	46	2018-01-16 15:46:03.996132
6	20171225	11	636	27	30	640	54	17	2018-01-16 15:46:03.996197
6	20171226	11	691	195	33	655	65	35	2018-01-16 15:46:03.996221
6	20171227	11	614	99	51	716	235	68	2018-01-16 15:46:03.996266
6	20171228	5	604	58	32	629	128	56	2018-01-16 15:46:03.996300
6	20171229	1	621	245	31	613	96	44	2018-01-16 15:46:03.996332
6	20171230	11	661	1	12	661	259	40	2018-01-16 15:46:03.996373
6	20171231	8	677	188	39	675	15	41	2018-01-16 15:46:03.996405
6	20180101	5	600	197	35	697	215	61	2018-01-16 15:46:03.996428
6	20180102	6	640	7	32	622	207	64	2018-01-16 15:46:03.996451
6	20180103	6	631	113	19	672	19	45	2018-01-16 15:46:03.996472
6	20180104	6	651	33	34	668	147	33	2018-01-16 15:46:03.996507
6	20180105	7	643	96	36	680	66	44	2018-01-16 15:46:03.996535
6	20180106	3	614	96	40	664	109	62	2018-01-16 15:46:03.996571
6	20180107	5	630	17	30	633	110	75	2018-01-16 15:46:03.996619
6	20180108	1	665	120	12	661	29	38	2018-01-16 15:46:03.996657
6	20180109	11	656	153	40	690	155	47	2018-01-16 15:46:03.996687
6	20180110	7	689	97	30	680	190	72	2018-01-16 15:46:03.996709
6	20180111	4	609	144	45	726	120	68	2018-01-16 15:46:03.996731
6	20180112	6	651	149	31	638	182	78	2018-01-16 15:46:03.996750
6	20180113	1	681	67	18	674	161	52	2018-01-16 15:46:03.996771
6	20180114	11	666	205	31	695	105	36	2018-01-16 15:46:03.996791
6	20180115	8	687	132	47	683	236	65	2018-01-16 15:46:03.996811
6	20180116	11	628	222	34	704	170	72	2018-01-16 15:46:03.996844
6	20180117	1	679	130	39	668	247	47	2018-01-16 15:46:03.996868
6	20180118	7	666	110	24	712	148	67	2018-01-16 15:46:03.996890
6	20180119	5	612	96	13	674	145	59	2018-01-16 15:46:03.996923
6	20180120	9	608	80	27	638	122	51	2018-01-16 15:46:03.996944
6	20180121	1	641	130	36	644	117	38	2018-01-16 15:46:03.996964
6	20180122	4	663	146	31	656	169	63	2018-01-16 15:46:03.996986
6	20180123	10	671	139	12	675	156	55	2018-01-16 15:46:03.997005
6	20180124	5	677	2	49	710	169	38	2018-01-16 15:46:03.997025
6	20180125	7	675	19	21	699	16	85	2018-01-16 15:46:03.997046
6	20180126	7	629	8	34	687	35	37	2018-01-16 15:46:03.997065
6	20180127	6	613	102	46	661	29	64	2018-01-16 15:46:03.997084
6	20180128	3	659	29	18	636	122	51	2018-01-16 15:46:03.997104
6	20180129	8	674	187	11	699	65	50	2018-01-16 15:46:03.997124
6	20180130	8	679	200	15	696	220	38	2018-01-16 15:46:03.997145
6	20180131	1	629	122	37	706	237	22	2018-01-16 15:46:03.997166
7	20171201	6	781	16	19	34	32	23	2018-01-16 15:46:03.997192
7	20171202	7	780	137	44	811	24	42	2018-01-16 15:46:03.997212
7	20171203	8	753	47	22	811	146	73	2018-01-16 15:46:03.997232
7	20171204	2	755	34	27	777	79	35	2018-01-16 15:46:03.997252
7	20171205	11	737	1	41	772	54	37	2018-01-16 15:46:03.997272
7	20171206	5	705	144	25	763	17	72	2018-01-16 15:46:03.997293
7	20171207	3	715	160	13	742	157	49	2018-01-16 15:46:03.997314
7	20171208	1	748	28	27	721	166	21	2018-01-16 15:46:03.997334
7	20171209	9	702	108	26	781	34	58	2018-01-16 15:46:03.997368
7	20171210	2	754	164	31	739	148	50	2018-01-16 15:46:03.997390
7	20171211	8	788	132	20	780	172	67	2018-01-16 15:46:03.997410
7	20171212	2	724	18	40	795	143	48	2018-01-16 15:46:03.997431
7	20171213	3	728	117	14	731	55	72	2018-01-16 15:46:03.997452
7	20171214	8	724	194	30	745	153	28	2018-01-16 15:46:03.997472
7	20171215	3	735	31	26	759	210	55	2018-01-16 15:46:03.997492
7	20171216	9	782	180	20	764	47	34	2018-01-16 15:46:03.997512
7	20171217	8	741	81	47	797	201	46	2018-01-16 15:46:03.997543
7	20171218	11	725	151	39	763	104	74	2018-01-16 15:46:03.997561
7	20171219	6	787	85	51	754	189	57	2018-01-16 15:46:03.997580
7	20171220	6	723	227	46	821	97	90	2018-01-16 15:46:03.997598
7	20171221	9	715	12	31	736	253	78	2018-01-16 15:46:03.997617
7	20171222	1	786	97	21	746	23	56	2018-01-16 15:46:03.997635
7	20171223	3	713	83	40	823	107	40	2018-01-16 15:46:03.997653
7	20171224	5	719	18	35	727	116	52	2018-01-16 15:46:03.997672
7	20171225	7	728	107	33	757	39	55	2018-01-16 15:46:03.997691
7	20171226	11	755	228	15	745	121	49	2018-01-16 15:46:03.997709
7	20171227	6	768	106	42	769	236	44	2018-01-16 15:46:03.997727
7	20171228	3	790	200	28	788	143	56	2018-01-16 15:46:03.997746
7	20171229	9	781	202	39	804	235	46	2018-01-16 15:46:03.997791
7	20171230	3	779	139	19	805	238	76	2018-01-16 15:46:03.997812
7	20171231	6	731	132	34	805	144	41	2018-01-16 15:46:03.997831
7	20180101	6	796	160	37	740	166	74	2018-01-16 15:46:03.997849
7	20180102	11	742	71	16	810	185	42	2018-01-16 15:46:03.997868
7	20180103	8	755	240	46	748	86	46	2018-01-16 15:46:03.997886
7	20180104	11	729	206	30	760	271	86	2018-01-16 15:46:03.997905
7	20180105	2	775	32	31	768	220	61	2018-01-16 15:46:03.997923
7	20180106	6	739	25	18	809	69	55	2018-01-16 15:46:03.997942
7	20180107	8	736	10	25	756	49	39	2018-01-16 15:46:03.997960
7	20180108	3	722	206	43	765	44	60	2018-01-16 15:46:03.997979
7	20180109	4	718	91	33	736	218	61	2018-01-16 15:46:03.997997
7	20180110	4	723	171	23	739	113	41	2018-01-16 15:46:03.998015
7	20180111	8	772	10	10	743	202	60	2018-01-16 15:46:03.998034
7	20180112	8	757	242	16	787	22	38	2018-01-16 15:46:03.998053
7	20180113	6	791	116	48	794	263	35	2018-01-16 15:46:03.998071
7	20180114	6	735	1	23	804	154	72	2018-01-16 15:46:03.998103
7	20180115	5	745	117	17	749	7	52	2018-01-16 15:46:03.998123
7	20180116	3	786	173	22	757	133	37	2018-01-16 15:46:03.998143
7	20180117	8	707	191	18	802	184	51	2018-01-16 15:46:03.998163
7	20180118	6	798	35	15	743	230	48	2018-01-16 15:46:03.998194
7	20180119	6	772	31	18	807	45	36	2018-01-16 15:46:03.998213
7	20180120	5	775	26	29	793	55	42	2018-01-16 15:46:03.998232
7	20180121	11	752	71	26	796	44	48	2018-01-16 15:46:03.998251
7	20180122	2	704	144	41	777	90	63	2018-01-16 15:46:03.998269
7	20180123	2	789	50	15	712	179	46	2018-01-16 15:46:03.998287
7	20180124	9	752	97	26	802	80	45	2018-01-16 15:46:03.998306
7	20180125	10	747	230	31	787	122	64	2018-01-16 15:46:03.998324
7	20180126	2	755	53	35	755	243	49	2018-01-16 15:46:03.998343
7	20180127	10	726	131	11	775	74	49	2018-01-16 15:46:03.998361
7	20180128	4	786	73	15	731	162	21	2018-01-16 15:46:03.998379
7	20180129	6	748	23	39	798	108	23	2018-01-16 15:46:03.998398
7	20180130	8	767	65	28	768	48	70	2018-01-16 15:46:03.998416
7	20180131	11	755	106	24	789	71	48	2018-01-16 15:46:03.998434
8	20171201	11	831	230	32	22	38	40	2018-01-16 15:46:03.998454
8	20171202	7	868	169	47	868	252	63	2018-01-16 15:46:03.998473
8	20171203	7	863	69	17	891	193	61	2018-01-16 15:46:03.998491
8	20171204	6	855	135	35	889	81	50	2018-01-16 15:46:03.998509
8	20171205	2	895	163	20	866	142	46	2018-01-16 15:46:03.998528
8	20171206	4	844	125	8	917	189	46	2018-01-16 15:46:03.998546
8	20171207	7	891	211	39	872	140	38	2018-01-16 15:46:03.998564
8	20171208	5	866	111	14	922	240	73	2018-01-16 15:46:03.998583
8	20171209	1	848	130	21	894	151	48	2018-01-16 15:46:03.998601
8	20171210	1	840	18	37	880	164	56	2018-01-16 15:46:03.998620
8	20171211	6	863	235	9	868	28	69	2018-01-16 15:46:03.998638
8	20171212	4	839	53	29	881	261	37	2018-01-16 15:46:03.998656
8	20171213	1	878	89	41	849	92	39	2018-01-16 15:46:03.998675
8	20171214	6	867	56	12	897	96	53	2018-01-16 15:46:03.998693
8	20171215	3	817	133	37	884	64	47	2018-01-16 15:46:03.998711
8	20171216	4	880	215	26	851	138	48	2018-01-16 15:46:03.998730
8	20171217	8	843	113	27	916	252	38	2018-01-16 15:46:03.998748
8	20171218	4	896	199	32	868	131	41	2018-01-16 15:46:03.998766
8	20171219	1	897	124	32	932	217	37	2018-01-16 15:46:03.998785
8	20171220	3	848	11	15	936	164	71	2018-01-16 15:46:03.998803
8	20171221	3	851	103	10	862	21	24	2018-01-16 15:46:03.998821
8	20171222	3	878	170	14	857	138	34	2018-01-16 15:46:03.998840
8	20171223	8	852	223	15	884	192	27	2018-01-16 15:46:03.998858
8	20171224	7	865	165	44	874	241	46	2018-01-16 15:46:03.998877
8	20171225	2	844	144	14	882	180	50	2018-01-16 15:46:03.998895
8	20171226	10	805	151	27	871	174	23	2018-01-16 15:46:03.998913
8	20171227	8	857	165	35	815	187	47	2018-01-16 15:46:03.998931
8	20171228	7	801	67	27	882	182	74	2018-01-16 15:46:03.998951
8	20171229	8	864	242	39	807	102	60	2018-01-16 15:46:03.998969
8	20171230	11	879	195	34	873	281	49	2018-01-16 15:46:03.998987
8	20171231	8	891	74	40	885	212	74	2018-01-16 15:46:03.999005
8	20180101	11	882	229	38	912	108	68	2018-01-16 15:46:03.999023
8	20180102	7	828	6	18	900	243	74	2018-01-16 15:46:03.999062
8	20180103	11	880	153	42	848	14	26	2018-01-16 15:46:03.999082
8	20180104	8	848	164	44	895	188	55	2018-01-16 15:46:03.999101
8	20180105	9	878	225	42	854	183	71	2018-01-16 15:46:03.999119
8	20180106	7	817	213	26	898	235	75	2018-01-16 15:46:03.999138
8	20180107	2	866	25	25	855	223	63	2018-01-16 15:46:03.999156
8	20180108	11	877	12	19	890	42	55	2018-01-16 15:46:03.999174
8	20180109	1	866	40	45	887	33	32	2018-01-16 15:46:03.999193
8	20180110	5	899	156	8	905	75	56	2018-01-16 15:46:03.999211
8	20180111	10	821	141	15	906	179	34	2018-01-16 15:46:03.999229
8	20180112	10	891	213	38	842	169	35	2018-01-16 15:46:03.999248
8	20180113	10	842	141	37	929	219	53	2018-01-16 15:46:03.999266
8	20180114	3	842	112	47	858	175	75	2018-01-16 15:46:03.999285
8	20180115	9	849	117	30	859	131	68	2018-01-16 15:46:03.999303
8	20180116	4	800	94	33	865	128	67	2018-01-16 15:46:03.999356
8	20180117	11	857	225	34	830	132	47	2018-01-16 15:46:03.999389
8	20180118	11	828	73	33	876	252	50	2018-01-16 15:46:03.999407
8	20180119	4	809	191	27	856	98	50	2018-01-16 15:46:03.999426
8	20180120	8	866	33	38	818	207	39	2018-01-16 15:46:03.999445
8	20180121	5	847	40	25	899	52	57	2018-01-16 15:46:03.999463
8	20180122	5	853	86	41	880	67	55	2018-01-16 15:46:03.999481
8	20180123	5	887	156	30	871	107	73	2018-01-16 15:46:03.999500
8	20180124	8	894	28	29	902	164	58	2018-01-16 15:46:03.999518
8	20180125	11	828	229	43	914	50	54	2018-01-16 15:46:03.999536
8	20180126	5	877	212	23	843	241	80	2018-01-16 15:46:03.999555
8	20180127	11	822	177	13	884	247	39	2018-01-16 15:46:03.999573
8	20180128	1	817	123	43	851	205	22	2018-01-16 15:46:03.999592
8	20180129	6	892	12	39	837	132	68	2018-01-16 15:46:03.999610
8	20180130	2	803	143	43	905	30	64	2018-01-16 15:46:03.999639
8	20180131	9	879	132	37	810	183	51	2018-01-16 15:46:03.999670
9	20171201	2	948	142	39	16	37	7	2018-01-16 15:46:03.999690
9	20171202	4	902	17	10	960	151	56	2018-01-16 15:46:03.999708
9	20171203	6	925	199	41	933	50	40	2018-01-16 15:46:03.999727
9	20171204	1	938	203	39	952	214	50	2018-01-16 15:46:03.999745
9	20171205	7	904	172	12	956	227	50	2018-01-16 15:46:03.999765
9	20171206	11	925	231	29	911	197	37	2018-01-16 15:46:03.999783
9	20171207	5	911	7	28	931	240	50	2018-01-16 15:46:03.999802
9	20171208	4	911	54	14	950	47	50	2018-01-16 15:46:03.999820
9	20171209	5	994	213	15	920	67	31	2018-01-16 15:46:03.999838
9	20171210	1	933	68	36	1023	253	37	2018-01-16 15:46:03.999857
9	20171211	5	997	102	9	951	101	47	2018-01-16 15:46:03.999875
9	20171212	11	929	183	43	1013	119	46	2018-01-16 15:46:03.999894
9	20171213	11	928	147	51	941	197	80	2018-01-16 15:46:03.999912
9	20171214	9	956	5	34	950	174	78	2018-01-16 15:46:03.999931
9	20171215	7	925	168	20	971	17	71	2018-01-16 15:46:03.999949
9	20171216	8	947	86	47	930	177	36	2018-01-16 15:46:03.999967
9	20171217	3	957	143	33	973	94	84	2018-01-16 15:46:03.999986
9	20171218	5	949	115	28	986	178	50	2018-01-16 15:46:04.000004
9	20171219	4	975	13	22	988	122	60	2018-01-16 15:46:04.000023
9	20171220	6	966	184	34	981	24	32	2018-01-16 15:46:04.000041
9	20171221	9	910	200	44	993	201	46	2018-01-16 15:46:04.000066
9	20171222	9	958	118	40	938	239	69	2018-01-16 15:46:04.000098
9	20171223	7	913	33	36	982	139	61	2018-01-16 15:46:04.000132
9	20171224	4	967	45	32	935	40	42	2018-01-16 15:46:04.000177
9	20171225	8	950	68	23	978	50	56	2018-01-16 15:46:04.000213
9	20171226	6	912	63	13	968	102	36	2018-01-16 15:46:04.000247
9	20171227	5	969	76	44	938	89	30	2018-01-16 15:46:04.000283
9	20171228	9	934	35	11	995	103	82	2018-01-16 15:46:04.000330
9	20171229	2	915	171	26	969	59	50	2018-01-16 15:46:04.000364
9	20171230	9	917	70	24	950	192	64	2018-01-16 15:46:04.000399
9	20171231	4	937	171	38	941	101	56	2018-01-16 15:46:04.000433
9	20180101	8	947	198	15	961	207	44	2018-01-16 15:46:04.000467
9	20180102	2	992	245	34	982	235	40	2018-01-16 15:46:04.000503
9	20180103	5	905	224	20	1009	259	67	2018-01-16 15:46:04.000535
9	20180104	6	972	183	23	918	250	60	2018-01-16 15:46:04.000567
9	20180105	2	997	169	22	987	206	46	2018-01-16 15:46:04.000635
9	20180106	4	931	83	11	1013	191	40	2018-01-16 15:46:04.000670
9	20180107	3	985	55	17	958	110	48	2018-01-16 15:46:04.000706
9	20180108	1	955	236	31	1024	63	26	2018-01-16 15:46:04.000741
9	20180109	2	972	102	33	994	247	64	2018-01-16 15:46:04.000774
9	20180110	2	998	202	40	984	135	46	2018-01-16 15:46:04.000807
9	20180111	6	924	23	39	1011	207	48	2018-01-16 15:46:04.000843
9	20180112	2	968	156	18	939	49	67	2018-01-16 15:46:04.000878
9	20180113	8	940	113	14	978	187	37	2018-01-16 15:46:04.000917
9	20180114	7	905	205	25	964	127	25	2018-01-16 15:46:04.000941
9	20180115	9	947	128	38	914	242	49	2018-01-16 15:46:04.000960
9	20180116	6	959	141	45	976	143	71	2018-01-16 15:46:04.000979
9	20180117	3	922	132	19	985	147	52	2018-01-16 15:46:04.000998
9	20180118	9	944	140	34	934	163	53	2018-01-16 15:46:04.001016
9	20180119	8	938	159	30	951	154	62	2018-01-16 15:46:04.001035
9	20180120	11	963	98	39	977	196	70	2018-01-16 15:46:04.001053
9	20180121	6	955	239	27	972	107	61	2018-01-16 15:46:04.001072
9	20180122	1	910	69	19	988	245	52	2018-01-16 15:46:04.001090
9	20180123	3	907	184	21	929	74	25	2018-01-16 15:46:04.001109
9	20180124	5	924	108	43	923	192	32	2018-01-16 15:46:04.001127
9	20180125	3	934	132	22	934	135	65	2018-01-16 15:46:04.001146
9	20180126	3	966	101	30	969	154	50	2018-01-16 15:46:04.001164
9	20180127	3	909	231	43	979	141	42	2018-01-16 15:46:04.001182
9	20180128	4	998	42	8	924	268	75	2018-01-16 15:46:04.001201
9	20180129	10	968	113	44	1036	48	42	2018-01-16 15:46:04.001219
9	20180130	2	969	25	32	976	138	57	2018-01-16 15:46:04.001238
9	20180131	6	915	210	37	1002	63	37	2018-01-16 15:46:04.001256
10	20171201	4	1051	211	30	29	17	17	2018-01-16 15:46:04.001277
10	20171202	2	1003	87	31	1059	235	57	2018-01-16 15:46:04.001296
10	20171203	5	1027	180	11	1020	120	63	2018-01-16 15:46:04.001315
10	20171204	4	1074	16	31	1057	191	19	2018-01-16 15:46:04.001333
10	20171205	8	1047	30	34	1112	52	54	2018-01-16 15:46:04.001352
10	20171206	5	1093	44	36	1087	62	58	2018-01-16 15:46:04.001370
10	20171207	2	1043	96	12	1100	81	41	2018-01-16 15:46:04.001389
10	20171208	6	1019	88	33	1082	125	37	2018-01-16 15:46:04.001407
10	20171209	10	1062	218	24	1045	128	58	2018-01-16 15:46:04.001426
10	20171210	4	1052	183	25	1088	244	32	2018-01-16 15:46:04.001444
10	20171211	10	1049	41	23	1066	188	34	2018-01-16 15:46:04.001463
10	20171212	6	1076	20	37	1068	56	58	2018-01-16 15:46:04.001481
10	20171213	7	1081	250	37	1109	31	56	2018-01-16 15:46:04.001500
10	20171214	10	1055	27	21	1107	288	46	2018-01-16 15:46:04.001518
10	20171215	6	1033	240	33	1061	55	38	2018-01-16 15:46:04.001536
10	20171216	6	1081	60	20	1050	262	46	2018-01-16 15:46:04.001555
10	20171217	3	1053	56	39	1087	95	38	2018-01-16 15:46:04.001573
10	20171218	2	1067	224	36	1064	65	71	2018-01-16 15:46:04.001591
10	20171219	10	1048	180	20	1089	257	43	2018-01-16 15:46:04.001610
10	20171220	4	1045	141	20	1063	187	49	2018-01-16 15:46:04.001628
10	20171221	8	1080	225	11	1063	161	52	2018-01-16 15:46:04.001648
10	20171222	5	1048	65	25	1107	263	34	2018-01-16 15:46:04.001666
10	20171223	1	1034	83	42	1075	105	32	2018-01-16 15:46:04.001684
10	20171224	8	1057	105	29	1046	101	59	2018-01-16 15:46:04.001703
10	20171225	3	1031	227	30	1078	117	36	2018-01-16 15:46:04.001721
10	20171226	5	1011	126	10	1045	243	39	2018-01-16 15:46:04.001740
10	20171227	1	1077	94	16	1043	136	38	2018-01-16 15:46:04.001758
10	20171228	2	1031	136	8	1092	121	28	2018-01-16 15:46:04.001776
10	20171229	2	1010	98	34	1047	166	20	2018-01-16 15:46:04.001795
10	20171230	6	1085	59	19	1019	108	50	2018-01-16 15:46:04.001813
10	20171231	9	1064	81	23	1114	94	44	2018-01-16 15:46:04.001832
10	20180101	4	1050	74	17	1081	100	52	2018-01-16 15:46:04.001850
10	20180102	8	1042	55	22	1058	102	25	2018-01-16 15:46:04.001869
10	20180103	9	1082	63	45	1077	90	53	2018-01-16 15:46:04.001887
10	20180104	10	1098	155	28	1110	70	85	2018-01-16 15:46:04.001906
10	20180105	11	1007	25	20	1103	178	50	2018-01-16 15:46:04.001935
10	20180106	1	1023	107	22	1044	42	49	2018-01-16 15:46:04.001955
10	20180107	9	1065	79	11	1036	134	52	2018-01-16 15:46:04.002010
10	20180108	5	1029	24	32	1082	94	51	2018-01-16 15:46:04.002031
10	20180109	11	1022	218	42	1060	54	70	2018-01-16 15:46:04.002049
10	20180110	9	1011	43	45	1037	230	65	2018-01-16 15:46:04.002068
10	20180111	4	1038	42	30	1032	76	62	2018-01-16 15:46:04.002087
10	20180112	1	1036	15	21	1056	82	61	2018-01-16 15:46:04.002106
10	20180113	5	1038	113	18	1055	54	60	2018-01-16 15:46:04.002124
10	20180114	3	1090	154	36	1073	136	56	2018-01-16 15:46:04.002142
10	20180115	4	1024	145	37	1106	181	72	2018-01-16 15:46:04.002161
10	20180116	4	1062	34	32	1030	163	75	2018-01-16 15:46:04.002180
10	20180117	2	1058	62	26	1093	72	72	2018-01-16 15:46:04.002198
10	20180118	8	1034	22	19	1071	74	47	2018-01-16 15:46:04.002216
10	20180119	9	1046	5	22	1067	48	34	2018-01-16 15:46:04.002235
10	20180120	5	1054	159	48	1064	36	45	2018-01-16 15:46:04.002253
10	20180121	6	1095	177	28	1086	168	84	2018-01-16 15:46:04.002272
10	20180122	5	1004	11	26	1114	187	50	2018-01-16 15:46:04.002290
10	20180123	6	1055	37	16	1033	45	32	2018-01-16 15:46:04.002308
10	20180124	11	1053	161	26	1079	72	28	2018-01-16 15:46:04.002327
10	20180125	3	1048	31	34	1086	170	55	2018-01-16 15:46:04.002346
10	20180126	4	1006	89	26	1076	37	41	2018-01-16 15:46:04.002364
10	20180127	7	1059	217	25	1017	125	66	2018-01-16 15:46:04.002382
10	20180128	2	1072	109	37	1078	247	33	2018-01-16 15:46:04.002401
10	20180129	10	1073	208	18	1087	136	60	2018-01-16 15:46:04.002421
10	20180130	4	1048	240	47	1110	227	54	2018-01-16 15:46:04.002439
10	20180131	8	1073	155	12	1063	273	53	2018-01-16 15:46:04.002458
11	20171201	3	1110	1	22	5	32	33	2018-01-16 15:46:04.002478
11	20171202	5	1115	213	11	1120	8	51	2018-01-16 15:46:04.002497
11	20171203	9	1158	70	21	1124	229	23	2018-01-16 15:46:04.002515
11	20171204	3	1107	162	40	1166	110	58	2018-01-16 15:46:04.002534
11	20171205	11	1176	171	17	1126	202	58	2018-01-16 15:46:04.002553
11	20171206	4	1150	128	17	1211	180	37	2018-01-16 15:46:04.002571
11	20171207	4	1188	46	19	1175	140	40	2018-01-16 15:46:04.002590
11	20171208	3	1142	23	30	1202	56	24	2018-01-16 15:46:04.002608
11	20171209	7	1181	183	19	1151	54	61	2018-01-16 15:46:04.002627
11	20171210	9	1192	16	42	1189	190	33	2018-01-16 15:46:04.002645
11	20171211	5	1195	52	21	1204	37	69	2018-01-16 15:46:04.002664
11	20171212	1	1141	173	31	1231	85	58	2018-01-16 15:46:04.002682
11	20171213	7	1105	207	17	1173	213	42	2018-01-16 15:46:04.002701
11	20171214	1	1131	122	26	1114	226	37	2018-01-16 15:46:04.002719
11	20171215	4	1166	138	36	1147	138	42	2018-01-16 15:46:04.002738
11	20171216	3	1138	209	18	1187	146	50	2018-01-16 15:46:04.002756
11	20171217	8	1102	69	23	1158	248	29	2018-01-16 15:46:04.002783
11	20171218	2	1133	136	44	1123	98	63	2018-01-16 15:46:04.002816
11	20171219	1	1169	29	40	1149	170	60	2018-01-16 15:46:04.002856
11	20171220	7	1179	1	24	1198	44	77	2018-01-16 15:46:04.002878
11	20171221	5	1164	25	34	1217	10	34	2018-01-16 15:46:04.002898
11	20171222	1	1163	59	20	1195	53	64	2018-01-16 15:46:04.002919
11	20171223	3	1141	38	13	1184	74	56	2018-01-16 15:46:04.002939
11	20171224	1	1103	32	37	1146	77	46	2018-01-16 15:46:04.002958
11	20171225	6	1198	248	17	1131	69	49	2018-01-16 15:46:04.002983
11	20171226	4	1199	232	38	1222	282	25	2018-01-16 15:46:04.003027
11	20171227	7	1188	59	16	1223	248	60	2018-01-16 15:46:04.003073
11	20171228	1	1103	75	27	1215	71	46	2018-01-16 15:46:04.003097
11	20171229	1	1164	225	10	1115	97	56	2018-01-16 15:46:04.003117
11	20171230	10	1114	61	32	1181	265	38	2018-01-16 15:46:04.003137
11	20171231	2	1172	73	18	1145	71	56	2018-01-16 15:46:04.003157
11	20180101	9	1145	25	15	1202	96	37	2018-01-16 15:46:04.003177
11	20180102	9	1191	214	24	1185	47	31	2018-01-16 15:46:04.003198
11	20180103	7	1140	208	17	1203	239	38	2018-01-16 15:46:04.003218
11	20180104	7	1139	11	19	1146	246	26	2018-01-16 15:46:04.003238
11	20180105	4	1117	217	44	1159	27	43	2018-01-16 15:46:04.003258
11	20180106	4	1135	211	12	1153	250	84	2018-01-16 15:46:04.003290
11	20180107	10	1152	161	42	1157	245	45	2018-01-16 15:46:04.003330
11	20180108	11	1114	111	38	1163	176	56	2018-01-16 15:46:04.003387
11	20180109	1	1131	107	31	1131	146	65	2018-01-16 15:46:04.003409
11	20180110	3	1100	65	18	1171	124	59	2018-01-16 15:46:04.003430
11	20180111	2	1120	76	14	1126	99	27	2018-01-16 15:46:04.003450
11	20180112	4	1146	52	24	1147	100	25	2018-01-16 15:46:04.003471
11	20180113	1	1154	43	34	1174	63	52	2018-01-16 15:46:04.003491
11	20180114	11	1178	92	16	1193	67	62	2018-01-16 15:46:04.003511
11	20180115	5	1104	50	20	1190	125	56	2018-01-16 15:46:04.003531
11	20180116	10	1107	79	17	1131	62	60	2018-01-16 15:46:04.003552
11	20180117	3	1168	201	46	1127	93	55	2018-01-16 15:46:04.003572
11	20180118	5	1178	53	8	1199	235	60	2018-01-16 15:46:04.003599
11	20180119	4	1179	204	22	1187	71	44	2018-01-16 15:46:04.003627
11	20180120	2	1143	173	30	1184	224	46	2018-01-16 15:46:04.003659
11	20180121	8	1180	186	17	1169	189	60	2018-01-16 15:46:04.003678
11	20180122	3	1163	153	32	1188	220	36	2018-01-16 15:46:04.003697
11	20180123	4	1170	61	39	1201	193	70	2018-01-16 15:46:04.003726
11	20180124	6	1141	54	37	1195	72	63	2018-01-16 15:46:04.003746
11	20180125	8	1156	129	17	1150	90	66	2018-01-16 15:46:04.003767
11	20180126	8	1161	149	30	1190	168	44	2018-01-16 15:46:04.003788
11	20180127	7	1166	50	43	1198	178	47	2018-01-16 15:46:04.003808
11	20180128	5	1197	200	17	1174	68	53	2018-01-16 15:46:04.003829
11	20180129	11	1199	149	44	1208	223	46	2018-01-16 15:46:04.003849
11	20180130	7	1154	116	28	1235	175	84	2018-01-16 15:46:04.003870
11	20180131	11	1165	52	39	1171	140	61	2018-01-16 15:46:04.003890
12	20171201	9	1295	40	16	30	6	20	2018-01-16 15:46:04.003914
12	20171202	11	1233	21	44	1329	65	44	2018-01-16 15:46:04.003934
12	20171203	1	1287	247	22	1248	33	55	2018-01-16 15:46:04.003955
12	20171204	9	1214	223	23	1305	265	56	2018-01-16 15:46:04.003975
12	20171205	1	1284	7	43	1233	245	29	2018-01-16 15:46:04.003995
12	20171206	9	1279	38	40	1308	33	57	2018-01-16 15:46:04.004024
12	20171207	1	1206	193	46	1299	61	56	2018-01-16 15:46:04.004043
12	20171208	9	1241	168	30	1242	208	66	2018-01-16 15:46:04.004062
12	20171209	9	1252	31	18	1269	193	43	2018-01-16 15:46:04.004080
12	20171210	8	1202	139	44	1277	65	33	2018-01-16 15:46:04.004110
12	20171211	2	1228	244	16	1207	154	74	2018-01-16 15:46:04.004130
12	20171212	2	1299	4	16	1259	277	56	2018-01-16 15:46:04.004150
12	20171213	4	1286	77	7	1324	21	26	2018-01-16 15:46:04.004170
12	20171214	5	1215	21	26	1291	110	19	2018-01-16 15:46:04.004195
12	20171215	4	1205	220	32	1238	38	59	2018-01-16 15:46:04.004229
12	20171216	2	1288	37	31	1237	254	62	2018-01-16 15:46:04.004270
12	20171217	1	1233	112	15	1310	76	68	2018-01-16 15:46:04.004291
12	20171218	8	1288	158	41	1265	152	55	2018-01-16 15:46:04.004310
12	20171219	5	1226	202	33	1303	194	68	2018-01-16 15:46:04.004328
12	20171220	11	1255	15	43	1243	231	54	2018-01-16 15:46:04.004347
12	20171221	8	1228	194	39	1269	22	76	2018-01-16 15:46:04.004366
12	20171222	4	1279	197	25	1247	224	61	2018-01-16 15:46:04.004385
12	20171223	10	1233	187	30	1314	222	35	2018-01-16 15:46:04.004403
12	20171224	5	1291	197	41	1251	226	57	2018-01-16 15:46:04.004422
12	20171225	3	1283	15	10	1315	226	63	2018-01-16 15:46:04.004440
12	20171226	4	1254	54	42	1305	43	19	2018-01-16 15:46:04.004458
12	20171227	4	1216	206	32	1282	69	61	2018-01-16 15:46:04.004477
12	20171228	5	1288	26	34	1223	222	66	2018-01-16 15:46:04.004495
12	20171229	5	1204	222	33	1305	55	68	2018-01-16 15:46:04.004514
12	20171230	9	1254	8	31	1242	250	51	2018-01-16 15:46:04.004532
12	20171231	6	1241	76	27	1280	19	61	2018-01-16 15:46:04.004550
12	20180101	4	1219	227	46	1261	84	47	2018-01-16 15:46:04.004569
12	20180102	6	1247	167	19	1241	248	80	2018-01-16 15:46:04.004587
12	20180103	2	1289	12	36	1253	199	47	2018-01-16 15:46:04.004606
12	20180104	7	1209	142	31	1308	33	64	2018-01-16 15:46:04.004624
12	20180105	4	1220	164	44	1228	162	69	2018-01-16 15:46:04.004642
12	20180106	2	1255	169	23	1228	194	55	2018-01-16 15:46:04.004661
12	20180107	4	1224	78	42	1287	192	32	2018-01-16 15:46:04.004679
12	20180108	11	1225	6	25	1252	97	77	2018-01-16 15:46:04.004698
12	20180109	2	1244	118	17	1254	27	38	2018-01-16 15:46:04.004743
12	20180110	9	1227	196	33	1272	128	32	2018-01-16 15:46:04.004763
12	20180111	4	1288	165	49	1247	228	62	2018-01-16 15:46:04.004782
12	20180112	4	1231	213	15	1301	181	72	2018-01-16 15:46:04.004801
12	20180113	7	1235	106	30	1256	240	26	2018-01-16 15:46:04.004819
12	20180114	4	1223	231	44	1247	111	60	2018-01-16 15:46:04.004838
12	20180115	3	1239	242	27	1252	242	61	2018-01-16 15:46:04.004856
12	20180116	7	1226	220	21	1261	253	40	2018-01-16 15:46:04.004874
12	20180117	2	1258	137	12	1259	245	38	2018-01-16 15:46:04.004893
12	20180118	8	1232	131	20	1282	158	27	2018-01-16 15:46:04.004912
12	20180119	6	1214	49	40	1245	149	45	2018-01-16 15:46:04.004930
12	20180120	7	1220	62	34	1227	59	78	2018-01-16 15:46:04.004949
12	20180121	2	1225	225	37	1254	93	54	2018-01-16 15:46:04.004967
12	20180122	6	1273	212	31	1237	262	65	2018-01-16 15:46:04.004987
12	20180123	5	1276	37	18	1308	231	39	2018-01-16 15:46:04.005005
12	20180124	1	1235	210	44	1312	45	44	2018-01-16 15:46:04.005024
12	20180125	6	1250	67	37	1245	248	84	2018-01-16 15:46:04.005043
12	20180126	2	1244	22	36	1263	106	60	2018-01-16 15:46:04.005061
12	20180127	10	1245	9	14	1257	29	72	2018-01-16 15:46:04.005080
12	20180128	4	1252	229	30	1272	16	43	2018-01-16 15:46:04.005099
12	20180129	6	1252	157	36	1267	236	41	2018-01-16 15:46:04.005117
12	20180130	8	1274	201	46	1286	176	51	2018-01-16 15:46:04.005136
12	20180131	11	1276	99	46	1308	217	56	2018-01-16 15:46:04.005154
13	20171201	11	1327	67	28	12	34	29	2018-01-16 15:46:04.005174
13	20171202	1	1347	41	35	1347	102	64	2018-01-16 15:46:04.005193
13	20171203	11	1384	249	6	1383	67	61	2018-01-16 15:46:04.005212
13	20171204	2	1346	233	39	1405	265	18	2018-01-16 15:46:04.005230
13	20171205	2	1325	116	32	1353	266	74	2018-01-16 15:46:04.005249
13	20171206	3	1323	204	37	1364	126	37	2018-01-16 15:46:04.005267
13	20171207	3	1389	114	34	1347	214	47	2018-01-16 15:46:04.005286
13	20171208	2	1345	195	27	1398	128	49	2018-01-16 15:46:04.005304
13	20171209	4	1338	177	24	1382	217	50	2018-01-16 15:46:04.005323
13	20171210	1	1329	215	19	1355	202	48	2018-01-16 15:46:04.005341
13	20171211	5	1385	169	26	1338	220	40	2018-01-16 15:46:04.005360
13	20171212	8	1316	140	11	1423	209	44	2018-01-16 15:46:04.005378
13	20171213	2	1376	209	25	1333	154	28	2018-01-16 15:46:04.005397
13	20171214	7	1326	115	38	1403	227	51	2018-01-16 15:46:04.005426
13	20171215	2	1331	139	27	1338	138	47	2018-01-16 15:46:04.005446
13	20171216	1	1311	72	22	1349	146	61	2018-01-16 15:46:04.005476
13	20171217	4	1341	78	33	1330	81	43	2018-01-16 15:46:04.005495
13	20171218	2	1334	96	11	1359	98	65	2018-01-16 15:46:04.005513
13	20171219	8	1371	162	9	1368	115	46	2018-01-16 15:46:04.005531
13	20171220	5	1394	224	27	1395	199	26	2018-01-16 15:46:04.005550
13	20171221	1	1327	97	26	1428	254	63	2018-01-16 15:46:04.005568
13	20171222	4	1384	25	33	1342	110	50	2018-01-16 15:46:04.005587
13	20171223	3	1320	139	14	1403	45	47	2018-01-16 15:46:04.005605
13	20171224	3	1381	139	29	1349	156	49	2018-01-16 15:46:04.005624
13	20171225	3	1351	18	27	1400	167	40	2018-01-16 15:46:04.005642
13	20171226	3	1325	90	29	1368	25	47	2018-01-16 15:46:04.005661
13	20171227	1	1363	212	8	1345	103	47	2018-01-16 15:46:04.005679
13	20171228	11	1344	139	20	1379	219	20	2018-01-16 15:46:04.005698
13	20171229	4	1355	31	33	1353	163	33	2018-01-16 15:46:04.005716
13	20171230	4	1364	171	24	1391	59	62	2018-01-16 15:46:04.005736
13	20171231	2	1307	20	33	1396	192	41	2018-01-16 15:46:04.005754
13	20180101	8	1341	153	22	1324	55	43	2018-01-16 15:46:04.005773
13	20180102	11	1330	86	35	1355	189	27	2018-01-16 15:46:04.005791
13	20180103	5	1395	13	38	1353	112	72	2018-01-16 15:46:04.005821
13	20180104	1	1389	155	24	1435	21	70	2018-01-16 15:46:04.005841
13	20180105	3	1343	213	16	1428	189	62	2018-01-16 15:46:04.005861
13	20180106	8	1334	148	33	1376	224	26	2018-01-16 15:46:04.005881
13	20180107	11	1360	144	14	1353	176	55	2018-01-16 15:46:04.005910
13	20180108	9	1399	61	31	1377	171	36	2018-01-16 15:46:04.005929
13	20180109	1	1303	123	25	1435	80	50	2018-01-16 15:46:04.005948
13	20180110	9	1334	86	22	1311	142	37	2018-01-16 15:46:04.005985
13	20180111	10	1387	56	37	1352	116	48	2018-01-16 15:46:04.006005
13	20180112	6	1383	158	36	1411	61	53	2018-01-16 15:46:04.006023
13	20180113	7	1398	119	45	1390	168	65	2018-01-16 15:46:04.006042
13	20180114	6	1380	52	19	1407	151	58	2018-01-16 15:46:04.006060
13	20180115	10	1390	136	27	1414	92	39	2018-01-16 15:46:04.006079
13	20180116	5	1364	130	19	1420	142	48	2018-01-16 15:46:04.006098
13	20180117	1	1300	127	21	1391	156	38	2018-01-16 15:46:04.006116
13	20180118	10	1382	10	40	1316	136	53	2018-01-16 15:46:04.006134
13	20180119	7	1307	9	21	1420	15	46	2018-01-16 15:46:04.006153
13	20180120	4	1354	164	38	1327	46	59	2018-01-16 15:46:04.006172
13	20180121	10	1340	114	24	1393	188	45	2018-01-16 15:46:04.006190
13	20180122	3	1346	119	31	1355	145	48	2018-01-16 15:46:04.006209
13	20180123	2	1343	163	42	1360	151	39	2018-01-16 15:46:04.006227
13	20180124	6	1334	199	28	1360	195	73	2018-01-16 15:46:04.006245
13	20180125	5	1375	93	20	1358	229	64	2018-01-16 15:46:04.006264
13	20180126	10	1372	12	17	1392	133	30	2018-01-16 15:46:04.006282
13	20180127	7	1322	151	44	1384	42	40	2018-01-16 15:46:04.006301
13	20180128	6	1368	128	28	1358	163	72	2018-01-16 15:46:04.006319
13	20180129	11	1387	163	22	1377	151	58	2018-01-16 15:46:04.006338
13	20180130	7	1362	151	41	1407	192	45	2018-01-16 15:46:04.006356
13	20180131	4	1315	59	19	1397	184	52	2018-01-16 15:46:04.006375
14	20171201	7	1445	113	38	32	15	23	2018-01-16 15:46:04.006395
14	20171202	11	1486	202	12	1463	134	52	2018-01-16 15:46:04.006414
14	20171203	8	1480	105	40	1525	227	23	2018-01-16 15:46:04.006433
14	20171204	1	1418	51	35	1509	131	71	2018-01-16 15:46:04.006451
14	20171205	2	1441	175	11	1438	87	41	2018-01-16 15:46:04.006470
14	20171206	8	1448	220	29	1481	181	50	2018-01-16 15:46:04.006488
14	20171207	2	1405	225	19	1482	229	42	2018-01-16 15:46:04.006508
14	20171208	5	1427	144	23	1432	231	56	2018-01-16 15:46:04.006526
14	20171209	4	1498	129	41	1451	176	54	2018-01-16 15:46:04.006545
14	20171210	8	1473	186	21	1515	149	47	2018-01-16 15:46:04.006563
14	20171211	9	1429	68	16	1510	196	42	2018-01-16 15:46:04.006582
14	20171212	1	1455	211	38	1456	78	37	2018-01-16 15:46:04.006601
14	20171213	11	1428	94	38	1495	225	64	2018-01-16 15:46:04.006619
14	20171214	1	1411	99	35	1446	121	67	2018-01-16 15:46:04.006638
14	20171215	7	1408	150	41	1417	121	75	2018-01-16 15:46:04.006656
14	20171216	6	1400	140	39	1422	180	49	2018-01-16 15:46:04.006686
14	20171217	10	1492	80	29	1406	167	66	2018-01-16 15:46:04.006706
14	20171218	9	1493	25	43	1510	86	62	2018-01-16 15:46:04.006726
14	20171219	4	1418	141	38	1499	36	57	2018-01-16 15:46:04.006746
14	20171220	11	1482	101	36	1450	177	58	2018-01-16 15:46:04.006766
14	20171221	9	1452	54	42	1493	109	66	2018-01-16 15:46:04.006786
14	20171222	3	1430	244	21	1481	75	68	2018-01-16 15:46:04.006806
14	20171223	1	1422	138	37	1442	264	30	2018-01-16 15:46:04.006835
14	20171224	6	1457	76	40	1451	168	64	2018-01-16 15:46:04.006854
14	20171225	4	1413	13	26	1482	92	78	2018-01-16 15:46:04.006873
14	20171226	2	1431	47	20	1433	34	60	2018-01-16 15:46:04.006901
14	20171227	5	1470	222	36	1440	85	57	2018-01-16 15:46:04.006921
14	20171228	8	1420	32	24	1492	240	58	2018-01-16 15:46:04.006941
14	20171229	2	1443	241	47	1428	50	48	2018-01-16 15:46:04.006961
14	20171230	6	1462	161	20	1450	275	70	2018-01-16 15:46:04.006981
14	20171231	10	1450	165	44	1487	179	47	2018-01-16 15:46:04.007001
14	20180101	5	1477	110	41	1457	173	60	2018-01-16 15:46:04.007021
14	20180102	10	1440	120	32	1509	140	81	2018-01-16 15:46:04.007041
14	20180103	7	1432	152	31	1461	153	68	2018-01-16 15:46:04.007061
14	20180104	6	1416	238	18	1447	165	60	2018-01-16 15:46:04.007082
14	20180105	11	1432	146	17	1438	251	47	2018-01-16 15:46:04.007102
14	20180106	5	1424	43	43	1458	160	44	2018-01-16 15:46:04.007122
14	20180107	4	1438	151	44	1431	61	58	2018-01-16 15:46:04.007142
14	20180108	7	1412	206	20	1475	190	83	2018-01-16 15:46:04.007162
14	20180109	5	1427	82	30	1438	244	43	2018-01-16 15:46:04.007182
14	20180110	4	1465	73	39	1444	87	47	2018-01-16 15:46:04.007223
14	20180111	10	1430	178	25	1475	98	54	2018-01-16 15:46:04.007244
14	20180112	3	1490	199	30	1443	194	34	2018-01-16 15:46:04.007265
14	20180113	11	1474	178	8	1528	222	54	2018-01-16 15:46:04.007285
14	20180114	8	1465	193	31	1496	207	40	2018-01-16 15:46:04.007314
14	20180115	5	1445	168	39	1482	227	66	2018-01-16 15:46:04.007351
14	20180116	5	1473	135	27	1483	197	56	2018-01-16 15:46:04.007371
14	20180117	3	1475	73	20	1505	167	60	2018-01-16 15:46:04.007390
14	20180118	6	1459	104	8	1488	109	57	2018-01-16 15:46:04.007408
14	20180119	1	1449	178	13	1488	144	23	2018-01-16 15:46:04.007427
14	20180120	1	1481	75	31	1478	197	36	2018-01-16 15:46:04.007446
14	20180121	5	1498	228	32	1489	112	68	2018-01-16 15:46:04.007464
14	20180122	6	1487	199	23	1534	241	40	2018-01-16 15:46:04.007483
14	20180123	11	1435	193	39	1505	232	54	2018-01-16 15:46:04.007502
14	20180124	7	1484	40	22	1450	224	78	2018-01-16 15:46:04.007520
14	20180125	4	1484	4	16	1493	57	36	2018-01-16 15:46:04.007539
14	20180126	11	1470	54	21	1518	15	39	2018-01-16 15:46:04.007557
14	20180127	9	1480	2	48	1507	83	27	2018-01-16 15:46:04.007576
14	20180128	11	1490	161	33	1495	9	81	2018-01-16 15:46:04.007594
14	20180129	6	1449	178	36	1518	179	38	2018-01-16 15:46:04.007613
14	20180130	9	1406	69	15	1477	211	55	2018-01-16 15:46:04.007631
14	20180131	7	1472	242	22	1423	94	37	2018-01-16 15:46:04.007650
15	20171201	1	1544	87	18	28	35	18	2018-01-16 15:46:04.007670
15	20171202	10	1583	133	41	1566	124	30	2018-01-16 15:46:04.007689
15	20171203	8	1504	30	47	1600	162	56	2018-01-16 15:46:04.007708
15	20171204	3	1525	65	48	1526	68	66	2018-01-16 15:46:04.007726
15	20171205	6	1535	120	15	1555	73	55	2018-01-16 15:46:04.007745
15	20171206	3	1578	31	41	1570	141	34	2018-01-16 15:46:04.007763
15	20171207	7	1569	36	43	1613	38	81	2018-01-16 15:46:04.007782
15	20171208	6	1518	72	14	1599	74	54	2018-01-16 15:46:04.007800
15	20171209	11	1507	18	40	1538	80	42	2018-01-16 15:46:04.007819
15	20171210	5	1597	27	17	1512	41	73	2018-01-16 15:46:04.007838
15	20171211	8	1556	60	44	1609	47	25	2018-01-16 15:46:04.007856
15	20171212	7	1564	208	15	1588	66	83	2018-01-16 15:46:04.007875
15	20171213	3	1584	50	37	1582	227	25	2018-01-16 15:46:04.007893
15	20171214	11	1599	177	19	1615	69	62	2018-01-16 15:46:04.007912
15	20171215	4	1543	167	49	1621	210	29	2018-01-16 15:46:04.007931
15	20171216	4	1564	125	37	1583	198	67	2018-01-16 15:46:04.007949
15	20171217	3	1577	113	39	1590	160	52	2018-01-16 15:46:04.007968
15	20171218	4	1569	81	40	1584	132	78	2018-01-16 15:46:04.007997
15	20171219	6	1532	28	35	1596	91	54	2018-01-16 15:46:04.008027
15	20171220	5	1523	120	32	1537	57	57	2018-01-16 15:46:04.008046
15	20171221	8	1582	19	24	1538	131	60	2018-01-16 15:46:04.008064
15	20171222	7	1505	244	45	1591	56	42	2018-01-16 15:46:04.008083
15	20171223	1	1575	220	14	1511	283	61	2018-01-16 15:46:04.008102
15	20171224	11	1553	170	20	1591	230	46	2018-01-16 15:46:04.008121
15	20171225	4	1529	157	49	1562	190	47	2018-01-16 15:46:04.008139
15	20171226	11	1562	71	34	1564	169	83	2018-01-16 15:46:04.008158
15	20171227	7	1535	119	39	1572	83	69	2018-01-16 15:46:04.008177
15	20171228	10	1596	8	27	1550	132	77	2018-01-16 15:46:04.008205
15	20171229	5	1574	175	23	1636	25	45	2018-01-16 15:46:04.008225
15	20171230	4	1507	55	27	1601	189	32	2018-01-16 15:46:04.008246
15	20171231	4	1562	94	30	1545	74	33	2018-01-16 15:46:04.008275
15	20180101	10	1582	150	18	1594	133	67	2018-01-16 15:46:04.008293
15	20180102	5	1592	244	17	1607	179	31	2018-01-16 15:46:04.008312
15	20180103	11	1568	81	14	1603	250	36	2018-01-16 15:46:04.008331
15	20180104	10	1564	168	35	1598	117	23	2018-01-16 15:46:04.008349
15	20180105	3	1532	5	19	1575	205	62	2018-01-16 15:46:04.008368
15	20180106	3	1579	125	21	1546	31	44	2018-01-16 15:46:04.008386
15	20180107	6	1527	27	12	1584	147	59	2018-01-16 15:46:04.008405
15	20180108	6	1574	15	31	1543	44	37	2018-01-16 15:46:04.008424
15	20180109	5	1582	152	28	1579	30	62	2018-01-16 15:46:04.008443
15	20180110	4	1536	146	27	1619	191	66	2018-01-16 15:46:04.008461
15	20180111	11	1554	34	26	1568	162	34	2018-01-16 15:46:04.008500
15	20180112	2	1558	162	22	1582	56	33	2018-01-16 15:46:04.008520
15	20180113	10	1595	41	25	1567	188	32	2018-01-16 15:46:04.008540
15	20180114	3	1534	59	15	1610	58	57	2018-01-16 15:46:04.008558
15	20180115	4	1509	49	17	1556	70	42	2018-01-16 15:46:04.008577
15	20180116	10	1547	27	37	1523	80	25	2018-01-16 15:46:04.008595
15	20180117	7	1525	52	47	1568	60	42	2018-01-16 15:46:04.008614
15	20180118	6	1577	51	26	1565	67	79	2018-01-16 15:46:04.008632
15	20180119	7	1547	36	15	1596	75	55	2018-01-16 15:46:04.008651
15	20180120	9	1596	89	26	1552	59	43	2018-01-16 15:46:04.008669
15	20180121	10	1590	165	40	1612	112	64	2018-01-16 15:46:04.008688
15	20180122	4	1501	84	31	1612	202	61	2018-01-16 15:46:04.008707
15	20180123	4	1548	191	31	1524	91	47	2018-01-16 15:46:04.008725
15	20180124	8	1571	115	26	1557	221	56	2018-01-16 15:46:04.008744
15	20180125	1	1513	123	16	1610	144	59	2018-01-16 15:46:04.008762
15	20180126	4	1524	16	27	1531	129	42	2018-01-16 15:46:04.008781
15	20180127	8	1595	221	19	1553	23	38	2018-01-16 15:46:04.008799
15	20180128	2	1588	126	38	1630	249	38	2018-01-16 15:46:04.008818
15	20180129	2	1508	113	21	1604	157	64	2018-01-16 15:46:04.008836
15	20180130	11	1533	48	34	1540	152	42	2018-01-16 15:46:04.008855
15	20180131	7	1576	55	25	1541	53	55	2018-01-16 15:46:04.008874
16	20171201	2	1679	135	10	32	16	14	2018-01-16 15:46:04.008894
16	20171202	8	1681	177	21	1708	169	18	2018-01-16 15:46:04.008913
16	20171203	8	1655	154	34	1714	184	31	2018-01-16 15:46:04.008932
16	20171204	7	1663	225	22	1687	166	61	2018-01-16 15:46:04.008950
16	20171205	3	1678	33	46	1686	239	46	2018-01-16 15:46:04.008969
16	20171206	7	1631	175	36	1709	47	55	2018-01-16 15:46:04.008988
16	20171207	9	1692	188	14	1637	198	67	2018-01-16 15:46:04.009006
16	20171208	3	1690	209	43	1732	221	52	2018-01-16 15:46:04.009025
16	20171209	6	1677	214	9	1723	241	77	2018-01-16 15:46:04.009043
16	20171210	1	1605	235	40	1706	254	31	2018-01-16 15:46:04.009073
16	20171211	8	1612	28	20	1626	247	75	2018-01-16 15:46:04.009094
16	20171212	1	1689	53	35	1644	41	37	2018-01-16 15:46:04.009114
16	20171213	6	1633	136	34	1697	71	59	2018-01-16 15:46:04.009134
16	20171214	9	1675	99	26	1640	162	72	2018-01-16 15:46:04.009154
16	20171215	6	1662	124	19	1710	108	38	2018-01-16 15:46:04.009175
16	20171216	10	1675	87	15	1680	161	46	2018-01-16 15:46:04.009195
16	20171217	11	1658	108	42	1712	107	33	2018-01-16 15:46:04.009216
16	20171218	8	1661	92	19	1688	124	66	2018-01-16 15:46:04.009236
16	20171219	3	1661	192	25	1696	117	37	2018-01-16 15:46:04.009256
16	20171220	4	1663	117	12	1693	217	40	2018-01-16 15:46:04.009276
16	20171221	6	1629	130	35	1694	152	18	2018-01-16 15:46:04.009297
16	20171222	11	1684	74	43	1637	153	65	2018-01-16 15:46:04.009317
16	20171223	6	1637	38	23	1696	112	71	2018-01-16 15:46:04.009339
16	20171224	10	1642	23	21	1642	70	31	2018-01-16 15:46:04.009360
16	20171225	9	1681	4	24	1672	37	26	2018-01-16 15:46:04.009381
16	20171226	2	1671	220	20	1703	42	34	2018-01-16 15:46:04.009401
16	20171227	4	1666	201	31	1704	237	53	2018-01-16 15:46:04.009422
16	20171228	6	1663	5	37	1685	233	55	2018-01-16 15:46:04.009443
16	20171229	8	1611	221	36	1689	44	52	2018-01-16 15:46:04.009465
16	20171230	7	1675	46	25	1648	226	53	2018-01-16 15:46:04.009486
16	20171231	7	1661	115	40	1682	66	38	2018-01-16 15:46:04.009507
16	20180101	1	1677	49	14	1682	133	73	2018-01-16 15:46:04.009528
16	20180102	4	1633	113	40	1684	79	51	2018-01-16 15:46:04.009550
16	20180103	2	1646	189	27	1670	153	65	2018-01-16 15:46:04.009571
16	20180104	5	1614	239	31	1682	194	41	2018-01-16 15:46:04.009591
16	20180105	2	1645	180	43	1651	272	48	2018-01-16 15:46:04.009612
16	20180106	9	1609	81	15	1671	185	68	2018-01-16 15:46:04.009633
16	20180107	3	1607	206	16	1624	109	33	2018-01-16 15:46:04.009655
16	20180108	6	1697	232	16	1633	236	25	2018-01-16 15:46:04.009677
16	20180109	8	1675	134	23	1710	244	46	2018-01-16 15:46:04.009699
16	20180110	8	1639	166	14	1691	159	60	2018-01-16 15:46:04.009720
16	20180111	6	1684	41	35	1658	191	37	2018-01-16 15:46:04.009740
16	20180112	10	1627	174	46	1716	62	67	2018-01-16 15:46:04.009786
16	20180113	2	1630	210	39	1661	205	65	2018-01-16 15:46:04.009809
16	20180114	3	1606	40	16	1642	250	53	2018-01-16 15:46:04.009829
16	20180115	10	1670	52	27	1637	53	44	2018-01-16 15:46:04.009850
16	20180116	7	1646	149	39	1695	75	42	2018-01-16 15:46:04.009870
16	20180117	4	1653	224	30	1686	188	56	2018-01-16 15:46:04.009891
16	20180118	6	1632	141	26	1686	253	70	2018-01-16 15:46:04.009912
16	20180119	2	1640	151	45	1645	179	60	2018-01-16 15:46:04.009932
16	20180120	6	1697	1	11	1647	191	52	2018-01-16 15:46:04.009954
16	20180121	8	1647	30	35	1722	6	40	2018-01-16 15:46:04.009974
16	20180122	3	1627	81	41	1686	63	57	2018-01-16 15:46:04.009995
16	20180123	7	1675	141	16	1647	110	56	2018-01-16 15:46:04.010015
16	20180124	4	1626	110	14	1688	155	45	2018-01-16 15:46:04.010035
16	20180125	9	1612	101	21	1662	128	34	2018-01-16 15:46:04.010056
16	20180126	10	1695	218	34	1624	129	56	2018-01-16 15:46:04.010076
16	20180127	8	1642	70	27	1723	252	52	2018-01-16 15:46:04.010096
16	20180128	9	1605	171	15	1679	103	48	2018-01-16 15:46:04.010116
16	20180129	9	1696	33	39	1644	209	55	2018-01-16 15:46:04.010137
16	20180130	5	1684	25	21	1709	67	46	2018-01-16 15:46:04.010157
16	20180131	11	1604	46	15	1702	55	43	2018-01-16 15:46:04.010178
17	20171201	6	1794	201	33	28	18	11	2018-01-16 15:46:04.010200
17	20171202	4	1793	197	33	1830	213	55	2018-01-16 15:46:04.010220
17	20171203	5	1738	221	35	1802	210	68	2018-01-16 15:46:04.010240
17	20171204	10	1727	207	20	1754	229	54	2018-01-16 15:46:04.010260
17	20171205	9	1770	9	18	1733	246	25	2018-01-16 15:46:04.010280
17	20171206	9	1784	42	19	1795	28	54	2018-01-16 15:46:04.010301
17	20171207	9	1714	157	35	1805	52	46	2018-01-16 15:46:04.010321
17	20171208	1	1776	214	38	1724	165	63	2018-01-16 15:46:04.010341
17	20171209	5	1788	168	23	1785	240	77	2018-01-16 15:46:04.010361
17	20171210	7	1727	179	24	1794	173	55	2018-01-16 15:46:04.010381
17	20171211	6	1703	94	16	1733	208	52	2018-01-16 15:46:04.010401
17	20171212	11	1774	228	31	1734	99	53	2018-01-16 15:46:04.010421
17	20171213	8	1705	14	22	1786	247	50	2018-01-16 15:46:04.010442
17	20171214	5	1738	42	22	1718	41	47	2018-01-16 15:46:04.010462
17	20171215	3	1704	152	13	1746	58	36	2018-01-16 15:46:04.010483
17	20171216	2	1761	78	12	1741	163	53	2018-01-16 15:46:04.010504
17	20171217	3	1725	211	32	1801	86	50	2018-01-16 15:46:04.010525
17	20171218	6	1736	98	18	1756	223	40	2018-01-16 15:46:04.010545
17	20171219	8	1755	130	18	1771	128	56	2018-01-16 15:46:04.010566
17	20171220	3	1723	23	21	1786	153	58	2018-01-16 15:46:04.010586
17	20171221	11	1707	58	21	1754	53	44	2018-01-16 15:46:04.010620
17	20171222	6	1750	158	25	1730	72	35	2018-01-16 15:46:04.010657
17	20171223	8	1793	68	36	1787	194	38	2018-01-16 15:46:04.010692
17	20171224	8	1729	104	25	1814	102	75	2018-01-16 15:46:04.010730
17	20171225	11	1768	151	18	1743	110	37	2018-01-16 15:46:04.010769
17	20171226	10	1771	28	33	1788	173	48	2018-01-16 15:46:04.010808
17	20171227	1	1706	105	49	1800	62	62	2018-01-16 15:46:04.010846
17	20171228	6	1796	53	39	1721	129	57	2018-01-16 15:46:04.010879
17	20171229	9	1757	136	22	1811	61	66	2018-01-16 15:46:04.010910
17	20171230	2	1714	87	18	1786	170	60	2018-01-16 15:46:04.010940
17	20171231	6	1732	210	14	1737	97	57	2018-01-16 15:46:04.010973
17	20180101	7	1760	230	39	1738	227	25	2018-01-16 15:46:04.011012
17	20180102	2	1789	73	13	1793	262	52	2018-01-16 15:46:04.011051
17	20180103	7	1737	55	30	1795	107	23	2018-01-16 15:46:04.011089
17	20180104	2	1798	182	22	1764	72	64	2018-01-16 15:46:04.011130
17	20180105	10	1702	230	13	1808	200	39	2018-01-16 15:46:04.011169
17	20180106	1	1746	169	16	1729	254	40	2018-01-16 15:46:04.011208
17	20180107	4	1773	63	20	1758	196	44	2018-01-16 15:46:04.011245
17	20180108	11	1773	176	23	1811	101	29	2018-01-16 15:46:04.011284
17	20180109	1	1727	217	24	1804	213	31	2018-01-16 15:46:04.011343
17	20180110	9	1715	240	39	1760	237	38	2018-01-16 15:46:04.011384
17	20180111	3	1753	81	30	1742	258	69	2018-01-16 15:46:04.011420
17	20180112	10	1752	176	39	1760	103	66	2018-01-16 15:46:04.011503
17	20180113	1	1716	232	40	1783	182	56	2018-01-16 15:46:04.011533
17	20180114	10	1718	34	41	1739	265	68	2018-01-16 15:46:04.011555
17	20180115	2	1708	90	39	1745	69	49	2018-01-16 15:46:04.011576
17	20180116	6	1790	159	7	1725	109	53	2018-01-16 15:46:04.011596
17	20180117	8	1793	49	11	1818	166	14	2018-01-16 15:46:04.011616
17	20180118	10	1725	140	22	1833	69	46	2018-01-16 15:46:04.011636
17	20180119	1	1736	202	17	1735	154	61	2018-01-16 15:46:04.011656
17	20180120	2	1732	141	11	1765	223	35	2018-01-16 15:46:04.011677
17	20180121	7	1718	166	10	1764	162	26	2018-01-16 15:46:04.011697
17	20180122	8	1705	200	28	1743	173	48	2018-01-16 15:46:04.011717
17	20180123	2	1714	181	40	1713	237	49	2018-01-16 15:46:04.011737
17	20180124	7	1785	231	10	1728	198	58	2018-01-16 15:46:04.011758
17	20180125	10	1793	192	26	1825	246	48	2018-01-16 15:46:04.011779
17	20180126	7	1796	55	50	1814	230	59	2018-01-16 15:46:04.011799
17	20180127	5	1764	108	14	1835	88	86	2018-01-16 15:46:04.011819
17	20180128	6	1701	217	25	1794	115	54	2018-01-16 15:46:04.011839
17	20180129	1	1799	157	39	1723	225	62	2018-01-16 15:46:04.011859
17	20180130	5	1714	68	14	1836	177	72	2018-01-16 15:46:04.011879
17	20180131	2	1725	214	18	1731	77	43	2018-01-16 15:46:04.011899
18	20171201	6	1873	22	8	14	7	26	2018-01-16 15:46:04.011923
18	20171202	7	1829	66	33	1904	30	23	2018-01-16 15:46:04.011943
18	20171203	10	1864	196	20	1848	98	44	2018-01-16 15:46:04.011963
18	20171204	9	1864	190	20	1870	219	31	2018-01-16 15:46:04.011984
18	20171205	2	1875	21	16	1873	207	48	2018-01-16 15:46:04.012004
18	20171206	4	1823	92	38	1913	43	46	2018-01-16 15:46:04.012025
18	20171207	7	1841	233	42	1830	107	66	2018-01-16 15:46:04.012058
18	20171208	7	1848	35	36	1855	254	55	2018-01-16 15:46:04.012097
18	20171209	11	1890	244	12	1858	68	71	2018-01-16 15:46:04.012137
18	20171210	4	1800	183	44	1895	265	23	2018-01-16 15:46:04.012170
18	20171211	9	1847	91	27	1825	219	52	2018-01-16 15:46:04.012193
18	20171212	8	1872	188	29	1886	121	59	2018-01-16 15:46:04.012228
18	20171213	5	1852	213	35	1900	202	54	2018-01-16 15:46:04.012247
18	20171214	9	1854	119	35	1884	229	54	2018-01-16 15:46:04.012267
18	20171215	2	1827	6	15	1870	127	51	2018-01-16 15:46:04.012286
18	20171216	6	1881	193	33	1867	24	23	2018-01-16 15:46:04.012306
18	20171217	7	1855	94	43	1912	214	49	2018-01-16 15:46:04.012326
18	20171218	6	1838	148	22	1865	127	51	2018-01-16 15:46:04.012344
18	20171219	7	1897	159	14	1859	181	43	2018-01-16 15:46:04.012365
18	20171220	8	1810	109	23	1916	194	21	2018-01-16 15:46:04.012384
18	20171221	3	1846	194	18	1838	116	39	2018-01-16 15:46:04.012406
18	20171222	4	1895	64	17	1861	232	40	2018-01-16 15:46:04.012431
18	20171223	9	1872	119	42	1906	88	40	2018-01-16 15:46:04.012481
18	20171224	7	1892	245	21	1904	142	77	2018-01-16 15:46:04.012510
18	20171225	11	1864	199	45	1921	250	55	2018-01-16 15:46:04.012534
18	20171226	11	1856	224	28	1880	237	79	2018-01-16 15:46:04.012556
18	20171227	6	1853	228	38	1882	236	40	2018-01-16 15:46:04.012579
18	20171228	2	1820	38	45	1888	235	56	2018-01-16 15:46:04.012602
18	20171229	3	1887	74	25	1856	74	69	2018-01-16 15:46:04.012638
18	20171230	2	1876	158	21	1893	88	47	2018-01-16 15:46:04.012687
18	20171231	4	1815	146	16	1905	172	57	2018-01-16 15:46:04.012719
18	20180101	6	1829	90	25	1834	183	36	2018-01-16 15:46:04.012755
18	20180102	5	1814	52	22	1854	110	32	2018-01-16 15:46:04.012802
18	20180103	2	1849	201	34	1842	84	42	2018-01-16 15:46:04.012825
18	20180104	8	1812	158	9	1866	232	39	2018-01-16 15:46:04.012857
18	20180105	10	1870	8	18	1830	189	17	2018-01-16 15:46:04.012905
18	20180106	7	1896	88	32	1904	36	39	2018-01-16 15:46:04.012937
18	20180107	1	1843	131	40	1904	123	40	2018-01-16 15:46:04.012967
18	20180108	3	1850	146	33	1864	152	53	2018-01-16 15:46:04.012996
18	20180109	8	1872	55	41	1863	153	41	2018-01-16 15:46:04.013028
18	20180110	4	1823	218	40	1884	64	51	2018-01-16 15:46:04.013059
18	20180111	2	1897	80	35	1842	241	56	2018-01-16 15:46:04.013093
18	20180112	8	1838	85	10	1911	99	71	2018-01-16 15:46:04.013125
18	20180113	9	1835	213	25	1873	92	39	2018-01-16 15:46:04.013249
18	20180114	7	1860	57	22	1873	232	32	2018-01-16 15:46:04.013278
18	20180115	7	1849	35	47	1872	91	62	2018-01-16 15:46:04.013300
18	20180116	3	1804	7	32	1881	46	61	2018-01-16 15:46:04.013334
18	20180117	11	1855	35	26	1810	18	42	2018-01-16 15:46:04.013385
18	20180118	2	1899	81	29	1864	48	53	2018-01-16 15:46:04.013421
18	20180119	7	1806	233	36	1914	95	38	2018-01-16 15:46:04.013456
18	20180120	11	1814	8	40	1832	271	52	2018-01-16 15:46:04.013492
18	20180121	11	1814	219	19	1826	21	75	2018-01-16 15:46:04.013525
18	20180122	5	1819	144	31	1829	230	26	2018-01-16 15:46:04.013563
18	20180123	4	1851	75	26	1835	166	55	2018-01-16 15:46:04.013601
18	20180124	5	1889	189	31	1858	87	40	2018-01-16 15:46:04.013633
18	20180125	4	1803	222	43	1929	214	69	2018-01-16 15:46:04.013665
18	20180126	9	1820	132	17	1836	250	55	2018-01-16 15:46:04.013695
18	20180127	10	1809	195	31	1830	169	24	2018-01-16 15:46:04.013727
18	20180128	1	1849	87	17	1820	204	41	2018-01-16 15:46:04.013820
18	20180129	10	1885	18	31	1864	97	25	2018-01-16 15:46:04.013905
18	20180130	10	1816	23	30	1900	47	42	2018-01-16 15:46:04.013943
18	20180131	11	1825	211	33	1841	47	41	2018-01-16 15:46:04.013977
19	20171201	8	1931	151	36	32	15	21	2018-01-16 15:46:04.014017
19	20171202	5	1920	233	28	1936	160	44	2018-01-16 15:46:04.014055
19	20171203	11	1936	199	10	1944	267	68	2018-01-16 15:46:04.014093
19	20171204	7	1945	219	43	1949	222	50	2018-01-16 15:46:04.014131
19	20171205	11	1951	8	38	1980	235	54	2018-01-16 15:46:04.014165
19	20171206	3	1938	129	47	1990	47	76	2018-01-16 15:46:04.014202
19	20171207	1	1938	141	11	1953	152	54	2018-01-16 15:46:04.014238
19	20171208	6	1932	154	34	1960	180	48	2018-01-16 15:46:04.014273
19	20171209	4	1970	54	11	1963	190	55	2018-01-16 15:46:04.014324
19	20171210	7	1977	216	37	1986	66	43	2018-01-16 15:46:04.014348
19	20171211	10	1985	159	20	2016	239	75	2018-01-16 15:46:04.014372
19	20171212	1	1925	149	48	2002	175	49	2018-01-16 15:46:04.014394
19	20171213	3	1901	72	27	1931	160	71	2018-01-16 15:46:04.014415
19	20171214	1	1952	233	43	1930	104	48	2018-01-16 15:46:04.014445
19	20171215	10	1916	232	23	1959	267	64	2018-01-16 15:46:04.014468
19	20171216	10	1956	192	27	1926	271	49	2018-01-16 15:46:04.014506
19	20171217	5	1924	152	43	1983	221	46	2018-01-16 15:46:04.014552
19	20171218	8	1933	136	10	1953	185	61	2018-01-16 15:46:04.014586
19	20171219	6	1923	93	45	1948	160	15	2018-01-16 15:46:04.014620
19	20171220	7	1905	126	45	1930	116	66	2018-01-16 15:46:04.014641
19	20171221	9	1983	5	23	1936	140	66	2018-01-16 15:46:04.014660
19	20171222	2	1928	237	22	2017	20	40	2018-01-16 15:46:04.014679
19	20171223	6	1934	202	42	1949	253	39	2018-01-16 15:46:04.014698
19	20171224	4	1915	134	41	1974	239	51	2018-01-16 15:46:04.014717
19	20171225	1	1957	6	27	1948	171	65	2018-01-16 15:46:04.014735
19	20171226	7	1912	141	33	1976	11	61	2018-01-16 15:46:04.014755
19	20171227	2	1986	237	21	1946	156	49	2018-01-16 15:46:04.014774
19	20171228	6	1984	175	26	2013	256	32	2018-01-16 15:46:04.014793
19	20171229	7	1925	36	23	1997	198	46	2018-01-16 15:46:04.014812
19	20171230	9	1927	248	45	1958	61	59	2018-01-16 15:46:04.014831
19	20171231	4	1948	238	33	1966	288	54	2018-01-16 15:46:04.014850
19	20180101	2	1974	218	27	1965	268	65	2018-01-16 15:46:04.014869
19	20180102	1	1972	28	13	2001	246	57	2018-01-16 15:46:04.014888
19	20180103	3	1933	148	12	2002	50	44	2018-01-16 15:46:04.014907
19	20180104	2	1934	185	10	1969	169	23	2018-01-16 15:46:04.014926
19	20180105	8	1932	85	25	1940	201	16	2018-01-16 15:46:04.014946
19	20180106	9	1993	102	22	1959	105	38	2018-01-16 15:46:04.014964
19	20180107	3	1996	195	36	2008	125	44	2018-01-16 15:46:04.014984
19	20180108	2	1979	197	25	2025	218	69	2018-01-16 15:46:04.015003
19	20180109	8	1989	44	35	2014	237	46	2018-01-16 15:46:04.015022
19	20180110	11	1976	14	29	2019	71	58	2018-01-16 15:46:04.015042
19	20180111	2	1939	136	38	1990	38	45	2018-01-16 15:46:04.015061
19	20180112	3	1910	172	14	1970	163	48	2018-01-16 15:46:04.015080
19	20180113	4	1930	50	32	1916	199	39	2018-01-16 15:46:04.015150
19	20180114	5	1971	230	12	1965	68	45	2018-01-16 15:46:04.015171
19	20180115	5	1916	174	44	1992	257	44	2018-01-16 15:46:04.015190
19	20180116	10	1950	153	31	1931	187	66	2018-01-16 15:46:04.015209
19	20180117	11	1996	196	30	1958	173	48	2018-01-16 15:46:04.015229
19	20180118	7	1999	131	31	2029	225	57	2018-01-16 15:46:04.015248
19	20180119	10	1974	156	36	2027	143	61	2018-01-16 15:46:04.015266
19	20180120	3	1901	39	35	2011	175	42	2018-01-16 15:46:04.015285
19	20180121	5	1992	29	9	1911	54	46	2018-01-16 15:46:04.015303
19	20180122	4	1912	99	28	2024	35	35	2018-01-16 15:46:04.015357
19	20180123	8	1947	212	34	1938	117	46	2018-01-16 15:46:04.015390
19	20180124	4	1996	119	13	1982	244	42	2018-01-16 15:46:04.015409
19	20180125	8	1981	234	32	2017	132	20	2018-01-16 15:46:04.015428
19	20180126	2	1931	87	45	2014	255	67	2018-01-16 15:46:04.015447
19	20180127	1	1978	246	27	1949	108	58	2018-01-16 15:46:04.015465
19	20180128	6	1989	247	37	1991	284	35	2018-01-16 15:46:04.015484
19	20180129	1	1961	236	12	2023	280	70	2018-01-16 15:46:04.015503
19	20180130	1	1989	120	8	1988	255	36	2018-01-16 15:46:04.015521
19	20180131	5	1967	7	23	2019	141	48	2018-01-16 15:46:04.015540
20	20171201	2	2075	141	27	19	37	6	2018-01-16 15:46:04.015574
20	20171202	10	2016	133	31	2080	166	42	2018-01-16 15:46:04.015595
20	20171203	11	2066	150	37	2043	163	62	2018-01-16 15:46:04.015615
20	20171204	2	2081	131	35	2101	181	48	2018-01-16 15:46:04.015636
20	20171205	11	2074	42	9	2105	140	51	2018-01-16 15:46:04.015656
20	20171206	2	2048	172	18	2106	81	46	2018-01-16 15:46:04.015677
20	20171207	11	2092	249	23	2085	212	32	2018-01-16 15:46:04.015697
20	20171208	6	2032	196	39	2119	271	47	2018-01-16 15:46:04.015729
20	20171209	10	2068	179	22	2056	208	60	2018-01-16 15:46:04.015748
20	20171210	2	2090	124	22	2081	194	40	2018-01-16 15:46:04.015767
20	20171211	7	2054	43	33	2100	148	30	2018-01-16 15:46:04.015785
20	20171212	1	2019	17	46	2078	72	67	2018-01-16 15:46:04.015803
20	20171213	7	2046	208	39	2027	40	55	2018-01-16 15:46:04.015822
20	20171214	11	2048	192	21	2058	222	52	2018-01-16 15:46:04.015841
20	20171215	11	2088	226	51	2069	210	29	2018-01-16 15:46:04.015859
20	20171216	10	2064	209	41	2103	250	65	2018-01-16 15:46:04.015878
20	20171217	1	2089	180	30	2076	245	68	2018-01-16 15:46:04.015896
20	20171218	9	2050	36	19	2128	218	56	2018-01-16 15:46:04.015914
20	20171219	10	2049	37	18	2077	75	29	2018-01-16 15:46:04.015933
20	20171220	9	2025	118	39	2065	69	29	2018-01-16 15:46:04.015951
20	20171221	3	2052	1	31	2041	135	70	2018-01-16 15:46:04.015970
20	20171222	2	2030	217	16	2061	40	39	2018-01-16 15:46:04.015988
20	20171223	7	2032	74	13	2069	233	50	2018-01-16 15:46:04.016006
20	20171224	6	2045	40	18	2064	99	43	2018-01-16 15:46:04.016025
20	20171225	9	2001	112	12	2052	72	24	2018-01-16 15:46:04.016044
20	20171226	11	2034	203	35	2028	152	34	2018-01-16 15:46:04.016062
20	20171227	5	2020	150	35	2042	223	59	2018-01-16 15:46:04.016081
20	20171228	11	2000	229	31	2036	185	43	2018-01-16 15:46:04.016099
20	20171229	8	2038	7	16	2037	245	51	2018-01-16 15:46:04.016118
20	20171230	7	2088	150	28	2060	18	39	2018-01-16 15:46:04.016136
20	20171231	3	2027	238	34	2101	159	55	2018-01-16 15:46:04.016155
20	20180101	1	2081	152	28	2049	261	39	2018-01-16 15:46:04.016173
20	20180102	4	2000	206	30	2118	164	37	2018-01-16 15:46:04.016192
20	20180103	1	2040	169	19	2018	219	54	2018-01-16 15:46:04.016210
20	20180104	1	2053	191	22	2065	187	26	2018-01-16 15:46:04.016228
20	20180105	1	2019	155	38	2062	221	34	2018-01-16 15:46:04.016247
20	20180106	5	2018	166	10	2058	190	73	2018-01-16 15:46:04.016266
20	20180107	1	2002	179	30	2024	200	31	2018-01-16 15:46:04.016284
20	20180108	5	2072	1	38	2036	203	66	2018-01-16 15:46:04.016303
20	20180109	9	2020	241	31	2096	29	71	2018-01-16 15:46:04.016321
20	20180110	6	2099	186	46	2044	271	36	2018-01-16 15:46:04.016340
20	20180111	3	2060	222	14	2120	215	59	2018-01-16 15:46:04.016358
20	20180112	5	2097	140	23	2075	262	30	2018-01-16 15:46:04.016377
20	20180113	2	2077	109	40	2109	153	53	2018-01-16 15:46:04.016395
20	20180114	7	2083	100	28	2082	136	47	2018-01-16 15:46:04.016442
20	20180115	7	2098	48	14	2116	125	59	2018-01-16 15:46:04.016462
20	20180116	6	2051	209	17	2132	70	22	2018-01-16 15:46:04.016482
20	20180117	7	2083	131	14	2071	240	54	2018-01-16 15:46:04.016515
20	20180118	3	2024	154	42	2113	166	20	2018-01-16 15:46:04.016548
20	20180119	2	2018	156	22	2062	169	47	2018-01-16 15:46:04.016566
20	20180120	6	2022	221	40	2029	168	36	2018-01-16 15:46:04.016586
20	20180121	3	2095	56	30	2036	244	60	2018-01-16 15:46:04.016606
20	20180122	3	2000	181	35	2109	95	55	2018-01-16 15:46:04.016627
20	20180123	2	2020	143	16	2036	208	72	2018-01-16 15:46:04.016648
20	20180124	11	2085	20	20	2036	180	49	2018-01-16 15:46:04.016667
20	20180125	11	2051	53	46	2101	52	45	2018-01-16 15:46:04.016688
20	20180126	7	2060	94	22	2076	80	69	2018-01-16 15:46:04.016708
20	20180127	7	2013	37	26	2071	133	33	2018-01-16 15:46:04.016728
20	20180128	1	2068	249	41	2022	49	61	2018-01-16 15:46:04.016747
20	20180129	3	2082	94	14	2092	279	76	2018-01-16 15:46:04.016767
20	20180130	3	2065	116	13	2118	119	44	2018-01-16 15:46:04.016787
20	20180131	5	2038	60	43	2079	152	30	2018-01-16 15:46:04.016808
