0	20171201	19	15	15	8	13	hashtag_0
0	20171202	53	41	34	21	35	hashtag_0
0	20171203	91	54	61	61	71	hashtag_0
0	20171204	122	79	68	91	97	hashtag_0
0	20171205	149	84	99	106	130	hashtag_0
0	20171206	171	103	124	117	148	hashtag_0
0	20171207	210	122	132	143	183	hashtag_0
0	20171208	220	137	139	174	189	hashtag_0
0	20171209	254	161	176	211	204	hashtag_0
0	20171210	274	184	213	233	235	hashtag_0
0	20171211	285	189	231	256	251	hashtag_0
0	20171212	312	199	267	274	290	hashtag_0
0	20171213	328	209	289	285	315	hashtag_0
0	20171214	367	225	305	307	335	hashtag_0
0	20171215	382	252	342	336	370	hashtag_0
0	20171216	409	279	359	353	395	hashtag_0
0	20171217	428	312	391	371	412	hashtag_0
0	20171218	450	334	411	402	428	hashtag_0
0	20171219	473	352	444	409	461	hashtag_0
0	20171220	511	392	459	438	485	hashtag_0
0	20171221	535	409	481	453	504	hashtag_0
0	20171222	548	420	493	462	518	hashtag_0
0	20171223	577	442	518	471	537	hashtag_0
0	20171224	615	476	528	507	554	hashtag_0
0	20171225	640	509	548	529	578	hashtag_0
0	20171226	653	545	587	569	589	hashtag_0
0	20171227	659	554	597	587	615	hashtag_0
0	20171228	674	588	606	601	628	hashtag_0
0	20171229	701	623	615	630	664	hashtag_0
0	20171230	722	645	627	656	679	hashtag_0
0	20171231	754	672	638	685	691	hashtag_0
0	20180101	760	712	666	719	708	hashtag_0
0	20180102	768	735	687	731	733	hashtag_0
0	20180103	777	759	711	755	747	hashtag_0
0	20180104	792	784	751	778	779	hashtag_0
0	20180105	816	801	762	796	809	hashtag_0
0	20180106	822	838	800	819	819	hashtag_0
0	20180107	845	877	820	856	846	hashtag_0
0	20180108	860	882	848	867	871	hashtag_0
0	20180109	884	913	870	907	896	hashtag_0
0	20180110	904	918	896	920	933	hashtag_0
0	20180111	942	936	905	955	952	hashtag_0
0	20180112	982	976	922	977	986	hashtag_0
0	20180113	1017	1013	955	983	1009	hashtag_0
0	20180114	1028	1032	963	993	1049	hashtag_0
0	20180115	1042	1059	993	1020	1077	hashtag_0
0	20180116	1060	1069	1031	1053	1107	hashtag_0
0	20180117	1067	1091	1064	1088	1125	hashtag_0
0	20180118	1072	1122	1102	1095	1159	hashtag_0
0	20180119	1111	1160	1116	1134	1177	hashtag_0
0	20180120	1132	1179	1155	1150	1182	hashtag_0
0	20180121	1165	1205	1192	1166	1203	hashtag_0
0	20180122	1196	1225	1205	1172	1228	hashtag_0
0	20180123	1201	1241	1214	1204	1255	hashtag_0
0	20180124	1226	1247	1223	1241	1285	hashtag_0
0	20180125	1238	1260	1260	1251	1325	hashtag_0
0	20180126	1254	1293	1287	1287	1353	hashtag_0
0	20180127	1275	1315	1316	1327	1380	hashtag_0
0	20180128	1280	1347	1356	1344	1405	hashtag_0
0	20180129	1302	1364	1384	1351	1422	hashtag_0
0	20180130	1317	1384	1393	1391	1431	hashtag_0
0	20180131	1328	1402	1402	1422	1443	hashtag_0
1	20171201	31	17	12	24	25	hashtag_1
1	20171202	40	31	41	39	60	hashtag_1
1	20171203	77	57	77	71	89	hashtag_1
1	20171204	101	69	115	103	117	hashtag_1
1	20171205	141	90	138	109	129	hashtag_1
1	20171206	165	117	174	124	163	hashtag_1
1	20171207	183	140	187	145	203	hashtag_1
1	20171208	194	166	219	173	235	hashtag_1
1	20171209	202	191	239	213	264	hashtag_1
1	20171210	235	200	273	253	291	hashtag_1
1	20171211	243	230	282	293	307	hashtag_1
1	20171212	265	240	287	303	325	hashtag_1
1	20171213	280	270	307	342	339	hashtag_1
1	20171214	287	294	324	347	372	hashtag_1
1	20171215	300	317	332	355	377	hashtag_1
1	20171216	316	339	345	368	417	hashtag_1
1	20171217	352	358	357	406	437	hashtag_1
1	20171218	392	367	395	435	446	hashtag_1
1	20171219	404	380	404	463	471	hashtag_1
1	20171220	424	411	416	494	493	hashtag_1
1	20171221	450	434	452	507	524	hashtag_1
1	20171222	486	460	487	520	531	hashtag_1
1	20171223	523	497	527	533	545	hashtag_1
1	20171224	550	537	567	562	583	hashtag_1
1	20171225	570	546	582	581	604	hashtag_1
1	20171226	595	581	597	620	618	hashtag_1
1	20171227	625	602	631	631	647	hashtag_1
1	20171228	662	620	638	655	668	hashtag_1
1	20171229	698	648	652	688	681	hashtag_1
1	20171230	729	684	674	696	689	hashtag_1
1	20171231	747	707	686	718	708	hashtag_1
1	20180101	754	747	692	751	723	hashtag_1
1	20180102	769	757	722	782	744	hashtag_1
1	20180103	777	791	728	819	784	hashtag_1
1	20180104	790	813	753	827	791	hashtag_1
1	20180105	813	820	786	853	805	hashtag_1
1	20180106	853	841	823	861	844	hashtag_1
1	20180107	872	867	838	893	858	hashtag_1
1	20180108	878	904	851	898	876	hashtag_1
1	20180109	896	931	864	908	893	hashtag_1
1	20180110	929	947	902	925	908	hashtag_1
1	20180111	953	972	921	965	936	hashtag_1
1	20180112	984	985	929	996	948	hashtag_1
1	20180113	996	996	960	1009	966	hashtag_1
1	20180114	1012	1029	967	1034	984	hashtag_1
1	20180115	1037	1043	1007	1052	1015	hashtag_1
1	20180116	1069	1080	1029	1057	1055	hashtag_1
1	20180117	1096	1092	1034	1085	1095	hashtag_1
1	20180118	1120	1117	1067	1108	1105	hashtag_1
1	20180119	1134	1126	1091	1113	1141	hashtag_1
1	20180120	1145	1161	1125	1148	1170	hashtag_1
1	20180121	1159	1184	1150	1176	1199	hashtag_1
1	20180122	1164	1190	1189	1191	1225	hashtag_1
1	20180123	1177	1217	1198	1200	1235	hashtag_1
1	20180124	1201	1244	1210	1223	1269	hashtag_1
1	20180125	1217	1250	1244	1263	1293	hashtag_1
1	20180126	1239	1276	1279	1269	1325	hashtag_1
1	20180127	1247	1299	1297	1284	1347	hashtag_1
1	20180128	1258	1305	1308	1323	1354	hashtag_1
1	20180129	1286	1319	1336	1345	1394	hashtag_1
1	20180130	1304	1343	1372	1361	1419	hashtag_1
1	20180131	1335	1363	1403	1385	1459	hashtag_1
2	20171201	40	15	36	24	11	hashtag_2
2	20171202	59	26	68	31	17	hashtag_2
2	20171203	85	60	101	49	55	hashtag_2
2	20171204	103	77	137	61	76	hashtag_2
2	20171205	137	96	175	77	96	hashtag_2
2	20171206	177	106	190	108	119	hashtag_2
2	20171207	216	123	212	122	151	hashtag_2
2	20171208	254	153	221	161	176	hashtag_2
2	20171209	264	190	247	169	197	hashtag_2
2	20171210	286	200	269	177	206	hashtag_2
2	20171211	303	237	289	186	223	hashtag_2
2	20171212	334	273	326	211	239	hashtag_2
2	20171213	368	298	344	223	277	hashtag_2
2	20171214	381	317	364	249	308	hashtag_2
2	20171215	386	336	374	275	317	hashtag_2
2	20171216	419	375	387	295	357	hashtag_2
2	20171217	455	406	397	310	393	hashtag_2
2	20171218	490	432	415	342	422	hashtag_2
2	20171219	515	459	421	368	456	hashtag_2
2	20171220	552	474	453	401	470	hashtag_2
2	20171221	567	479	475	428	505	hashtag_2
2	20171222	606	488	500	444	520	hashtag_2
2	20171223	634	494	529	463	548	hashtag_2
2	20171224	673	529	539	490	573	hashtag_2
2	20171225	689	568	562	510	605	hashtag_2
2	20171226	704	602	596	536	637	hashtag_2
2	20171227	729	622	619	557	674	hashtag_2
2	20171228	747	657	647	594	681	hashtag_2
2	20171229	770	685	679	630	693	hashtag_2
2	20171230	805	698	694	646	718	hashtag_2
2	20171231	821	722	734	673	742	hashtag_2
2	20180101	848	749	742	698	773	hashtag_2
2	20180102	858	767	774	724	804	hashtag_2
2	20180103	874	795	788	735	820	hashtag_2
2	20180104	886	803	801	763	848	hashtag_2
2	20180105	901	818	834	796	856	hashtag_2
2	20180106	911	823	866	818	866	hashtag_2
2	20180107	951	858	889	858	900	hashtag_2
2	20180108	975	893	901	898	922	hashtag_2
2	20180109	982	900	936	919	934	hashtag_2
2	20180110	1004	905	974	940	948	hashtag_2
2	20180111	1016	943	984	946	985	hashtag_2
2	20180112	1022	964	990	964	995	hashtag_2
2	20180113	1061	971	1015	976	1008	hashtag_2
2	20180114	1079	995	1039	999	1035	hashtag_2
2	20180115	1096	1000	1063	1029	1071	hashtag_2
2	20180116	1126	1029	1089	1050	1102	hashtag_2
2	20180117	1162	1046	1096	1082	1110	hashtag_2
2	20180118	1175	1078	1104	1102	1150	hashtag_2
2	20180119	1202	1111	1133	1118	1180	hashtag_2
2	20180120	1214	1131	1163	1156	1200	hashtag_2
2	20180121	1245	1167	1200	1179	1217	hashtag_2
2	20180122	1277	1198	1220	1211	1232	hashtag_2
2	20180123	1316	1215	1229	1231	1244	hashtag_2
2	20180124	1356	1255	1266	1256	1281	hashtag_2
2	20180125	1386	1272	1285	1291	1292	hashtag_2
2	20180126	1426	1289	1317	1300	1301	hashtag_2
2	20180127	1449	1300	1348	1337	1330	hashtag_2
2	20180128	1461	1313	1355	1358	1336	hashtag_2
2	20180129	1488	1336	1371	1398	1345	hashtag_2
2	20180130	1516	1347	1406	1430	1359	hashtag_2
2	20180131	1541	1352	1424	1448	1379	hashtag_2
3	20171201	13	38	8	24	12	hashtag_3
3	20171202	30	44	40	42	21	hashtag_3
3	20171203	39	78	60	56	34	hashtag_3
3	20171204	55	84	89	88	43	hashtag_3
3	20171205	83	111	128	99	52	hashtag_3
3	20171206	94	136	161	107	65	hashtag_3
3	20171207	104	148	196	112	96	hashtag_3
3	20171208	112	174	205	133	134	hashtag_3
3	20171209	130	206	230	172	154	hashtag_3
3	20171210	158	212	240	201	184	hashtag_3
3	20171211	198	249	270	213	195	hashtag_3
3	20171212	229	278	297	247	218	hashtag_3
3	20171213	238	286	335	282	245	hashtag_3
3	20171214	254	319	342	312	271	hashtag_3
3	20171215	287	345	357	348	280	hashtag_3
3	20171216	324	385	394	366	314	hashtag_3
3	20171217	339	394	413	382	354	hashtag_3
3	20171218	344	429	423	422	374	hashtag_3
3	20171219	360	459	454	462	408	hashtag_3
3	20171220	384	467	470	470	432	hashtag_3
3	20171221	411	474	495	475	454	hashtag_3
3	20171222	426	503	532	488	463	hashtag_3
3	20171223	458	509	572	507	475	hashtag_3
3	20171224	494	548	582	539	506	hashtag_3
3	20171225	503	572	596	567	513	hashtag_3
3	20171226	515	605	603	580	519	hashtag_3
3	20171227	532	630	620	605	548	hashtag_3
3	20171228	565	653	633	611	577	hashtag_3
3	20171229	597	662	654	626	599	hashtag_3
3	20171230	632	697	663	658	621	hashtag_3
3	20171231	649	706	701	669	649	hashtag_3
3	20180101	683	739	741	682	684	hashtag_3
3	20180102	690	746	776	706	696	hashtag_3
3	20180103	704	761	781	740	720	hashtag_3
3	20180104	712	784	789	777	733	hashtag_3
3	20180105	718	815	808	809	766	hashtag_3
3	20180106	729	853	830	823	785	hashtag_3
3	20180107	767	886	848	845	824	hashtag_3
3	20180108	805	896	860	867	842	hashtag_3
3	20180109	819	904	891	875	865	hashtag_3
3	20180110	825	943	897	903	875	hashtag_3
3	20180111	859	950	903	926	908	hashtag_3
3	20180112	875	959	914	947	913	hashtag_3
3	20180113	911	982	930	963	932	hashtag_3
3	20180114	940	1014	961	992	952	hashtag_3
3	20180115	948	1031	967	1010	981	hashtag_3
3	20180116	983	1051	983	1047	991	hashtag_3
3	20180117	1017	1075	999	1080	1008	hashtag_3
3	20180118	1027	1091	1012	1100	1020	hashtag_3
3	20180119	1065	1112	1039	1116	1030	hashtag_3
3	20180120	1105	1130	1057	1131	1040	hashtag_3
3	20180121	1110	1139	1097	1169	1079	hashtag_3
3	20180122	1141	1176	1112	1204	1097	hashtag_3
3	20180123	1167	1214	1118	1228	1112	hashtag_3
3	20180124	1173	1220	1142	1254	1119	hashtag_3
3	20180125	1200	1227	1172	1267	1153	hashtag_3
3	20180126	1210	1257	1208	1277	1190	hashtag_3
3	20180127	1241	1276	1229	1303	1205	hashtag_3
3	20180128	1247	1291	1250	1337	1229	hashtag_3
3	20180129	1272	1298	1257	1347	1242	hashtag_3
3	20180130	1308	1314	1265	1386	1257	hashtag_3
3	20180131	1314	1341	1299	1418	1291	hashtag_3
4	20171201	21	38	34	33	27	hashtag_4
4	20171202	30	46	53	57	40	hashtag_4
4	20171203	49	62	61	63	45	hashtag_4
4	20171204	57	71	99	73	50	hashtag_4
4	20171205	83	104	129	102	87	hashtag_4
4	20171206	118	111	151	140	124	hashtag_4
4	20171207	125	135	158	163	151	hashtag_4
4	20171208	133	144	183	196	173	hashtag_4
4	20171209	139	184	206	204	209	hashtag_4
4	20171210	168	191	236	213	218	hashtag_4
4	20171211	173	213	244	244	247	hashtag_4
4	20171212	207	219	263	260	254	hashtag_4
4	20171213	244	226	282	291	276	hashtag_4
4	20171214	275	231	303	328	294	hashtag_4
4	20171215	282	236	342	361	301	hashtag_4
4	20171216	307	274	378	368	328	hashtag_4
4	20171217	314	291	396	400	353	hashtag_4
4	20171218	334	305	407	415	376	hashtag_4
4	20171219	355	344	445	441	387	hashtag_4
4	20171220	363	355	465	479	404	hashtag_4
4	20171221	397	369	472	502	437	hashtag_4
4	20171222	415	374	495	532	467	hashtag_4
4	20171223	453	397	512	562	477	hashtag_4
4	20171224	491	421	529	592	517	hashtag_4
4	20171225	531	457	546	619	522	hashtag_4
4	20171226	551	463	553	637	537	hashtag_4
4	20171227	578	475	562	670	549	hashtag_4
4	20171228	617	508	589	696	555	hashtag_4
4	20171229	654	531	612	723	568	hashtag_4
4	20171230	675	539	634	760	576	hashtag_4
4	20171231	680	574	672	791	586	hashtag_4
4	20180101	685	593	692	810	621	hashtag_4
4	20180102	701	623	709	828	660	hashtag_4
4	20180103	728	646	749	851	697	hashtag_4
4	20180104	743	673	762	860	710	hashtag_4
4	20180105	775	684	789	888	722	hashtag_4
4	20180106	811	713	811	895	752	hashtag_4
4	20180107	847	722	840	905	768	hashtag_4
4	20180108	866	756	877	943	784	hashtag_4
4	20180109	900	782	914	981	803	hashtag_4
4	20180110	938	804	947	990	811	hashtag_4
4	20180111	963	831	977	1007	831	hashtag_4
4	20180112	1002	837	986	1015	857	hashtag_4
4	20180113	1010	866	1009	1051	890	hashtag_4
4	20180114	1033	880	1024	1073	918	hashtag_4
4	20180115	1038	892	1047	1102	947	hashtag_4
4	20180116	1049	928	1086	1117	964	hashtag_4
4	20180117	1059	949	1101	1156	974	hashtag_4
4	20180118	1085	971	1120	1170	1012	hashtag_4
4	20180119	1125	979	1139	1207	1022	hashtag_4
4	20180120	1143	1002	1162	1230	1062	hashtag_4
4	20180121	1167	1011	1197	1270	1099	hashtag_4
4	20180122	1202	1027	1226	1298	1108	hashtag_4
4	20180123	1221	1040	1234	1314	1147	hashtag_4
4	20180124	1252	1051	1264	1330	1180	hashtag_4
4	20180125	1258	1068	1303	1365	1209	hashtag_4
4	20180126	1282	1104	1333	1396	1246	hashtag_4
4	20180127	1287	1133	1338	1410	1261	hashtag_4
4	20180128	1315	1153	1343	1416	1281	hashtag_4
4	20180129	1335	1184	1350	1421	1305	hashtag_4
4	20180130	1366	1203	1359	1433	1339	hashtag_4
4	20180131	1390	1208	1398	1450	1367	hashtag_4
5	20171201	39	10	16	39	27	hashtag_5
5	20171202	56	23	26	68	45	hashtag_5
5	20171203	69	38	52	76	65	hashtag_5
5	20171204	74	55	68	84	101	hashtag_5
5	20171205	100	85	106	95	135	hashtag_5
5	20171206	126	119	117	135	156	hashtag_5
5	20171207	155	128	148	144	176	hashtag_5
5	20171208	180	152	184	166	187	hashtag_5
5	20171209	203	176	197	173	193	hashtag_5
5	20171210	225	216	205	189	228	hashtag_5
5	20171211	239	251	223	216	241	hashtag_5
5	20171212	264	283	234	230	249	hashtag_5
5	20171213	272	316	259	235	255	hashtag_5
5	20171214	300	354	291	274	277	hashtag_5
5	20171215	330	382	330	313	301	hashtag_5
5	20171216	338	411	361	352	340	hashtag_5
5	20171217	344	450	388	379	366	hashtag_5
5	20171218	368	483	396	407	396	hashtag_5
5	20171219	395	506	419	418	406	hashtag_5
5	20171220	430	518	429	451	435	hashtag_5
5	20171221	470	535	465	479	446	hashtag_5
5	20171222	476	564	476	506	471	hashtag_5
5	20171223	503	570	487	521	479	hashtag_5
5	20171224	535	610	500	527	517	hashtag_5
5	20171225	552	640	508	565	530	hashtag_5
5	20171226	591	677	542	598	553	hashtag_5
5	20171227	598	715	554	632	559	hashtag_5
5	20171228	609	746	583	642	590	hashtag_5
5	20171229	645	757	612	666	624	hashtag_5
5	20171230	668	777	622	681	645	hashtag_5
5	20171231	677	804	653	701	666	hashtag_5
5	20180101	692	812	666	716	685	hashtag_5
5	20180102	729	829	677	735	699	hashtag_5
5	20180103	749	851	699	769	717	hashtag_5
5	20180104	765	859	715	798	756	hashtag_5
5	20180105	783	897	725	819	794	hashtag_5
5	20180106	817	907	737	840	802	hashtag_5
5	20180107	851	934	749	863	817	hashtag_5
5	20180108	856	954	783	902	856	hashtag_5
5	20180109	872	987	814	912	867	hashtag_5
5	20180110	892	1004	853	948	878	hashtag_5
5	20180111	906	1019	886	978	907	hashtag_5
5	20180112	929	1027	898	988	936	hashtag_5
5	20180113	955	1042	932	1028	952	hashtag_5
5	20180114	985	1078	971	1048	978	hashtag_5
5	20180115	1019	1091	979	1059	1012	hashtag_5
5	20180116	1030	1123	997	1089	1020	hashtag_5
5	20180117	1035	1148	1007	1122	1042	hashtag_5
5	20180118	1044	1184	1035	1154	1073	hashtag_5
5	20180119	1084	1199	1056	1182	1081	hashtag_5
5	20180120	1111	1219	1063	1200	1102	hashtag_5
5	20180121	1136	1255	1078	1209	1108	hashtag_5
5	20180122	1156	1268	1100	1242	1144	hashtag_5
5	20180123	1194	1303	1122	1252	1164	hashtag_5
5	20180124	1228	1313	1127	1258	1193	hashtag_5
5	20180125	1267	1349	1150	1295	1222	hashtag_5
5	20180126	1280	1360	1172	1306	1237	hashtag_5
5	20180127	1314	1387	1202	1325	1275	hashtag_5
5	20180128	1331	1411	1240	1330	1282	hashtag_5
5	20180129	1368	1443	1263	1367	1288	hashtag_5
5	20180130	1388	1476	1273	1394	1305	hashtag_5
5	20180131	1422	1509	1302	1408	1333	hashtag_5
6	20171201	12	12	17	16	15	hashtag_6
6	20171202	34	40	46	36	25	hashtag_6
6	20171203	48	46	55	70	47	hashtag_6
6	20171204	79	56	91	99	64	hashtag_6
6	20171205	88	96	102	110	77	hashtag_6
6	20171206	96	123	123	130	84	hashtag_6
6	20171207	111	131	139	140	94	hashtag_6
6	20171208	133	144	165	179	117	hashtag_6
6	20171209	173	174	183	199	130	hashtag_6
6	20171210	198	202	190	204	153	hashtag_6
6	20171211	212	242	206	224	191	hashtag_6
6	20171212	245	256	212	246	205	hashtag_6
6	20171213	253	271	221	269	244	hashtag_6
6	20171214	275	296	246	300	276	hashtag_6
6	20171215	285	329	285	311	311	hashtag_6
6	20171216	322	364	292	335	337	hashtag_6
6	20171217	328	404	332	349	361	hashtag_6
6	20171218	360	441	368	378	390	hashtag_6
6	20171219	394	449	382	394	403	hashtag_6
6	20171220	424	480	389	405	432	hashtag_6
6	20171221	442	495	397	431	469	hashtag_6
6	20171222	453	533	402	445	501	hashtag_6
6	20171223	477	559	425	452	507	hashtag_6
6	20171224	494	572	459	483	516	hashtag_6
6	20171225	507	588	490	488	541	hashtag_6
6	20171226	542	600	503	523	575	hashtag_6
6	20171227	582	618	515	542	595	hashtag_6
6	20171228	616	632	532	561	606	hashtag_6
6	20171229	651	657	559	583	645	hashtag_6
6	20171230	669	664	595	592	685	hashtag_6
6	20171231	703	673	601	630	722	hashtag_6
6	20180101	732	701	608	662	734	hashtag_6
6	20180102	748	727	642	677	744	hashtag_6
6	20180103	769	751	649	704	751	hashtag_6
6	20180104	808	774	674	722	788	hashtag_6
6	20180105	821	799	701	754	794	hashtag_6
6	20180106	848	816	720	783	825	hashtag_6
6	20180107	864	837	734	822	846	hashtag_6
6	20180108	872	852	759	827	871	hashtag_6
6	20180109	885	857	786	844	903	hashtag_6
6	20180110	918	880	818	866	928	hashtag_6
6	20180111	943	896	854	884	958	hashtag_6
6	20180112	974	927	862	908	995	hashtag_6
6	20180113	1010	957	900	924	1020	hashtag_6
6	20180114	1050	975	936	953	1040	hashtag_6
6	20180115	1077	1001	946	974	1057	hashtag_6
6	20180116	1085	1025	983	1005	1065	hashtag_6
6	20180117	1115	1039	996	1042	1079	hashtag_6
6	20180118	1138	1059	1002	1062	1099	hashtag_6
6	20180119	1149	1096	1014	1079	1129	hashtag_6
6	20180120	1161	1124	1032	1093	1160	hashtag_6
6	20180121	1191	1141	1050	1113	1192	hashtag_6
6	20180122	1208	1159	1063	1128	1226	hashtag_6
6	20180123	1231	1170	1093	1133	1257	hashtag_6
6	20180124	1259	1178	1131	1150	1282	hashtag_6
6	20180125	1297	1210	1156	1165	1299	hashtag_6
6	20180126	1309	1234	1186	1171	1323	hashtag_6
6	20180127	1317	1270	1192	1188	1345	hashtag_6
6	20180128	1356	1278	1206	1213	1353	hashtag_6
6	20180129	1365	1305	1215	1240	1375	hashtag_6
6	20180130	1400	1334	1254	1256	1404	hashtag_6
6	20180131	1430	1343	1268	1275	1437	hashtag_6
7	20171201	5	24	37	17	32	hashtag_7
7	20171202	29	40	65	32	47	hashtag_7
7	20171203	54	52	72	64	66	hashtag_7
7	20171204	75	65	102	79	97	hashtag_7
7	20171205	84	96	138	111	129	hashtag_7
7	20171206	94	107	148	138	144	hashtag_7
7	20171207	120	113	153	144	174	hashtag_7
7	20171208	158	132	168	160	203	hashtag_7
7	20171209	196	172	201	191	208	hashtag_7
7	20171210	210	198	230	209	229	hashtag_7
7	20171211	231	210	260	234	252	hashtag_7
7	20171212	266	232	270	266	262	hashtag_7
7	20171213	294	272	295	290	299	hashtag_7
7	20171214	326	309	319	302	332	hashtag_7
7	20171215	338	335	331	322	353	hashtag_7
7	20171216	370	365	336	346	380	hashtag_7
7	20171217	376	371	368	371	413	hashtag_7
7	20171218	413	410	383	403	425	hashtag_7
7	20171219	430	447	407	414	456	hashtag_7
7	20171220	451	470	432	454	471	hashtag_7
7	20171221	489	490	438	459	511	hashtag_7
7	20171222	520	528	478	483	535	hashtag_7
7	20171223	531	536	514	502	544	hashtag_7
7	20171224	549	563	525	513	584	hashtag_7
7	20171225	588	580	533	535	609	hashtag_7
7	20171226	596	597	559	567	630	hashtag_7
7	20171227	633	622	577	588	641	hashtag_7
7	20171228	640	656	582	622	651	hashtag_7
7	20171229	655	690	607	637	672	hashtag_7
7	20171230	670	717	615	671	704	hashtag_7
7	20171231	689	734	638	697	718	hashtag_7
7	20180101	727	770	665	707	747	hashtag_7
7	20180102	767	778	691	712	782	hashtag_7
7	20180103	780	818	717	721	813	hashtag_7
7	20180104	800	836	728	729	848	hashtag_7
7	20180105	825	859	739	744	875	hashtag_7
7	20180106	851	867	748	754	915	hashtag_7
7	20180107	881	897	772	778	928	hashtag_7
7	20180108	892	922	777	803	943	hashtag_7
7	20180109	922	939	803	829	951	hashtag_7
7	20180110	951	951	831	856	961	hashtag_7
7	20180111	965	959	868	864	988	hashtag_7
7	20180112	999	997	891	894	1010	hashtag_7
7	20180113	1004	1013	929	903	1042	hashtag_7
7	20180114	1038	1022	967	922	1059	hashtag_7
7	20180115	1055	1043	993	956	1095	hashtag_7
7	20180116	1089	1066	1021	984	1103	hashtag_7
7	20180117	1094	1100	1027	1008	1140	hashtag_7
7	20180118	1116	1125	1037	1030	1157	hashtag_7
7	20180119	1156	1163	1058	1070	1195	hashtag_7
7	20180120	1195	1198	1078	1092	1201	hashtag_7
7	20180121	1204	1209	1108	1116	1223	hashtag_7
7	20180122	1233	1246	1129	1145	1250	hashtag_7
7	20180123	1257	1277	1143	1166	1281	hashtag_7
7	20180124	1289	1313	1172	1178	1310	hashtag_7
7	20180125	1298	1335	1182	1192	1327	hashtag_7
7	20180126	1318	1342	1202	1230	1365	hashtag_7
7	20180127	1351	1351	1220	1236	1378	hashtag_7
7	20180128	1360	1361	1244	1257	1415	hashtag_7
7	20180129	1396	1392	1251	1279	1455	hashtag_7
7	20180130	1422	1412	1263	1305	1465	hashtag_7
7	20180131	1462	1424	1298	1338	1473	hashtag_7
8	20171201	32	26	19	32	19	hashtag_8
8	20171202	44	33	44	46	57	hashtag_8
8	20171203	67	50	77	71	81	hashtag_8
8	20171204	83	73	85	90	115	hashtag_8
8	20171205	115	101	125	110	132	hashtag_8
8	20171206	126	131	145	134	159	hashtag_8
8	20171207	143	162	183	154	174	hashtag_8
8	20171208	168	168	208	189	213	hashtag_8
8	20171209	179	185	216	196	228	hashtag_8
8	20171210	207	192	254	214	249	hashtag_8
8	20171211	220	221	266	234	263	hashtag_8
8	20171212	236	258	274	262	303	hashtag_8
8	20171213	262	278	307	293	317	hashtag_8
8	20171214	287	287	319	310	336	hashtag_8
8	20171215	318	300	329	339	359	hashtag_8
8	20171216	345	314	362	352	378	hashtag_8
8	20171217	354	335	371	388	386	hashtag_8
8	20171218	360	369	405	427	392	hashtag_8
8	20171219	371	395	415	438	419	hashtag_8
8	20171220	381	401	450	473	428	hashtag_8
8	20171221	408	422	485	512	466	hashtag_8
8	20171222	432	427	521	523	475	hashtag_8
8	20171223	467	445	551	532	486	hashtag_8
8	20171224	506	471	557	556	503	hashtag_8
8	20171225	512	479	571	584	532	hashtag_8
8	20171226	541	514	603	604	566	hashtag_8
8	20171227	548	553	626	628	587	hashtag_8
8	20171228	583	586	634	666	612	hashtag_8
8	20171229	592	620	651	697	627	hashtag_8
8	20171230	604	648	675	711	656	hashtag_8
8	20171231	639	657	706	749	680	hashtag_8
8	20180101	646	690	713	755	712	hashtag_8
8	20180102	682	724	733	772	724	hashtag_8
8	20180103	694	737	752	809	736	hashtag_8
8	20180104	709	763	791	849	768	hashtag_8
8	20180105	737	774	805	889	791	hashtag_8
8	20180106	742	784	810	915	824	hashtag_8
8	20180107	779	817	849	946	844	hashtag_8
8	20180108	793	845	865	960	876	hashtag_8
8	20180109	825	880	881	998	904	hashtag_8
8	20180110	833	911	893	1023	934	hashtag_8
8	20180111	864	935	911	1034	961	hashtag_8
8	20180112	882	961	939	1044	997	hashtag_8
8	20180113	901	982	963	1082	1009	hashtag_8
8	20180114	937	994	992	1113	1027	hashtag_8
8	20180115	943	1010	1017	1130	1050	hashtag_8
8	20180116	959	1044	1031	1145	1075	hashtag_8
8	20180117	978	1084	1044	1157	1110	hashtag_8
8	20180118	1010	1108	1059	1188	1141	hashtag_8
8	20180119	1049	1146	1093	1227	1151	hashtag_8
8	20180120	1081	1157	1131	1252	1166	hashtag_8
8	20180121	1102	1163	1159	1268	1202	hashtag_8
8	20180122	1134	1171	1177	1308	1237	hashtag_8
8	20180123	1150	1198	1187	1330	1259	hashtag_8
8	20180124	1164	1206	1225	1368	1291	hashtag_8
8	20180125	1177	1245	1253	1406	1311	hashtag_8
8	20180126	1189	1251	1265	1414	1348	hashtag_8
8	20180127	1213	1268	1297	1454	1376	hashtag_8
8	20180128	1250	1290	1325	1465	1411	hashtag_8
8	20180129	1265	1317	1365	1503	1422	hashtag_8
8	20180130	1284	1329	1397	1522	1451	hashtag_8
8	20180131	1310	1341	1433	1560	1462	hashtag_8
9	20171201	15	19	14	35	34	hashtag_9
9	20171202	38	57	24	64	48	hashtag_9
9	20171203	74	72	42	81	64	hashtag_9
9	20171204	83	105	63	118	91	hashtag_9
9	20171205	103	139	94	156	99	hashtag_9
9	20171206	129	178	122	164	124	hashtag_9
9	20171207	161	187	136	169	132	hashtag_9
9	20171208	195	196	153	186	146	hashtag_9
9	20171209	213	226	172	217	179	hashtag_9
9	20171210	252	251	184	229	203	hashtag_9
9	20171211	283	282	215	253	229	hashtag_9
9	20171212	300	307	255	280	241	hashtag_9
9	20171213	328	318	285	286	248	hashtag_9
9	20171214	338	337	304	321	271	hashtag_9
9	20171215	345	346	315	336	289	hashtag_9
9	20171216	384	367	338	362	321	hashtag_9
9	20171217	420	380	371	380	336	hashtag_9
9	20171218	429	416	396	395	363	hashtag_9
9	20171219	468	432	425	412	399	hashtag_9
9	20171220	494	471	449	425	432	hashtag_9
9	20171221	530	479	470	436	449	hashtag_9
9	20171222	564	507	489	449	484	hashtag_9
9	20171223	585	542	499	463	490	hashtag_9
9	20171224	618	578	514	498	495	hashtag_9
9	20171225	638	597	522	506	514	hashtag_9
9	20171226	661	619	527	513	546	hashtag_9
9	20171227	691	641	538	520	576	hashtag_9
9	20171228	698	659	553	526	595	hashtag_9
9	20171229	735	676	569	558	616	hashtag_9
9	20171230	766	714	595	577	647	hashtag_9
9	20171231	786	749	633	616	677	hashtag_9
9	20180101	800	773	655	629	706	hashtag_9
9	20180102	839	794	673	669	717	hashtag_9
9	20180103	849	834	697	684	753	hashtag_9
9	20180104	873	860	707	705	763	hashtag_9
9	20180105	901	900	717	743	790	hashtag_9
9	20180106	917	906	742	757	825	hashtag_9
9	20180107	935	935	759	785	844	hashtag_9
9	20180108	964	942	780	817	880	hashtag_9
9	20180109	994	961	817	853	902	hashtag_9
9	20180110	1015	968	845	891	908	hashtag_9
9	20180111	1040	980	853	913	947	hashtag_9
9	20180112	1055	1019	875	921	963	hashtag_9
9	20180113	1060	1037	905	944	989	hashtag_9
9	20180114	1086	1075	928	983	995	hashtag_9
9	20180115	1125	1091	961	1004	1025	hashtag_9
9	20180116	1165	1110	974	1022	1043	hashtag_9
9	20180117	1198	1137	989	1027	1065	hashtag_9
9	20180118	1207	1142	1006	1062	1095	hashtag_9
9	20180119	1226	1176	1018	1079	1111	hashtag_9
9	20180120	1231	1188	1047	1084	1119	hashtag_9
9	20180121	1253	1195	1079	1092	1127	hashtag_9
9	20180122	1274	1223	1108	1115	1133	hashtag_9
9	20180123	1290	1236	1136	1155	1160	hashtag_9
9	20180124	1299	1246	1172	1178	1184	hashtag_9
9	20180125	1310	1278	1206	1187	1202	hashtag_9
9	20180126	1326	1296	1225	1215	1233	hashtag_9
9	20180127	1354	1325	1264	1252	1271	hashtag_9
9	20180128	1384	1344	1282	1275	1302	hashtag_9
9	20180129	1394	1373	1306	1286	1317	hashtag_9
9	20180130	1419	1403	1342	1322	1342	hashtag_9
9	20180131	1436	1438	1362	1340	1362	hashtag_9
10	20171201	28	7	30	32	32	hashtag_10
10	20171202	67	28	36	56	62	hashtag_10
10	20171203	88	64	76	62	81	hashtag_10
10	20171204	107	70	99	74	118	hashtag_10
10	20171205	126	102	130	111	151	hashtag_10
10	20171206	138	123	153	120	173	hashtag_10
10	20171207	167	137	166	158	185	hashtag_10
10	20171208	199	158	188	186	211	hashtag_10
10	20171209	232	173	218	203	223	hashtag_10
10	20171210	267	212	223	220	251	hashtag_10
10	20171211	278	244	232	234	261	hashtag_10
10	20171212	302	252	242	248	293	hashtag_10
10	20171213	316	278	263	286	327	hashtag_10
10	20171214	340	297	273	322	357	hashtag_10
10	20171215	350	326	285	362	387	hashtag_10
10	20171216	372	364	320	397	399	hashtag_10
10	20171217	386	387	355	402	421	hashtag_10
10	20171218	410	397	364	410	461	hashtag_10
10	20171219	427	411	386	441	489	hashtag_10
10	20171220	466	424	412	454	502	hashtag_10
10	20171221	505	459	440	467	521	hashtag_10
10	20171222	532	467	461	474	531	hashtag_10
10	20171223	564	499	473	496	548	hashtag_10
10	20171224	602	516	487	503	574	hashtag_10
10	20171225	640	553	507	516	609	hashtag_10
10	20171226	677	559	527	526	639	hashtag_10
10	20171227	711	571	543	561	678	hashtag_10
10	20171228	723	591	558	581	709	hashtag_10
10	20171229	729	615	598	601	729	hashtag_10
10	20171230	734	642	624	620	756	hashtag_10
10	20171231	743	672	652	653	790	hashtag_10
10	20180101	759	679	684	685	795	hashtag_10
10	20180102	775	689	710	695	835	hashtag_10
10	20180103	801	715	717	727	840	hashtag_10
10	20180104	827	742	749	752	870	hashtag_10
10	20180105	867	751	762	774	889	hashtag_10
10	20180106	905	763	788	812	918	hashtag_10
10	20180107	939	789	801	829	940	hashtag_10
10	20180108	963	814	827	836	975	hashtag_10
10	20180109	1003	852	857	853	1008	hashtag_10
10	20180110	1023	870	865	884	1013	hashtag_10
10	20180111	1059	899	902	904	1032	hashtag_10
10	20180112	1085	912	908	920	1070	hashtag_10
10	20180113	1090	926	919	946	1080	hashtag_10
10	20180114	1108	950	926	981	1086	hashtag_10
10	20180115	1148	979	963	1008	1118	hashtag_10
10	20180116	1160	997	984	1031	1140	hashtag_10
10	20180117	1187	1025	1018	1056	1150	hashtag_10
10	20180118	1194	1063	1026	1092	1180	hashtag_10
10	20180119	1201	1075	1041	1116	1198	hashtag_10
10	20180120	1216	1091	1070	1139	1203	hashtag_10
10	20180121	1242	1130	1084	1160	1235	hashtag_10
10	20180122	1257	1163	1090	1170	1243	hashtag_10
10	20180123	1271	1178	1125	1177	1262	hashtag_10
10	20180124	1299	1198	1142	1217	1270	hashtag_10
10	20180125	1311	1222	1151	1223	1301	hashtag_10
10	20180126	1350	1253	1162	1246	1322	hashtag_10
10	20180127	1363	1278	1185	1267	1360	hashtag_10
10	20180128	1376	1306	1222	1296	1383	hashtag_10
10	20180129	1390	1317	1234	1320	1394	hashtag_10
10	20180130	1395	1334	1274	1334	1422	hashtag_10
10	20180131	1412	1350	1280	1369	1444	hashtag_10
11	20171201	34	26	20	38	37	hashtag_11
11	20171202	60	48	43	62	71	hashtag_11
11	20171203	89	82	63	79	99	hashtag_11
11	20171204	120	97	69	111	136	hashtag_11
11	20171205	150	122	86	139	164	hashtag_11
11	20171206	168	142	119	171	186	hashtag_11
11	20171207	208	172	156	200	213	hashtag_11
11	20171208	215	183	171	239	240	hashtag_11
11	20171209	252	204	187	259	254	hashtag_11
11	20171210	259	215	193	298	281	hashtag_11
11	20171211	270	233	201	324	312	hashtag_11
11	20171212	281	254	236	351	326	hashtag_11
11	20171213	293	290	263	357	334	hashtag_11
11	20171214	328	319	294	383	373	hashtag_11
11	20171215	353	347	306	398	401	hashtag_11
11	20171216	374	367	334	434	440	hashtag_11
11	20171217	406	401	357	469	463	hashtag_11
11	20171218	413	416	395	490	469	hashtag_11
11	20171219	445	445	417	510	487	hashtag_11
11	20171220	482	463	456	518	508	hashtag_11
11	20171221	503	487	491	540	541	hashtag_11
11	20171222	514	510	510	558	578	hashtag_11
11	20171223	553	532	547	578	583	hashtag_11
11	20171224	574	546	584	597	619	hashtag_11
11	20171225	602	572	605	608	656	hashtag_11
11	20171226	640	583	644	632	696	hashtag_11
11	20171227	657	601	661	649	733	hashtag_11
11	20171228	694	630	686	685	745	hashtag_11
11	20171229	699	667	712	691	778	hashtag_11
11	20171230	720	705	746	730	818	hashtag_11
11	20171231	731	735	752	750	847	hashtag_11
11	20180101	736	769	786	789	878	hashtag_11
11	20180102	750	778	795	801	906	hashtag_11
11	20180103	783	816	801	818	922	hashtag_11
11	20180104	821	843	830	826	959	hashtag_11
11	20180105	828	875	854	845	999	hashtag_11
11	20180106	865	897	870	859	1010	hashtag_11
11	20180107	901	923	910	888	1019	hashtag_11
11	20180108	924	960	915	907	1029	hashtag_11
11	20180109	955	996	954	924	1042	hashtag_11
11	20180110	992	1022	974	930	1065	hashtag_11
11	20180111	1011	1035	988	967	1101	hashtag_11
11	20180112	1031	1072	1007	986	1113	hashtag_11
11	20180113	1068	1111	1028	1017	1140	hashtag_11
11	20180114	1079	1127	1060	1031	1162	hashtag_11
11	20180115	1102	1152	1067	1057	1188	hashtag_11
11	20180116	1115	1174	1087	1068	1194	hashtag_11
11	20180117	1146	1205	1122	1080	1233	hashtag_11
11	20180118	1183	1220	1159	1115	1239	hashtag_11
11	20180119	1203	1231	1183	1124	1251	hashtag_11
11	20180120	1231	1248	1199	1147	1261	hashtag_11
11	20180121	1260	1278	1205	1164	1296	hashtag_11
11	20180122	1272	1310	1219	1176	1306	hashtag_11
11	20180123	1310	1324	1235	1183	1339	hashtag_11
11	20180124	1327	1351	1270	1216	1349	hashtag_11
11	20180125	1359	1369	1287	1234	1373	hashtag_11
11	20180126	1391	1409	1318	1269	1386	hashtag_11
11	20180127	1427	1427	1337	1303	1400	hashtag_11
11	20180128	1447	1459	1356	1326	1424	hashtag_11
11	20180129	1456	1470	1380	1366	1455	hashtag_11
11	20180130	1487	1496	1414	1385	1462	hashtag_11
11	20180131	1521	1526	1426	1423	1497	hashtag_11
12	20171201	11	11	35	25	15	hashtag_12
12	20171202	49	16	40	44	41	hashtag_12
12	20171203	66	48	75	64	59	hashtag_12
12	20171204	80	72	109	102	75	hashtag_12
12	20171205	87	87	136	115	83	hashtag_12
12	20171206	105	103	175	124	109	hashtag_12
12	20171207	145	113	188	138	144	hashtag_12
12	20171208	179	120	205	143	165	hashtag_12
12	20171209	218	152	245	168	170	hashtag_12
12	20171210	256	190	275	191	187	hashtag_12
12	20171211	267	225	298	219	195	hashtag_12
12	20171212	284	262	316	251	218	hashtag_12
12	20171213	301	300	339	291	230	hashtag_12
12	20171214	339	316	357	324	243	hashtag_12
12	20171215	376	343	366	330	276	hashtag_12
12	20171216	404	360	393	362	309	hashtag_12
12	20171217	414	400	408	383	344	hashtag_12
12	20171218	452	440	445	417	354	hashtag_12
12	20171219	465	462	464	422	370	hashtag_12
12	20171220	497	492	485	447	390	hashtag_12
12	20171221	503	520	517	468	417	hashtag_12
12	20171222	513	538	549	485	428	hashtag_12
12	20171223	526	566	558	494	434	hashtag_12
12	20171224	547	588	567	505	468	hashtag_12
12	20171225	559	608	603	530	486	hashtag_12
12	20171226	572	617	611	563	512	hashtag_12
12	20171227	595	656	624	590	551	hashtag_12
12	20171228	620	684	632	628	565	hashtag_12
12	20171229	641	703	672	645	578	hashtag_12
12	20171230	667	735	699	661	617	hashtag_12
12	20171231	673	756	712	697	627	hashtag_12
12	20180101	706	769	718	708	656	hashtag_12
12	20180102	724	801	737	724	668	hashtag_12
12	20180103	733	812	750	734	693	hashtag_12
12	20180104	739	837	787	770	714	hashtag_12
12	20180105	766	845	796	799	741	hashtag_12
12	20180106	803	870	802	810	772	hashtag_12
12	20180107	836	883	808	842	806	hashtag_12
12	20180108	854	919	825	860	841	hashtag_12
12	20180109	879	945	832	885	866	hashtag_12
12	20180110	915	954	861	913	903	hashtag_12
12	20180111	949	988	896	932	926	hashtag_12
12	20180112	966	1026	905	947	956	hashtag_12
12	20180113	988	1063	919	973	961	hashtag_12
12	20180114	1013	1082	930	986	968	hashtag_12
12	20180115	1024	1109	937	1016	995	hashtag_12
12	20180116	1056	1123	954	1034	1025	hashtag_12
12	20180117	1091	1145	974	1050	1034	hashtag_12
12	20180118	1131	1156	986	1087	1070	hashtag_12
12	20180119	1167	1178	1022	1103	1086	hashtag_12
12	20180120	1204	1217	1037	1138	1098	hashtag_12
12	20180121	1220	1233	1069	1146	1137	hashtag_12
12	20180122	1254	1262	1103	1169	1146	hashtag_12
12	20180123	1282	1272	1125	1196	1153	hashtag_12
12	20180124	1301	1292	1137	1212	1167	hashtag_12
12	20180125	1306	1330	1165	1217	1175	hashtag_12
12	20180126	1313	1353	1176	1257	1191	hashtag_12
12	20180127	1318	1359	1208	1293	1210	hashtag_12
12	20180128	1336	1381	1237	1317	1237	hashtag_12
12	20180129	1374	1413	1258	1324	1264	hashtag_12
12	20180130	1406	1444	1268	1330	1289	hashtag_12
12	20180131	1441	1452	1296	1345	1314	hashtag_12
13	20171201	18	17	19	9	16	hashtag_13
13	20171202	36	23	30	35	27	hashtag_13
13	20171203	76	49	55	71	46	hashtag_13
13	20171204	110	73	82	100	80	hashtag_13
13	20171205	120	111	121	110	92	hashtag_13
13	20171206	146	141	161	140	103	hashtag_13
13	20171207	152	158	194	171	142	hashtag_13
13	20171208	183	196	209	202	149	hashtag_13
13	20171209	194	223	228	220	180	hashtag_13
13	20171210	227	257	238	260	185	hashtag_13
13	20171211	235	295	252	288	195	hashtag_13
13	20171212	264	304	290	325	224	hashtag_13
13	20171213	284	322	316	338	242	hashtag_13
13	20171214	313	345	330	377	264	hashtag_13
13	20171215	345	384	347	410	275	hashtag_13
13	20171216	382	415	387	416	288	hashtag_13
13	20171217	409	435	403	445	307	hashtag_13
13	20171218	422	464	434	484	314	hashtag_13
13	20171219	436	470	462	502	344	hashtag_13
13	20171220	459	501	493	527	374	hashtag_13
13	20171221	494	509	510	549	390	hashtag_13
13	20171222	499	549	550	558	430	hashtag_13
13	20171223	522	577	564	590	465	hashtag_13
13	20171224	529	612	569	603	503	hashtag_13
13	20171225	554	649	591	618	542	hashtag_13
13	20171226	573	680	631	651	582	hashtag_13
13	20171227	608	710	662	657	587	hashtag_13
13	20171228	644	718	695	677	620	hashtag_13
13	20171229	659	749	733	711	652	hashtag_13
13	20171230	689	760	767	739	680	hashtag_13
13	20171231	705	781	778	752	718	hashtag_13
13	20180101	713	803	794	780	724	hashtag_13
13	20180102	729	837	824	810	759	hashtag_13
13	20180103	742	859	856	844	764	hashtag_13
13	20180104	769	873	895	884	797	hashtag_13
13	20180105	796	891	916	915	836	hashtag_13
13	20180106	830	926	945	930	858	hashtag_13
13	20180107	843	956	979	949	867	hashtag_13
13	20180108	856	977	992	963	901	hashtag_13
13	20180109	868	1002	1021	995	917	hashtag_13
13	20180110	899	1033	1043	1023	942	hashtag_13
13	20180111	938	1045	1080	1031	979	hashtag_13
13	20180112	967	1076	1118	1071	1008	hashtag_13
13	20180113	981	1105	1156	1102	1045	hashtag_13
13	20180114	1018	1111	1166	1134	1054	hashtag_13
13	20180115	1036	1123	1196	1141	1066	hashtag_13
13	20180116	1044	1143	1216	1166	1103	hashtag_13
13	20180117	1065	1179	1221	1179	1131	hashtag_13
13	20180118	1082	1213	1260	1188	1136	hashtag_13
13	20180119	1107	1224	1289	1208	1168	hashtag_13
13	20180120	1139	1252	1305	1233	1199	hashtag_13
13	20180121	1163	1258	1339	1248	1234	hashtag_13
13	20180122	1201	1278	1346	1263	1274	hashtag_13
13	20180123	1215	1309	1376	1299	1284	hashtag_13
13	20180124	1225	1315	1402	1319	1303	hashtag_13
13	20180125	1242	1325	1433	1338	1319	hashtag_13
13	20180126	1254	1345	1440	1363	1344	hashtag_13
13	20180127	1289	1384	1479	1376	1380	hashtag_13
13	20180128	1314	1422	1517	1387	1401	hashtag_13
13	20180129	1328	1460	1543	1402	1424	hashtag_13
13	20180130	1367	1466	1564	1436	1457	hashtag_13
13	20180131	1382	1479	1595	1449	1474	hashtag_13
14	20171201	30	35	8	8	33	hashtag_14
14	20171202	52	60	16	27	57	hashtag_14
14	20171203	69	66	34	44	74	hashtag_14
14	20171204	84	95	54	84	105	hashtag_14
14	20171205	91	106	61	90	116	hashtag_14
14	20171206	125	116	69	100	147	hashtag_14
14	20171207	156	141	105	107	153	hashtag_14
14	20171208	190	166	124	131	192	hashtag_14
14	20171209	195	189	155	145	219	hashtag_14
14	20171210	230	207	178	151	247	hashtag_14
14	20171211	255	236	202	173	271	hashtag_14
14	20171212	277	258	240	198	303	hashtag_14
14	20171213	293	279	249	236	338	hashtag_14
14	20171214	324	317	272	242	352	hashtag_14
14	20171215	333	330	308	253	385	hashtag_14
14	20171216	350	363	319	266	405	hashtag_14
14	20171217	364	381	344	305	430	hashtag_14
14	20171218	391	398	373	331	439	hashtag_14
14	20171219	416	422	407	371	474	hashtag_14
14	20171220	427	435	442	376	502	hashtag_14
14	20171221	451	471	450	409	519	hashtag_14
14	20171222	481	499	455	421	542	hashtag_14
14	20171223	516	512	464	428	556	hashtag_14
14	20171224	527	547	501	446	579	hashtag_14
14	20171225	536	558	540	452	591	hashtag_14
14	20171226	572	591	553	464	597	hashtag_14
14	20171227	584	618	576	474	635	hashtag_14
14	20171228	611	652	613	484	663	hashtag_14
14	20171229	643	678	645	499	697	hashtag_14
14	20171230	675	690	653	521	713	hashtag_14
14	20171231	700	721	666	533	741	hashtag_14
14	20180101	734	731	696	543	773	hashtag_14
14	20180102	755	763	702	552	806	hashtag_14
14	20180103	760	783	713	567	832	hashtag_14
14	20180104	793	792	718	578	856	hashtag_14
14	20180105	817	807	749	618	887	hashtag_14
14	20180106	822	828	772	648	908	hashtag_14
14	20180107	838	838	797	662	944	hashtag_14
14	20180108	864	843	818	676	958	hashtag_14
14	20180109	902	875	834	698	968	hashtag_14
14	20180110	940	905	865	717	997	hashtag_14
14	20180111	961	945	888	729	1022	hashtag_14
14	20180112	990	969	894	740	1033	hashtag_14
14	20180113	1008	985	912	747	1056	hashtag_14
14	20180114	1029	1015	928	785	1078	hashtag_14
14	20180115	1049	1050	938	808	1098	hashtag_14
14	20180116	1076	1070	953	846	1112	hashtag_14
14	20180117	1108	1088	986	879	1149	hashtag_14
14	20180118	1140	1108	1024	910	1155	hashtag_14
14	20180119	1168	1130	1038	938	1184	hashtag_14
14	20180120	1177	1159	1074	976	1189	hashtag_14
14	20180121	1191	1194	1085	1015	1204	hashtag_14
14	20180122	1227	1223	1099	1035	1227	hashtag_14
14	20180123	1263	1231	1126	1071	1249	hashtag_14
14	20180124	1269	1247	1162	1076	1283	hashtag_14
14	20180125	1276	1258	1178	1081	1321	hashtag_14
14	20180126	1297	1288	1187	1115	1340	hashtag_14
14	20180127	1318	1294	1219	1143	1349	hashtag_14
14	20180128	1340	1329	1231	1169	1355	hashtag_14
14	20180129	1378	1365	1252	1186	1363	hashtag_14
14	20180130	1396	1373	1282	1203	1369	hashtag_14
14	20180131	1432	1384	1318	1228	1408	hashtag_14
15	20171201	24	29	27	18	31	hashtag_15
15	20171202	32	48	44	42	47	hashtag_15
15	20171203	67	73	72	65	67	hashtag_15
15	20171204	72	105	103	70	80	hashtag_15
15	20171205	87	130	118	108	106	hashtag_15
15	20171206	112	165	141	141	121	hashtag_15
15	20171207	138	178	152	150	142	hashtag_15
15	20171208	159	188	158	158	160	hashtag_15
15	20171209	199	223	194	174	196	hashtag_15
15	20171210	212	239	228	190	201	hashtag_15
15	20171211	235	245	256	228	210	hashtag_15
15	20171212	268	275	269	248	246	hashtag_15
15	20171213	293	314	306	273	280	hashtag_15
15	20171214	302	334	331	288	292	hashtag_15
15	20171215	340	373	336	297	305	hashtag_15
15	20171216	355	405	346	305	340	hashtag_15
15	20171217	373	444	359	314	372	hashtag_15
15	20171218	380	466	397	350	390	hashtag_15
15	20171219	415	490	430	370	398	hashtag_15
15	20171220	455	498	457	403	418	hashtag_15
15	20171221	488	505	497	435	455	hashtag_15
15	20171222	493	527	516	464	486	hashtag_15
15	20171223	511	546	556	486	505	hashtag_15
15	20171224	530	585	581	506	534	hashtag_15
15	20171225	546	601	617	512	551	hashtag_15
15	20171226	552	629	650	535	558	hashtag_15
15	20171227	573	642	687	558	586	hashtag_15
15	20171228	594	653	705	569	594	hashtag_15
15	20171229	605	665	733	591	609	hashtag_15
15	20171230	645	700	761	599	629	hashtag_15
15	20171231	653	736	785	623	654	hashtag_15
15	20180101	681	742	806	663	662	hashtag_15
15	20180102	719	754	829	692	701	hashtag_15
15	20180103	735	782	853	704	734	hashtag_15
15	20180104	750	797	878	743	772	hashtag_15
15	20180105	788	814	886	778	796	hashtag_15
15	20180106	807	840	892	790	834	hashtag_15
15	20180107	817	850	923	795	871	hashtag_15
15	20180108	831	883	941	801	910	hashtag_15
15	20180109	862	904	970	837	946	hashtag_15
15	20180110	879	943	987	862	964	hashtag_15
15	20180111	900	957	1010	892	971	hashtag_15
15	20180112	935	968	1029	918	984	hashtag_15
15	20180113	968	1005	1067	951	1007	hashtag_15
15	20180114	996	1010	1080	986	1045	hashtag_15
15	20180115	1032	1032	1090	1004	1060	hashtag_15
15	20180116	1053	1057	1125	1014	1082	hashtag_15
15	20180117	1073	1089	1140	1034	1088	hashtag_15
15	20180118	1108	1124	1155	1073	1108	hashtag_15
15	20180119	1113	1140	1178	1107	1134	hashtag_15
15	20180120	1120	1169	1185	1123	1144	hashtag_15
15	20180121	1159	1191	1214	1135	1171	hashtag_15
15	20180122	1172	1218	1230	1156	1210	hashtag_15
15	20180123	1200	1228	1256	1196	1245	hashtag_15
15	20180124	1213	1264	1293	1230	1257	hashtag_15
15	20180125	1247	1288	1300	1249	1277	hashtag_15
15	20180126	1275	1314	1334	1259	1286	hashtag_15
15	20180127	1286	1337	1365	1289	1314	hashtag_15
15	20180128	1307	1346	1393	1308	1330	hashtag_15
15	20180129	1330	1356	1416	1340	1340	hashtag_15
15	20180130	1350	1375	1433	1351	1371	hashtag_15
15	20180131	1378	1409	1467	1357	1394	hashtag_15
16	20171201	14	10	18	18	37	hashtag_16
16	20171202	47	24	46	58	63	hashtag_16
16	20171203	57	49	51	74	86	hashtag_16
16	20171204	80	73	68	101	99	hashtag_16
16	20171205	115	100	89	117	119	hashtag_16
16	20171206	151	111	94	135	135	hashtag_16
16	20171207	183	124	134	174	166	hashtag_16
16	20171208	202	147	174	180	176	hashtag_16
16	20171209	241	186	185	206	181	hashtag_16
16	20171210	264	201	207	238	197	hashtag_16
16	20171211	301	227	247	248	234	hashtag_16
16	20171212	334	243	270	280	243	hashtag_16
16	20171213	345	264	302	318	274	hashtag_16
16	20171214	364	272	338	348	280	hashtag_16
16	20171215	381	289	372	370	294	hashtag_16
16	20171216	396	328	394	407	328	hashtag_16
16	20171217	415	337	426	413	361	hashtag_16
16	20171218	435	362	449	437	392	hashtag_16
16	20171219	472	388	477	456	413	hashtag_16
16	20171220	507	407	507	464	451	hashtag_16
16	20171221	516	441	540	483	467	hashtag_16
16	20171222	543	473	580	503	503	hashtag_16
16	20171223	569	480	589	524	509	hashtag_16
16	20171224	581	485	594	531	536	hashtag_16
16	20171225	609	520	599	571	560	hashtag_16
16	20171226	649	546	604	591	569	hashtag_16
16	20171227	683	583	612	615	605	hashtag_16
16	20171228	694	614	651	641	632	hashtag_16
16	20171229	722	624	677	648	646	hashtag_16
16	20171230	740	663	691	666	680	hashtag_16
16	20171231	767	688	697	693	711	hashtag_16
16	20180101	801	728	705	700	745	hashtag_16
16	20180102	820	745	734	740	783	hashtag_16
16	20180103	851	769	749	758	811	hashtag_16
16	20180104	878	784	787	787	842	hashtag_16
16	20180105	886	799	814	810	881	hashtag_16
16	20180106	895	818	851	840	890	hashtag_16
16	20180107	911	852	879	848	904	hashtag_16
16	20180108	943	878	895	874	933	hashtag_16
16	20180109	973	897	910	882	969	hashtag_16
16	20180110	1005	905	924	892	979	hashtag_16
16	20180111	1043	933	949	899	996	hashtag_16
16	20180112	1062	950	970	905	1021	hashtag_16
16	20180113	1069	984	977	918	1057	hashtag_16
16	20180114	1100	994	1007	941	1084	hashtag_16
16	20180115	1137	1009	1025	975	1118	hashtag_16
16	20180116	1165	1046	1040	998	1126	hashtag_16
16	20180117	1203	1059	1069	1025	1159	hashtag_16
16	20180118	1225	1067	1090	1036	1185	hashtag_16
16	20180119	1265	1089	1118	1055	1201	hashtag_16
16	20180120	1304	1097	1136	1091	1234	hashtag_16
16	20180121	1315	1118	1173	1107	1257	hashtag_16
16	20180122	1355	1136	1188	1133	1285	hashtag_16
16	20180123	1371	1172	1205	1150	1316	hashtag_16
16	20180124	1399	1191	1215	1175	1340	hashtag_16
16	20180125	1429	1231	1251	1184	1347	hashtag_16
16	20180126	1440	1265	1265	1220	1376	hashtag_16
16	20180127	1465	1300	1284	1244	1414	hashtag_16
16	20180128	1492	1330	1312	1255	1422	hashtag_16
16	20180129	1526	1363	1335	1285	1450	hashtag_16
16	20180130	1540	1400	1368	1315	1460	hashtag_16
16	20180131	1573	1426	1376	1342	1474	hashtag_16
17	20171201	13	10	29	32	20	hashtag_17
17	20171202	32	32	48	58	58	hashtag_17
17	20171203	42	66	81	87	87	hashtag_17
17	20171204	70	76	108	94	98	hashtag_17
17	20171205	108	97	138	106	123	hashtag_17
17	20171206	134	119	149	125	143	hashtag_17
17	20171207	161	127	164	144	179	hashtag_17
17	20171208	191	159	191	182	210	hashtag_17
17	20171209	206	194	219	209	249	hashtag_17
17	20171210	212	202	245	224	266	hashtag_17
17	20171211	243	212	259	258	279	hashtag_17
17	20171212	272	243	287	274	319	hashtag_17
17	20171213	299	266	296	311	330	hashtag_17
17	20171214	319	304	333	340	362	hashtag_17
17	20171215	338	344	344	355	388	hashtag_17
17	20171216	344	365	362	366	406	hashtag_17
17	20171217	375	396	393	406	419	hashtag_17
17	20171218	399	431	405	419	445	hashtag_17
17	20171219	435	446	429	433	451	hashtag_17
17	20171220	468	473	454	438	460	hashtag_17
17	20171221	500	495	463	466	483	hashtag_17
17	20171222	522	531	477	501	495	hashtag_17
17	20171223	547	541	485	535	510	hashtag_17
17	20171224	573	548	524	544	526	hashtag_17
17	20171225	609	574	546	584	531	hashtag_17
17	20171226	627	594	567	589	568	hashtag_17
17	20171227	660	617	605	613	604	hashtag_17
17	20171228	695	648	627	631	629	hashtag_17
17	20171229	733	667	655	665	638	hashtag_17
17	20171230	765	697	695	679	643	hashtag_17
17	20171231	795	721	725	702	649	hashtag_17
17	20180101	806	726	765	738	656	hashtag_17
17	20180102	843	740	791	751	682	hashtag_17
17	20180103	862	765	824	790	693	hashtag_17
17	20180104	902	774	834	815	710	hashtag_17
17	20180105	932	785	842	830	749	hashtag_17
17	20180106	971	808	858	865	779	hashtag_17
17	20180107	977	834	869	885	811	hashtag_17
17	20180108	987	860	892	895	833	hashtag_17
17	20180109	998	889	919	920	840	hashtag_17
17	20180110	1013	907	928	960	861	hashtag_17
17	20180111	1022	923	939	989	879	hashtag_17
17	20180112	1053	951	970	1003	886	hashtag_17
17	20180113	1085	986	984	1019	926	hashtag_17
17	20180114	1116	993	1014	1039	941	hashtag_17
17	20180115	1134	1018	1049	1047	981	hashtag_17
17	20180116	1166	1032	1080	1080	1010	hashtag_17
17	20180117	1188	1061	1107	1085	1050	hashtag_17
17	20180118	1200	1080	1146	1112	1062	hashtag_17
17	20180119	1226	1106	1151	1122	1071	hashtag_17
17	20180120	1236	1125	1185	1140	1082	hashtag_17
17	20180121	1260	1133	1212	1179	1115	hashtag_17
17	20180122	1278	1172	1228	1217	1142	hashtag_17
17	20180123	1307	1197	1247	1249	1159	hashtag_17
17	20180124	1330	1229	1257	1279	1165	hashtag_17
17	20180125	1344	1242	1263	1292	1200	hashtag_17
17	20180126	1375	1272	1288	1297	1230	hashtag_17
17	20180127	1411	1311	1311	1329	1256	hashtag_17
17	20180128	1434	1348	1319	1357	1266	hashtag_17
17	20180129	1459	1365	1357	1385	1281	hashtag_17
17	20180130	1492	1373	1385	1409	1306	hashtag_17
17	20180131	1508	1397	1412	1437	1339	hashtag_17
18	20171201	30	26	29	38	38	hashtag_18
18	20171202	50	58	60	54	55	hashtag_18
18	20171203	68	78	98	68	71	hashtag_18
18	20171204	82	87	107	88	96	hashtag_18
18	20171205	98	127	138	108	116	hashtag_18
18	20171206	134	139	150	113	150	hashtag_18
18	20171207	172	178	187	144	165	hashtag_18
18	20171208	197	186	222	153	173	hashtag_18
18	20171209	218	218	245	176	192	hashtag_18
18	20171210	237	224	254	186	199	hashtag_18
18	20171211	266	240	268	212	231	hashtag_18
18	20171212	303	255	293	235	259	hashtag_18
18	20171213	325	272	311	258	273	hashtag_18
18	20171214	346	291	319	263	292	hashtag_18
18	20171215	380	311	327	274	329	hashtag_18
18	20171216	411	343	362	308	335	hashtag_18
18	20171217	442	371	385	337	373	hashtag_18
18	20171218	470	401	400	371	385	hashtag_18
18	20171219	480	420	431	381	420	hashtag_18
18	20171220	491	430	443	391	433	hashtag_18
18	20171221	518	451	472	414	473	hashtag_18
18	20171222	526	488	494	447	495	hashtag_18
18	20171223	545	512	508	460	534	hashtag_18
18	20171224	562	529	520	480	570	hashtag_18
18	20171225	590	553	528	509	601	hashtag_18
18	20171226	611	580	560	531	641	hashtag_18
18	20171227	637	598	592	546	652	hashtag_18
18	20171228	647	608	626	575	681	hashtag_18
18	20171229	655	615	663	591	696	hashtag_18
18	20171230	674	640	668	596	728	hashtag_18
18	20171231	702	674	705	617	734	hashtag_18
18	20180101	714	702	713	636	753	hashtag_18
18	20180102	731	735	732	649	763	hashtag_18
18	20180103	771	746	764	676	798	hashtag_18
18	20180104	785	784	775	692	827	hashtag_18
18	20180105	810	798	784	717	833	hashtag_18
18	20180106	822	833	814	727	839	hashtag_18
18	20180107	838	869	847	762	851	hashtag_18
18	20180108	851	898	868	771	871	hashtag_18
18	20180109	889	938	888	804	883	hashtag_18
18	20180110	916	973	906	834	901	hashtag_18
18	20180111	934	990	932	861	921	hashtag_18
18	20180112	966	1020	963	891	951	hashtag_18
18	20180113	980	1046	999	897	984	hashtag_18
18	20180114	1019	1084	1009	910	1022	hashtag_18
18	20180115	1030	1110	1047	946	1052	hashtag_18
18	20180116	1061	1122	1071	961	1086	hashtag_18
18	20180117	1091	1155	1076	993	1116	hashtag_18
18	20180118	1119	1166	1113	1012	1122	hashtag_18
18	20180119	1146	1179	1152	1023	1162	hashtag_18
18	20180120	1180	1201	1161	1055	1184	hashtag_18
18	20180121	1191	1211	1189	1088	1212	hashtag_18
18	20180122	1227	1250	1211	1127	1219	hashtag_18
18	20180123	1263	1272	1247	1157	1258	hashtag_18
18	20180124	1294	1291	1261	1169	1265	hashtag_18
18	20180125	1326	1296	1297	1185	1300	hashtag_18
18	20180126	1358	1332	1306	1215	1308	hashtag_18
18	20180127	1380	1343	1314	1238	1343	hashtag_18
18	20180128	1403	1377	1347	1260	1354	hashtag_18
18	20180129	1441	1386	1380	1271	1370	hashtag_18
18	20180130	1474	1426	1397	1280	1398	hashtag_18
18	20180131	1505	1461	1437	1295	1428	hashtag_18
19	20171201	9	31	9	8	7	hashtag_19
19	20171202	19	71	32	32	29	hashtag_19
19	20171203	40	96	68	48	50	hashtag_19
19	20171204	70	136	97	80	68	hashtag_19
19	20171205	80	166	102	98	108	hashtag_19
19	20171206	102	192	131	116	130	hashtag_19
19	20171207	116	213	137	130	140	hashtag_19
19	20171208	126	223	173	165	152	hashtag_19
19	20171209	151	244	208	203	173	hashtag_19
19	20171210	175	271	244	212	187	hashtag_19
19	20171211	206	286	255	247	204	hashtag_19
19	20171212	222	320	289	284	232	hashtag_19
19	20171213	254	356	305	297	246	hashtag_19
19	20171214	268	362	327	332	251	hashtag_19
19	20171215	273	395	333	360	272	hashtag_19
19	20171216	301	432	357	368	305	hashtag_19
19	20171217	334	463	381	399	323	hashtag_19
19	20171218	360	489	398	418	362	hashtag_19
19	20171219	389	519	412	447	371	hashtag_19
19	20171220	405	559	434	471	377	hashtag_19
19	20171221	423	565	463	510	396	hashtag_19
19	20171222	442	602	470	548	405	hashtag_19
19	20171223	471	626	506	572	416	hashtag_19
19	20171224	505	631	546	612	422	hashtag_19
19	20171225	545	662	566	621	446	hashtag_19
19	20171226	564	681	605	642	458	hashtag_19
19	20171227	601	718	645	650	486	hashtag_19
19	20171228	618	740	655	659	521	hashtag_19
19	20171229	652	751	668	681	532	hashtag_19
19	20171230	671	767	691	703	552	hashtag_19
19	20171231	700	774	720	737	582	hashtag_19
19	20180101	707	809	745	772	594	hashtag_19
19	20180102	719	836	784	810	618	hashtag_19
19	20180103	724	872	813	838	633	hashtag_19
19	20180104	761	877	840	872	657	hashtag_19
19	20180105	775	917	848	884	687	hashtag_19
19	20180106	802	922	872	924	705	hashtag_19
19	20180107	807	962	907	957	744	hashtag_19
19	20180108	839	989	927	971	778	hashtag_19
19	20180109	870	1021	952	1009	794	hashtag_19
19	20180110	897	1026	979	1036	823	hashtag_19
19	20180111	921	1050	1006	1064	857	hashtag_19
19	20180112	960	1089	1019	1086	875	hashtag_19
19	20180113	994	1104	1039	1121	883	hashtag_19
19	20180114	1009	1113	1059	1139	907	hashtag_19
19	20180115	1038	1120	1070	1174	921	hashtag_19
19	20180116	1050	1151	1080	1198	958	hashtag_19
19	20180117	1087	1181	1115	1204	998	hashtag_19
19	20180118	1102	1216	1138	1225	1020	hashtag_19
19	20180119	1133	1240	1178	1241	1026	hashtag_19
19	20180120	1155	1261	1200	1269	1054	hashtag_19
19	20180121	1186	1281	1207	1307	1075	hashtag_19
19	20180122	1217	1317	1247	1333	1082	hashtag_19
19	20180123	1252	1343	1281	1359	1115	hashtag_19
19	20180124	1280	1376	1286	1364	1136	hashtag_19
19	20180125	1290	1382	1318	1383	1161	hashtag_19
19	20180126	1318	1395	1348	1423	1190	hashtag_19
19	20180127	1338	1421	1369	1461	1215	hashtag_19
19	20180128	1366	1446	1383	1468	1244	hashtag_19
19	20180129	1380	1475	1402	1485	1249	hashtag_19
19	20180130	1420	1492	1425	1525	1283	hashtag_19
19	20180131	1435	1515	1465	1561	1292	hashtag_19
20	20171201	33	38	22	12	15	hashtag_20
20	20171202	63	44	36	29	23	hashtag_20
20	20171203	74	71	53	47	59	hashtag_20
20	20171204	90	104	85	80	70	hashtag_20
20	20171205	121	144	115	119	106	hashtag_20
20	20171206	128	180	139	156	143	hashtag_20
20	20171207	134	220	151	189	156	hashtag_20
20	20171208	174	253	169	204	175	hashtag_20
20	20171209	182	267	202	213	197	hashtag_20
20	20171210	216	307	211	248	232	hashtag_20
20	20171211	230	314	232	265	267	hashtag_20
20	20171212	236	337	252	278	288	hashtag_20
20	20171213	252	356	290	301	323	hashtag_20
20	20171214	270	372	320	334	350	hashtag_20
20	20171215	297	380	335	348	383	hashtag_20
20	20171216	305	399	352	376	398	hashtag_20
20	20171217	312	432	380	394	435	hashtag_20
20	20171218	343	450	413	409	448	hashtag_20
20	20171219	370	464	438	440	479	hashtag_20
20	20171220	407	491	460	455	484	hashtag_20
20	20171221	433	525	490	472	500	hashtag_20
20	20171222	455	548	506	499	540	hashtag_20
20	20171223	465	563	543	525	553	hashtag_20
20	20171224	495	601	548	530	585	hashtag_20
20	20171225	514	610	563	546	595	hashtag_20
20	20171226	545	623	598	560	619	hashtag_20
20	20171227	563	634	636	588	655	hashtag_20
20	20171228	571	665	663	618	660	hashtag_20
20	20171229	601	702	676	635	695	hashtag_20
20	20171230	622	721	682	645	735	hashtag_20
20	20171231	648	727	706	665	747	hashtag_20
20	20180101	682	764	713	689	775	hashtag_20
20	20180102	699	794	724	697	812	hashtag_20
20	20180103	720	803	742	705	832	hashtag_20
20	20180104	745	812	753	723	854	hashtag_20
20	20180105	756	848	776	748	886	hashtag_20
20	20180106	780	864	801	771	901	hashtag_20
20	20180107	792	880	835	776	929	hashtag_20
20	20180108	819	908	844	816	953	hashtag_20
20	20180109	828	915	879	839	976	hashtag_20
20	20180110	863	929	913	865	984	hashtag_20
20	20180111	898	950	935	882	1021	hashtag_20
20	20180112	917	955	949	922	1056	hashtag_20
20	20180113	944	987	981	935	1071	hashtag_20
20	20180114	964	1026	1004	952	1076	hashtag_20
20	20180115	985	1065	1035	990	1092	hashtag_20
20	20180116	996	1102	1066	1022	1123	hashtag_20
20	20180117	1012	1137	1074	1039	1148	hashtag_20
20	20180118	1036	1153	1085	1068	1166	hashtag_20
20	20180119	1074	1160	1119	1075	1194	hashtag_20
20	20180120	1092	1187	1150	1090	1231	hashtag_20
20	20180121	1119	1194	1157	1127	1269	hashtag_20
20	20180122	1145	1219	1176	1167	1274	hashtag_20
20	20180123	1169	1238	1206	1186	1285	hashtag_20
20	20180124	1198	1269	1233	1197	1316	hashtag_20
20	20180125	1235	1288	1254	1221	1327	hashtag_20
20	20180126	1254	1299	1266	1260	1360	hashtag_20
20	20180127	1286	1323	1296	1286	1372	hashtag_20
20	20180128	1317	1338	1319	1294	1402	hashtag_20
20	20180129	1345	1377	1341	1300	1432	hashtag_20
20	20180130	1370	1417	1372	1305	1471	hashtag_20
20	20180131	1394	1456	1407	1331	1510	hashtag_20
