0	20171201	24	27	15	30	2018-01-16 15:46:03.966328
0	20171202	49	63	26	56	2018-01-16 15:46:03.966362
0	20171203	83	76	54	63	2018-01-16 15:46:03.966380
0	20171204	102	86	71	69	2018-01-16 15:46:03.966395
0	20171205	108	115	85	91	2018-01-16 15:46:03.966411
0	20171206	119	146	105	119	2018-01-16 15:46:03.966432
0	20171207	144	168	116	147	2018-01-16 15:46:03.966458
0	20171208	155	182	143	164	2018-01-16 15:46:03.966481
0	20171209	182	207	154	180	2018-01-16 15:46:03.966498
0	20171210	219	215	164	199	2018-01-16 15:46:03.966513
0	20171211	257	241	169	233	2018-01-16 15:46:03.966532
0	20171212	286	255	207	273	2018-01-16 15:46:03.966551
0	20171213	296	288	219	294	2018-01-16 15:46:03.966567
0	20171214	331	326	234	304	2018-01-16 15:46:03.966583
0	20171215	342	351	248	332	2018-01-16 15:46:03.966598
0	20171216	374	383	266	366	2018-01-16 15:46:03.966613
0	20171217	383	420	278	405	2018-01-16 15:46:03.966628
0	20171218	392	439	315	438	2018-01-16 15:46:03.966644
0	20171219	427	473	327	464	2018-01-16 15:46:03.966659
0	20171220	455	482	343	483	2018-01-16 15:46:03.966674
0	20171221	467	513	348	492	2018-01-16 15:46:03.966689
0	20171222	503	530	372	511	2018-01-16 15:46:03.966704
0	20171223	540	535	390	545	2018-01-16 15:46:03.966719
0	20171224	574	550	429	550	2018-01-16 15:46:03.966734
0	20171225	595	557	450	590	2018-01-16 15:46:03.966749
0	20171226	631	588	470	625	2018-01-16 15:46:03.966764
0	20171227	645	623	497	653	2018-01-16 15:46:03.966778
0	20171228	664	641	508	674	2018-01-16 15:46:03.966793
0	20171229	682	659	547	698	2018-01-16 15:46:03.966808
0	20171230	698	683	582	729	2018-01-16 15:46:03.966822
0	20171231	707	708	604	761	2018-01-16 15:46:03.966837
0	20180101	737	717	629	775	2018-01-16 15:46:03.966852
0	20180102	771	737	664	790	2018-01-16 15:46:03.966866
0	20180103	781	758	688	821	2018-01-16 15:46:03.966881
0	20180104	807	774	718	839	2018-01-16 15:46:03.966897
0	20180105	829	807	741	870	2018-01-16 15:46:03.966912
0	20180106	839	844	752	894	2018-01-16 15:46:03.966927
0	20180107	870	880	770	920	2018-01-16 15:46:03.966942
0	20180108	890	887	787	939	2018-01-16 15:46:03.966958
0	20180109	920	902	804	967	2018-01-16 15:46:03.966973
0	20180110	957	924	819	996	2018-01-16 15:46:03.966987
0	20180111	986	929	850	1020	2018-01-16 15:46:03.967003
0	20180112	995	962	877	1034	2018-01-16 15:46:03.967018
0	20180113	1000	973	905	1067	2018-01-16 15:46:03.967033
0	20180114	1028	1002	931	1074	2018-01-16 15:46:03.967048
0	20180115	1034	1027	937	1100	2018-01-16 15:46:03.967063
0	20180116	1042	1055	972	1114	2018-01-16 15:46:03.967079
0	20180117	1067	1067	1009	1124	2018-01-16 15:46:03.967094
0	20180118	1086	1098	1017	1149	2018-01-16 15:46:03.967109
0	20180119	1101	1129	1043	1163	2018-01-16 15:46:03.967123
0	20180120	1138	1148	1080	1194	2018-01-16 15:46:03.967139
0	20180121	1144	1169	1116	1199	2018-01-16 15:46:03.967154
0	20180122	1164	1208	1131	1214	2018-01-16 15:46:03.967176
0	20180123	1181	1245	1146	1248	2018-01-16 15:46:03.967193
0	20180124	1215	1259	1157	1275	2018-01-16 15:46:03.967208
0	20180125	1226	1272	1167	1296	2018-01-16 15:46:03.967223
0	20180126	1240	1305	1182	1314	2018-01-16 15:46:03.967238
0	20180127	1275	1338	1211	1342	2018-01-16 15:46:03.967252
0	20180128	1291	1367	1240	1381	2018-01-16 15:46:03.967267
0	20180129	1311	1386	1261	1392	2018-01-16 15:46:03.967282
0	20180130	1327	1414	1272	1408	2018-01-16 15:46:03.967297
0	20180131	1341	1427	1307	1446	2018-01-16 15:46:03.967321
1	20171201	27	7	25	17	2018-01-16 15:46:03.967352
1	20171202	40	17	58	51	2018-01-16 15:46:03.967366
1	20171203	75	45	67	87	2018-01-16 15:46:03.967380
1	20171204	89	52	107	97	2018-01-16 15:46:03.967394
1	20171205	119	73	135	106	2018-01-16 15:46:03.967408
1	20171206	153	84	168	143	2018-01-16 15:46:03.967422
1	20171207	178	100	195	170	2018-01-16 15:46:03.967436
1	20171208	214	118	217	177	2018-01-16 15:46:03.967449
1	20171209	228	152	255	185	2018-01-16 15:46:03.967463
1	20171210	243	157	285	219	2018-01-16 15:46:03.967476
1	20171211	249	177	297	243	2018-01-16 15:46:03.967490
1	20171212	270	203	324	256	2018-01-16 15:46:03.967503
1	20171213	309	220	360	286	2018-01-16 15:46:03.967547
1	20171214	340	226	368	321	2018-01-16 15:46:03.967563
1	20171215	355	254	390	338	2018-01-16 15:46:03.967577
1	20171216	376	268	426	356	2018-01-16 15:46:03.967591
1	20171217	410	296	442	369	2018-01-16 15:46:03.967605
1	20171218	424	308	463	381	2018-01-16 15:46:03.967619
1	20171219	456	346	489	386	2018-01-16 15:46:03.967633
1	20171220	483	375	518	425	2018-01-16 15:46:03.967647
1	20171221	517	410	539	446	2018-01-16 15:46:03.967660
1	20171222	551	421	551	461	2018-01-16 15:46:03.967674
1	20171223	575	444	570	482	2018-01-16 15:46:03.967687
1	20171224	605	456	602	500	2018-01-16 15:46:03.967701
1	20171225	628	469	610	509	2018-01-16 15:46:03.967714
1	20171226	635	509	642	516	2018-01-16 15:46:03.967728
1	20171227	660	521	677	521	2018-01-16 15:46:03.967741
1	20171228	671	538	697	538	2018-01-16 15:46:03.967755
1	20171229	710	549	709	562	2018-01-16 15:46:03.967769
1	20171230	722	557	727	588	2018-01-16 15:46:03.967782
1	20171231	740	586	740	618	2018-01-16 15:46:03.967796
1	20180101	746	598	764	625	2018-01-16 15:46:03.967809
1	20180102	762	617	793	660	2018-01-16 15:46:03.967823
1	20180103	770	629	801	668	2018-01-16 15:46:03.967848
1	20180104	785	657	818	684	2018-01-16 15:46:03.967863
1	20180105	810	664	844	700	2018-01-16 15:46:03.967877
1	20180106	847	669	851	719	2018-01-16 15:46:03.967892
1	20180107	870	700	857	755	2018-01-16 15:46:03.967916
1	20180108	910	736	870	790	2018-01-16 15:46:03.967930
1	20180109	926	756	885	800	2018-01-16 15:46:03.967943
1	20180110	943	788	921	824	2018-01-16 15:46:03.967957
1	20180111	957	810	949	864	2018-01-16 15:46:03.967970
1	20180112	997	815	974	899	2018-01-16 15:46:03.967984
1	20180113	1017	834	987	926	2018-01-16 15:46:03.967997
1	20180114	1034	851	1026	947	2018-01-16 15:46:03.968011
1	20180115	1055	858	1031	955	2018-01-16 15:46:03.968025
1	20180116	1091	871	1048	981	2018-01-16 15:46:03.968039
1	20180117	1119	887	1053	1020	2018-01-16 15:46:03.968052
1	20180118	1155	919	1081	1060	2018-01-16 15:46:03.968066
1	20180119	1165	932	1088	1076	2018-01-16 15:46:03.968079
1	20180120	1198	961	1123	1097	2018-01-16 15:46:03.968093
1	20180121	1237	985	1155	1106	2018-01-16 15:46:03.968107
1	20180122	1265	1021	1167	1122	2018-01-16 15:46:03.968120
1	20180123	1299	1030	1177	1135	2018-01-16 15:46:03.968134
1	20180124	1313	1059	1206	1160	2018-01-16 15:46:03.968148
1	20180125	1320	1065	1234	1168	2018-01-16 15:46:03.968161
1	20180126	1360	1089	1267	1202	2018-01-16 15:46:03.968175
1	20180127	1398	1107	1274	1212	2018-01-16 15:46:03.968188
1	20180128	1435	1116	1297	1248	2018-01-16 15:46:03.968202
1	20180129	1443	1126	1313	1266	2018-01-16 15:46:03.968215
1	20180130	1480	1165	1325	1286	2018-01-16 15:46:03.968229
1	20180131	1509	1171	1351	1310	2018-01-16 15:46:03.968242
2	20171201	8	37	16	5	2018-01-16 15:46:03.968258
2	20171202	25	71	55	16	2018-01-16 15:46:03.968272
2	20171203	30	96	62	37	2018-01-16 15:46:03.968286
2	20171204	44	121	82	59	2018-01-16 15:46:03.968299
2	20171205	59	130	105	86	2018-01-16 15:46:03.968313
2	20171206	79	143	115	114	2018-01-16 15:46:03.968326
2	20171207	97	164	146	120	2018-01-16 15:46:03.968340
2	20171208	123	204	160	138	2018-01-16 15:46:03.968353
2	20171209	139	231	170	169	2018-01-16 15:46:03.968367
2	20171210	155	261	180	198	2018-01-16 15:46:03.968380
2	20171211	195	268	192	213	2018-01-16 15:46:03.968394
2	20171212	223	281	215	224	2018-01-16 15:46:03.968408
2	20171213	236	308	220	255	2018-01-16 15:46:03.968421
2	20171214	265	331	249	276	2018-01-16 15:46:03.968435
2	20171215	272	350	262	307	2018-01-16 15:46:03.968448
2	20171216	289	372	282	336	2018-01-16 15:46:03.968462
2	20171217	313	410	295	369	2018-01-16 15:46:03.968476
2	20171218	331	431	310	404	2018-01-16 15:46:03.968489
2	20171219	344	471	337	441	2018-01-16 15:46:03.968504
2	20171220	357	493	348	481	2018-01-16 15:46:03.968517
2	20171221	383	515	375	494	2018-01-16 15:46:03.968531
2	20171222	422	525	393	533	2018-01-16 15:46:03.968544
2	20171223	442	537	409	553	2018-01-16 15:46:03.968558
2	20171224	460	559	437	566	2018-01-16 15:46:03.968571
2	20171225	488	574	443	595	2018-01-16 15:46:03.968604
2	20171226	518	609	470	614	2018-01-16 15:46:03.968619
2	20171227	543	622	488	623	2018-01-16 15:46:03.968633
2	20171228	557	640	494	647	2018-01-16 15:46:03.968647
2	20171229	588	662	509	671	2018-01-16 15:46:03.968661
2	20171230	610	689	547	685	2018-01-16 15:46:03.968674
2	20171231	616	699	584	724	2018-01-16 15:46:03.968688
2	20180101	630	726	605	729	2018-01-16 15:46:03.968701
2	20180102	642	758	624	748	2018-01-16 15:46:03.968715
2	20180103	657	791	657	768	2018-01-16 15:46:03.968728
2	20180104	686	804	668	775	2018-01-16 15:46:03.968742
2	20180105	693	828	705	802	2018-01-16 15:46:03.968756
2	20180106	729	838	716	834	2018-01-16 15:46:03.968769
2	20180107	760	847	723	873	2018-01-16 15:46:03.968782
2	20180108	790	865	744	908	2018-01-16 15:46:03.968796
2	20180109	830	898	779	937	2018-01-16 15:46:03.968810
2	20180110	847	915	811	948	2018-01-16 15:46:03.968823
2	20180111	873	922	828	967	2018-01-16 15:46:03.968837
2	20180112	896	948	837	997	2018-01-16 15:46:03.968850
2	20180113	905	953	850	1014	2018-01-16 15:46:03.968864
2	20180114	916	983	861	1049	2018-01-16 15:46:03.968877
2	20180115	942	1012	886	1063	2018-01-16 15:46:03.968891
2	20180116	976	1040	899	1077	2018-01-16 15:46:03.968904
2	20180117	1010	1053	919	1092	2018-01-16 15:46:03.968918
2	20180118	1030	1066	930	1118	2018-01-16 15:46:03.968931
2	20180119	1055	1073	936	1145	2018-01-16 15:46:03.968945
2	20180120	1064	1079	960	1164	2018-01-16 15:46:03.968958
2	20180121	1080	1110	972	1191	2018-01-16 15:46:03.968972
2	20180122	1090	1122	994	1230	2018-01-16 15:46:03.968985
2	20180123	1124	1160	1002	1241	2018-01-16 15:46:03.968999
2	20180124	1164	1196	1014	1258	2018-01-16 15:46:03.969012
2	20180125	1171	1232	1036	1295	2018-01-16 15:46:03.969026
2	20180126	1187	1253	1047	1322	2018-01-16 15:46:03.969040
2	20180127	1224	1267	1068	1335	2018-01-16 15:46:03.969053
2	20180128	1233	1295	1102	1345	2018-01-16 15:46:03.969067
2	20180129	1259	1331	1107	1355	2018-01-16 15:46:03.969080
2	20180130	1264	1351	1117	1362	2018-01-16 15:46:03.969094
2	20180131	1303	1380	1141	1397	2018-01-16 15:46:03.969107
3	20171201	39	5	9	40	2018-01-16 15:46:03.969122
3	20171202	54	19	20	74	2018-01-16 15:46:03.969136
3	20171203	76	42	57	96	2018-01-16 15:46:03.969150
3	20171204	113	65	87	123	2018-01-16 15:46:03.969164
3	20171205	152	104	122	146	2018-01-16 15:46:03.969178
3	20171206	189	144	146	179	2018-01-16 15:46:03.969191
3	20171207	211	151	170	213	2018-01-16 15:46:03.969205
3	20171208	218	173	210	236	2018-01-16 15:46:03.969218
3	20171209	243	201	218	266	2018-01-16 15:46:03.969232
3	20171210	268	229	223	283	2018-01-16 15:46:03.969246
3	20171211	308	235	248	318	2018-01-16 15:46:03.969259
3	20171212	342	248	260	336	2018-01-16 15:46:03.969273
3	20171213	380	284	289	351	2018-01-16 15:46:03.969287
3	20171214	396	322	321	357	2018-01-16 15:46:03.969300
3	20171215	410	342	336	373	2018-01-16 15:46:03.969314
3	20171216	416	355	353	382	2018-01-16 15:46:03.969327
3	20171217	448	395	386	387	2018-01-16 15:46:03.969341
3	20171218	457	426	391	392	2018-01-16 15:46:03.969354
3	20171219	466	460	406	428	2018-01-16 15:46:03.969369
3	20171220	491	490	416	468	2018-01-16 15:46:03.969382
3	20171221	512	507	441	490	2018-01-16 15:46:03.969407
3	20171222	518	531	449	528	2018-01-16 15:46:03.969421
3	20171223	556	564	487	540	2018-01-16 15:46:03.969436
3	20171224	593	577	508	580	2018-01-16 15:46:03.969467
3	20171225	617	588	513	603	2018-01-16 15:46:03.969491
3	20171226	640	620	546	610	2018-01-16 15:46:03.969528
3	20171227	649	648	556	623	2018-01-16 15:46:03.969547
3	20171228	658	680	579	662	2018-01-16 15:46:03.969562
3	20171229	680	703	607	674	2018-01-16 15:46:03.969577
3	20171230	717	740	642	689	2018-01-16 15:46:03.969592
3	20171231	722	777	649	694	2018-01-16 15:46:03.969607
3	20180101	727	814	674	712	2018-01-16 15:46:03.969622
3	20180102	750	848	697	736	2018-01-16 15:46:03.969637
3	20180103	767	874	703	769	2018-01-16 15:46:03.969651
3	20180104	791	885	712	806	2018-01-16 15:46:03.969674
3	20180105	825	912	748	846	2018-01-16 15:46:03.969710
3	20180106	865	927	758	852	2018-01-16 15:46:03.969769
3	20180107	877	960	766	867	2018-01-16 15:46:03.969787
3	20180108	902	974	776	881	2018-01-16 15:46:03.969802
3	20180109	913	1012	784	898	2018-01-16 15:46:03.969817
3	20180110	926	1034	815	930	2018-01-16 15:46:03.969831
3	20180111	949	1039	833	965	2018-01-16 15:46:03.969846
3	20180112	973	1052	840	991	2018-01-16 15:46:03.969861
3	20180113	1002	1079	870	1026	2018-01-16 15:46:03.969876
3	20180114	1033	1110	888	1047	2018-01-16 15:46:03.969891
3	20180115	1056	1122	923	1087	2018-01-16 15:46:03.969906
3	20180116	1065	1133	957	1094	2018-01-16 15:46:03.969921
3	20180117	1094	1149	962	1131	2018-01-16 15:46:03.969936
3	20180118	1114	1173	996	1166	2018-01-16 15:46:03.969951
3	20180119	1128	1201	1031	1196	2018-01-16 15:46:03.969976
3	20180120	1145	1226	1040	1231	2018-01-16 15:46:03.969993
3	20180121	1182	1231	1057	1254	2018-01-16 15:46:03.970009
3	20180122	1196	1242	1070	1275	2018-01-16 15:46:03.970024
3	20180123	1229	1282	1103	1295	2018-01-16 15:46:03.970038
3	20180124	1250	1299	1115	1300	2018-01-16 15:46:03.970053
3	20180125	1275	1304	1130	1322	2018-01-16 15:46:03.970068
3	20180126	1307	1334	1151	1351	2018-01-16 15:46:03.970083
3	20180127	1321	1350	1173	1373	2018-01-16 15:46:03.970097
3	20180128	1329	1365	1209	1395	2018-01-16 15:46:03.970112
3	20180129	1362	1393	1222	1408	2018-01-16 15:46:03.970127
3	20180130	1389	1401	1257	1421	2018-01-16 15:46:03.970141
3	20180131	1399	1419	1280	1437	2018-01-16 15:46:03.970156
4	20171201	21	10	39	39	2018-01-16 15:46:03.970173
4	20171202	27	26	47	74	2018-01-16 15:46:03.970189
4	20171203	55	31	59	110	2018-01-16 15:46:03.970204
4	20171204	78	36	74	142	2018-01-16 15:46:03.970219
4	20171205	108	68	90	175	2018-01-16 15:46:03.970235
4	20171206	116	107	122	205	2018-01-16 15:46:03.970262
4	20171207	130	115	130	227	2018-01-16 15:46:03.970279
4	20171208	143	121	161	245	2018-01-16 15:46:03.970304
4	20171209	153	159	201	281	2018-01-16 15:46:03.970319
4	20171210	163	183	238	292	2018-01-16 15:46:03.970332
4	20171211	182	211	263	315	2018-01-16 15:46:03.970346
4	20171212	198	217	280	352	2018-01-16 15:46:03.970360
4	20171213	230	250	297	369	2018-01-16 15:46:03.970374
4	20171214	247	290	322	386	2018-01-16 15:46:03.970387
4	20171215	265	304	339	391	2018-01-16 15:46:03.970401
4	20171216	274	337	367	396	2018-01-16 15:46:03.970415
4	20171217	293	375	393	417	2018-01-16 15:46:03.970428
4	20171218	320	415	404	424	2018-01-16 15:46:03.970442
4	20171219	357	440	422	444	2018-01-16 15:46:03.970457
4	20171220	390	458	462	484	2018-01-16 15:46:03.970470
4	20171221	399	468	491	491	2018-01-16 15:46:03.970484
4	20171222	421	502	523	507	2018-01-16 15:46:03.970497
4	20171223	446	525	540	536	2018-01-16 15:46:03.970511
4	20171224	477	539	574	544	2018-01-16 15:46:03.970524
4	20171225	514	552	605	575	2018-01-16 15:46:03.970538
4	20171226	554	578	633	583	2018-01-16 15:46:03.970551
4	20171227	586	608	671	620	2018-01-16 15:46:03.970565
4	20171228	591	623	704	658	2018-01-16 15:46:03.970578
4	20171229	629	638	727	667	2018-01-16 15:46:03.970592
4	20171230	662	675	737	675	2018-01-16 15:46:03.970606
4	20171231	691	697	752	687	2018-01-16 15:46:03.970619
4	20180101	703	737	778	707	2018-01-16 15:46:03.970633
4	20180102	715	776	806	720	2018-01-16 15:46:03.970658
4	20180103	722	785	840	736	2018-01-16 15:46:03.970672
4	20180104	733	821	865	775	2018-01-16 15:46:03.970687
4	20180105	752	832	888	788	2018-01-16 15:46:03.970701
4	20180106	778	855	927	818	2018-01-16 15:46:03.970716
4	20180107	785	865	955	833	2018-01-16 15:46:03.970730
4	20180108	814	892	975	864	2018-01-16 15:46:03.970745
4	20180109	824	931	1000	874	2018-01-16 15:46:03.970759
4	20180110	829	946	1013	897	2018-01-16 15:46:03.970774
4	20180111	848	972	1022	903	2018-01-16 15:46:03.970799
4	20180112	869	1007	1049	912	2018-01-16 15:46:03.970812
4	20180113	895	1046	1087	937	2018-01-16 15:46:03.970826
4	20180114	925	1068	1109	975	2018-01-16 15:46:03.970839
4	20180115	954	1079	1129	999	2018-01-16 15:46:03.970853
4	20180116	970	1090	1153	1026	2018-01-16 15:46:03.970866
4	20180117	985	1120	1174	1055	2018-01-16 15:46:03.970903
4	20180118	1016	1130	1186	1078	2018-01-16 15:46:03.970918
4	20180119	1042	1153	1209	1097	2018-01-16 15:46:03.970932
4	20180120	1074	1182	1243	1104	2018-01-16 15:46:03.970946
4	20180121	1085	1194	1280	1119	2018-01-16 15:46:03.970959
4	20180122	1095	1199	1286	1148	2018-01-16 15:46:03.970973
4	20180123	1120	1205	1325	1169	2018-01-16 15:46:03.970987
4	20180124	1160	1225	1349	1192	2018-01-16 15:46:03.971000
4	20180125	1190	1246	1366	1212	2018-01-16 15:46:03.971014
4	20180126	1206	1270	1390	1233	2018-01-16 15:46:03.971028
4	20180127	1218	1304	1407	1267	2018-01-16 15:46:03.971041
4	20180128	1231	1315	1428	1285	2018-01-16 15:46:03.971055
4	20180129	1263	1343	1440	1294	2018-01-16 15:46:03.971068
4	20180130	1291	1378	1477	1313	2018-01-16 15:46:03.971082
4	20180131	1308	1418	1515	1321	2018-01-16 15:46:03.971095
5	20171201	29	39	33	35	2018-01-16 15:46:03.971111
5	20171202	45	54	67	51	2018-01-16 15:46:03.971125
5	20171203	67	69	83	80	2018-01-16 15:46:03.971139
5	20171204	99	105	106	102	2018-01-16 15:46:03.971153
5	20171205	139	145	124	131	2018-01-16 15:46:03.971167
5	20171206	148	161	163	136	2018-01-16 15:46:03.971180
5	20171207	183	184	181	154	2018-01-16 15:46:03.971194
5	20171208	215	213	199	165	2018-01-16 15:46:03.971208
5	20171209	229	248	207	192	2018-01-16 15:46:03.971221
5	20171210	252	269	244	219	2018-01-16 15:46:03.971235
5	20171211	265	294	270	242	2018-01-16 15:46:03.971249
5	20171212	273	300	275	263	2018-01-16 15:46:03.971262
5	20171213	303	319	286	282	2018-01-16 15:46:03.971276
5	20171214	342	352	323	302	2018-01-16 15:46:03.971289
5	20171215	381	374	331	321	2018-01-16 15:46:03.971303
5	20171216	395	380	368	333	2018-01-16 15:46:03.971338
5	20171217	409	408	382	363	2018-01-16 15:46:03.971354
5	20171218	439	421	412	389	2018-01-16 15:46:03.971369
5	20171219	454	441	422	408	2018-01-16 15:46:03.971384
5	20171220	462	457	455	416	2018-01-16 15:46:03.971399
5	20171221	476	470	495	422	2018-01-16 15:46:03.971414
5	20171222	509	498	509	443	2018-01-16 15:46:03.971429
5	20171223	530	506	535	480	2018-01-16 15:46:03.971443
5	20171224	566	517	556	487	2018-01-16 15:46:03.971458
5	20171225	596	554	565	511	2018-01-16 15:46:03.971472
5	20171226	636	586	600	537	2018-01-16 15:46:03.971487
5	20171227	666	601	612	551	2018-01-16 15:46:03.971501
5	20171228	701	611	625	590	2018-01-16 15:46:03.971516
5	20171229	732	620	648	616	2018-01-16 15:46:03.971530
5	20171230	747	651	685	656	2018-01-16 15:46:03.971546
5	20171231	782	660	690	691	2018-01-16 15:46:03.971570
5	20180101	812	695	710	719	2018-01-16 15:46:03.971587
5	20180102	834	724	743	742	2018-01-16 15:46:03.971602
5	20180103	843	744	762	768	2018-01-16 15:46:03.971617
5	20180104	868	756	770	801	2018-01-16 15:46:03.971641
5	20180105	891	783	789	824	2018-01-16 15:46:03.971655
5	20180106	908	799	795	847	2018-01-16 15:46:03.971668
5	20180107	918	834	823	862	2018-01-16 15:46:03.971682
5	20180108	956	839	834	893	2018-01-16 15:46:03.971695
5	20180109	989	864	842	906	2018-01-16 15:46:03.971709
5	20180110	1017	870	866	941	2018-01-16 15:46:03.971723
5	20180111	1045	882	888	977	2018-01-16 15:46:03.971736
5	20180112	1068	916	913	999	2018-01-16 15:46:03.971750
5	20180113	1106	928	922	1030	2018-01-16 15:46:03.971764
5	20180114	1142	940	946	1062	2018-01-16 15:46:03.971777
5	20180115	1155	978	955	1096	2018-01-16 15:46:03.971791
5	20180116	1170	1003	965	1117	2018-01-16 15:46:03.971804
5	20180117	1186	1024	983	1152	2018-01-16 15:46:03.971818
5	20180118	1209	1057	1019	1179	2018-01-16 15:46:03.971831
5	20180119	1215	1062	1040	1198	2018-01-16 15:46:03.971845
5	20180120	1253	1072	1050	1227	2018-01-16 15:46:03.971859
5	20180121	1283	1090	1056	1266	2018-01-16 15:46:03.971872
5	20180122	1315	1121	1061	1297	2018-01-16 15:46:03.971886
5	20180123	1323	1157	1083	1302	2018-01-16 15:46:03.971899
5	20180124	1334	1178	1101	1320	2018-01-16 15:46:03.971913
5	20180125	1374	1204	1110	1345	2018-01-16 15:46:03.971926
5	20180126	1396	1228	1132	1371	2018-01-16 15:46:03.971940
5	20180127	1423	1234	1163	1402	2018-01-16 15:46:03.971953
5	20180128	1437	1270	1190	1431	2018-01-16 15:46:03.971987
5	20180129	1448	1287	1216	1471	2018-01-16 15:46:03.972002
5	20180130	1482	1296	1253	1493	2018-01-16 15:46:03.972016
5	20180131	1490	1312	1275	1512	2018-01-16 15:46:03.972029
6	20171201	40	26	14	8	2018-01-16 15:46:03.972045
6	20171202	72	66	41	29	2018-01-16 15:46:03.972059
6	20171203	110	93	52	40	2018-01-16 15:46:03.972072
6	20171204	129	100	63	70	2018-01-16 15:46:03.972086
6	20171205	168	129	75	81	2018-01-16 15:46:03.972100
6	20171206	181	169	105	91	2018-01-16 15:46:03.972113
6	20171207	215	191	122	122	2018-01-16 15:46:03.972127
6	20171208	233	216	130	160	2018-01-16 15:46:03.972141
6	20171209	249	250	153	192	2018-01-16 15:46:03.972154
6	20171210	271	266	192	209	2018-01-16 15:46:03.972168
6	20171211	298	303	214	223	2018-01-16 15:46:03.972181
6	20171212	338	332	241	234	2018-01-16 15:46:03.972195
6	20171213	353	351	248	262	2018-01-16 15:46:03.972208
6	20171214	375	389	279	271	2018-01-16 15:46:03.972222
6	20171215	398	405	314	281	2018-01-16 15:46:03.972235
6	20171216	407	442	323	297	2018-01-16 15:46:03.972249
6	20171217	422	479	335	320	2018-01-16 15:46:03.972262
6	20171218	462	514	370	360	2018-01-16 15:46:03.972276
6	20171219	470	547	381	392	2018-01-16 15:46:03.972289
6	20171220	487	579	415	414	2018-01-16 15:46:03.972303
6	20171221	509	612	426	429	2018-01-16 15:46:03.972317
6	20171222	528	622	451	456	2018-01-16 15:46:03.972330
6	20171223	548	659	483	491	2018-01-16 15:46:03.972344
6	20171224	578	684	504	508	2018-01-16 15:46:03.972357
6	20171225	583	699	536	544	2018-01-16 15:46:03.972371
6	20171226	603	708	558	572	2018-01-16 15:46:03.972385
6	20171227	622	728	566	601	2018-01-16 15:46:03.972398
6	20171228	636	752	601	608	2018-01-16 15:46:03.972411
6	20171229	644	778	627	618	2018-01-16 15:46:03.972425
6	20171230	663	799	636	646	2018-01-16 15:46:03.972439
6	20171231	682	807	671	653	2018-01-16 15:46:03.972452
6	20180101	696	823	677	663	2018-01-16 15:46:03.972466
6	20180102	719	835	686	700	2018-01-16 15:46:03.972479
6	20180103	739	859	705	728	2018-01-16 15:46:03.972493
6	20180104	767	882	727	743	2018-01-16 15:46:03.972506
6	20180105	776	918	743	763	2018-01-16 15:46:03.972520
6	20180106	797	950	783	800	2018-01-16 15:46:03.972533
6	20180107	807	972	806	805	2018-01-16 15:46:03.972546
6	20180108	829	1007	827	817	2018-01-16 15:46:03.972560
6	20180109	862	1044	848	828	2018-01-16 15:46:03.972573
6	20180110	877	1054	877	833	2018-01-16 15:46:03.972587
6	20180111	916	1084	884	861	2018-01-16 15:46:03.972601
6	20180112	949	1092	924	885	2018-01-16 15:46:03.972614
6	20180113	968	1115	949	908	2018-01-16 15:46:03.972628
6	20180114	986	1136	967	942	2018-01-16 15:46:03.972641
6	20180115	1012	1148	992	963	2018-01-16 15:46:03.972655
6	20180116	1047	1181	1011	988	2018-01-16 15:46:03.972669
6	20180117	1052	1199	1030	998	2018-01-16 15:46:03.972682
6	20180118	1092	1223	1037	1017	2018-01-16 15:46:03.972696
6	20180119	1118	1261	1055	1034	2018-01-16 15:46:03.972709
6	20180120	1144	1299	1065	1063	2018-01-16 15:46:03.972734
6	20180121	1158	1315	1084	1070	2018-01-16 15:46:03.972749
6	20180122	1186	1320	1116	1075	2018-01-16 15:46:03.972774
6	20180123	1195	1333	1129	1087	2018-01-16 15:46:03.972787
6	20180124	1204	1346	1140	1119	2018-01-16 15:46:03.972801
6	20180125	1218	1383	1174	1127	2018-01-16 15:46:03.972814
6	20180126	1246	1389	1204	1165	2018-01-16 15:46:03.972828
6	20180127	1254	1395	1228	1192	2018-01-16 15:46:03.972841
6	20180128	1260	1430	1251	1231	2018-01-16 15:46:03.972855
6	20180129	1273	1460	1272	1254	2018-01-16 15:46:03.972868
6	20180130	1292	1473	1303	1268	2018-01-16 15:46:03.972882
6	20180131	1312	1498	1342	1277	2018-01-16 15:46:03.972895
7	20171201	24	11	9	5	2018-01-16 15:46:03.972910
7	20171202	56	39	24	45	2018-01-16 15:46:03.972924
7	20171203	80	47	54	85	2018-01-16 15:46:03.972938
7	20171204	108	74	73	123	2018-01-16 15:46:03.972952
7	20171205	126	104	84	154	2018-01-16 15:46:03.972965
7	20171206	153	123	102	179	2018-01-16 15:46:03.972979
7	20171207	187	153	136	206	2018-01-16 15:46:03.972993
7	20171208	195	193	159	220	2018-01-16 15:46:03.973023
7	20171209	218	224	195	243	2018-01-16 15:46:03.973038
7	20171210	239	249	220	269	2018-01-16 15:46:03.973052
7	20171211	265	279	251	291	2018-01-16 15:46:03.973066
7	20171212	299	315	260	297	2018-01-16 15:46:03.973079
7	20171213	325	325	297	303	2018-01-16 15:46:03.973093
7	20171214	346	343	321	316	2018-01-16 15:46:03.973107
7	20171215	367	363	341	327	2018-01-16 15:46:03.973121
7	20171216	403	392	360	339	2018-01-16 15:46:03.973134
7	20171217	433	399	366	350	2018-01-16 15:46:03.973148
7	20171218	471	428	385	379	2018-01-16 15:46:03.973161
7	20171219	487	437	399	385	2018-01-16 15:46:03.973175
7	20171220	506	445	419	420	2018-01-16 15:46:03.973188
7	20171221	521	483	442	443	2018-01-16 15:46:03.973203
7	20171222	539	515	460	467	2018-01-16 15:46:03.973217
7	20171223	547	523	494	505	2018-01-16 15:46:03.973230
7	20171224	569	543	531	542	2018-01-16 15:46:03.973244
7	20171225	584	579	543	582	2018-01-16 15:46:03.973257
7	20171226	614	592	564	589	2018-01-16 15:46:03.973271
7	20171227	632	606	575	608	2018-01-16 15:46:03.973284
7	20171228	659	643	590	615	2018-01-16 15:46:03.973298
7	20171229	672	659	599	628	2018-01-16 15:46:03.973311
7	20171230	700	694	612	643	2018-01-16 15:46:03.973325
7	20171231	717	703	631	651	2018-01-16 15:46:03.973338
7	20180101	756	726	637	658	2018-01-16 15:46:03.973352
7	20180102	787	735	648	688	2018-01-16 15:46:03.973365
7	20180103	808	759	665	711	2018-01-16 15:46:03.973379
7	20180104	814	764	677	744	2018-01-16 15:46:03.973392
7	20180105	848	780	710	753	2018-01-16 15:46:03.973406
7	20180106	884	804	716	768	2018-01-16 15:46:03.973430
7	20180107	923	810	733	807	2018-01-16 15:46:03.973445
7	20180108	953	817	740	814	2018-01-16 15:46:03.973459
7	20180109	977	850	754	820	2018-01-16 15:46:03.973474
7	20180110	988	884	773	851	2018-01-16 15:46:03.973489
7	20180111	1027	901	806	890	2018-01-16 15:46:03.973504
7	20180112	1038	939	829	926	2018-01-16 15:46:03.973518
7	20180113	1070	966	855	935	2018-01-16 15:46:03.973533
7	20180114	1107	1004	891	942	2018-01-16 15:46:03.973548
7	20180115	1135	1009	924	974	2018-01-16 15:46:03.973562
7	20180116	1166	1027	945	1007	2018-01-16 15:46:03.973587
7	20180117	1202	1056	969	1043	2018-01-16 15:46:03.973601
7	20180118	1218	1084	992	1074	2018-01-16 15:46:03.973614
7	20180119	1257	1114	1003	1104	2018-01-16 15:46:03.973628
7	20180120	1283	1144	1035	1114	2018-01-16 15:46:03.973641
7	20180121	1292	1158	1067	1151	2018-01-16 15:46:03.973655
7	20180122	1301	1197	1089	1168	2018-01-16 15:46:03.973669
7	20180123	1308	1223	1119	1178	2018-01-16 15:46:03.973682
7	20180124	1324	1239	1144	1216	2018-01-16 15:46:03.973696
7	20180125	1352	1245	1175	1239	2018-01-16 15:46:03.973709
7	20180126	1372	1264	1208	1262	2018-01-16 15:46:03.973723
7	20180127	1408	1269	1247	1288	2018-01-16 15:46:03.973736
7	20180128	1419	1301	1279	1304	2018-01-16 15:46:03.973750
7	20180129	1434	1338	1300	1316	2018-01-16 15:46:03.973763
7	20180130	1439	1354	1326	1334	2018-01-16 15:46:03.973777
7	20180131	1447	1389	1341	1361	2018-01-16 15:46:03.973791
8	20171201	8	12	37	22	2018-01-16 15:46:03.973806
8	20171202	16	17	72	32	2018-01-16 15:46:03.973819
8	20171203	45	52	81	62	2018-01-16 15:46:03.973833
8	20171204	78	64	98	89	2018-01-16 15:46:03.973847
8	20171205	87	74	103	128	2018-01-16 15:46:03.973860
8	20171206	112	104	133	151	2018-01-16 15:46:03.973874
8	20171207	142	120	142	159	2018-01-16 15:46:03.973887
8	20171208	152	152	160	164	2018-01-16 15:46:03.973901
8	20171209	173	170	177	183	2018-01-16 15:46:03.973914
8	20171210	192	185	213	195	2018-01-16 15:46:03.973928
8	20171211	223	196	252	227	2018-01-16 15:46:03.973941
8	20171212	239	213	279	247	2018-01-16 15:46:03.973955
8	20171213	275	232	295	261	2018-01-16 15:46:03.973968
8	20171214	284	265	322	298	2018-01-16 15:46:03.973982
8	20171215	324	284	337	308	2018-01-16 15:46:03.973995
8	20171216	341	299	371	317	2018-01-16 15:46:03.974009
8	20171217	376	329	407	324	2018-01-16 15:46:03.974022
8	20171218	396	366	443	335	2018-01-16 15:46:03.974036
8	20171219	406	374	455	355	2018-01-16 15:46:03.974049
8	20171220	441	384	466	389	2018-01-16 15:46:03.974082
8	20171221	448	422	484	426	2018-01-16 15:46:03.974098
8	20171222	470	447	501	447	2018-01-16 15:46:03.974112
8	20171223	480	470	538	458	2018-01-16 15:46:03.974126
8	20171224	488	491	576	468	2018-01-16 15:46:03.974139
8	20171225	494	519	614	480	2018-01-16 15:46:03.974153
8	20171226	503	532	622	502	2018-01-16 15:46:03.974166
8	20171227	535	569	657	537	2018-01-16 15:46:03.974180
8	20171228	556	588	690	575	2018-01-16 15:46:03.974194
8	20171229	577	625	712	581	2018-01-16 15:46:03.974207
8	20171230	602	641	752	606	2018-01-16 15:46:03.974221
8	20171231	641	659	770	638	2018-01-16 15:46:03.974234
8	20180101	650	694	787	659	2018-01-16 15:46:03.974248
8	20180102	665	708	822	687	2018-01-16 15:46:03.974261
8	20180103	682	719	859	717	2018-01-16 15:46:03.974275
8	20180104	700	759	887	750	2018-01-16 15:46:03.974288
8	20180105	727	797	892	755	2018-01-16 15:46:03.974302
8	20180106	754	815	913	760	2018-01-16 15:46:03.974316
8	20180107	776	823	940	767	2018-01-16 15:46:03.974329
8	20180108	787	843	954	777	2018-01-16 15:46:03.974342
8	20180109	799	860	975	807	2018-01-16 15:46:03.974356
8	20180110	822	866	1004	830	2018-01-16 15:46:03.974369
8	20180111	858	901	1019	860	2018-01-16 15:46:03.974383
8	20180112	865	935	1028	881	2018-01-16 15:46:03.974397
8	20180113	905	960	1052	910	2018-01-16 15:46:03.974410
8	20180114	943	994	1061	950	2018-01-16 15:46:03.974424
8	20180115	971	1014	1089	985	2018-01-16 15:46:03.974437
8	20180116	986	1041	1124	994	2018-01-16 15:46:03.974451
8	20180117	1003	1057	1138	1020	2018-01-16 15:46:03.974464
8	20180118	1008	1095	1160	1049	2018-01-16 15:46:03.974478
8	20180119	1038	1101	1173	1071	2018-01-16 15:46:03.974491
8	20180120	1048	1117	1189	1096	2018-01-16 15:46:03.974505
8	20180121	1061	1126	1202	1102	2018-01-16 15:46:03.974518
8	20180122	1100	1136	1224	1124	2018-01-16 15:46:03.974532
8	20180123	1133	1154	1231	1129	2018-01-16 15:46:03.974545
8	20180124	1149	1176	1260	1149	2018-01-16 15:46:03.974559
8	20180125	1169	1188	1271	1154	2018-01-16 15:46:03.974572
8	20180126	1176	1226	1308	1193	2018-01-16 15:46:03.974586
8	20180127	1210	1233	1329	1224	2018-01-16 15:46:03.974599
8	20180128	1234	1254	1362	1248	2018-01-16 15:46:03.974612
8	20180129	1261	1285	1383	1265	2018-01-16 15:46:03.974626
8	20180130	1289	1306	1414	1280	2018-01-16 15:46:03.974639
8	20180131	1309	1329	1420	1293	2018-01-16 15:46:03.974653
9	20171201	35	38	40	11	2018-01-16 15:46:03.974668
9	20171202	49	74	73	22	2018-01-16 15:46:03.974682
9	20171203	69	105	101	60	2018-01-16 15:46:03.974696
9	20171204	101	125	125	98	2018-01-16 15:46:03.974709
9	20171205	117	163	132	130	2018-01-16 15:46:03.974723
9	20171206	143	187	141	160	2018-01-16 15:46:03.974736
9	20171207	183	222	164	176	2018-01-16 15:46:03.974750
9	20171208	190	249	176	216	2018-01-16 15:46:03.974763
9	20171209	213	254	193	236	2018-01-16 15:46:03.974777
9	20171210	242	261	201	265	2018-01-16 15:46:03.974791
9	20171211	253	296	211	286	2018-01-16 15:46:03.974804
9	20171212	289	327	242	293	2018-01-16 15:46:03.974818
9	20171213	313	340	282	312	2018-01-16 15:46:03.974831
9	20171214	336	364	301	336	2018-01-16 15:46:03.974845
9	20171215	341	387	341	368	2018-01-16 15:46:03.974859
9	20171216	361	418	366	382	2018-01-16 15:46:03.974872
9	20171217	374	430	403	394	2018-01-16 15:46:03.974886
9	20171218	398	468	430	419	2018-01-16 15:46:03.974899
9	20171219	429	507	447	457	2018-01-16 15:46:03.974913
9	20171220	450	541	476	476	2018-01-16 15:46:03.974927
9	20171221	464	563	490	482	2018-01-16 15:46:03.974941
9	20171222	500	596	528	511	2018-01-16 15:46:03.974954
9	20171223	528	601	534	530	2018-01-16 15:46:03.974968
9	20171224	562	606	543	570	2018-01-16 15:46:03.974982
9	20171225	599	618	573	586	2018-01-16 15:46:03.974995
9	20171226	628	639	588	621	2018-01-16 15:46:03.975009
9	20171227	655	675	608	626	2018-01-16 15:46:03.975022
9	20171228	671	686	627	652	2018-01-16 15:46:03.975036
9	20171229	703	721	651	678	2018-01-16 15:46:03.975049
9	20171230	732	747	656	683	2018-01-16 15:46:03.975063
9	20171231	745	778	677	691	2018-01-16 15:46:03.975092
9	20180101	754	790	694	700	2018-01-16 15:46:03.975107
9	20180102	776	802	708	726	2018-01-16 15:46:03.975120
9	20180103	811	839	731	738	2018-01-16 15:46:03.975134
9	20180104	830	870	756	774	2018-01-16 15:46:03.975148
9	20180105	858	888	762	807	2018-01-16 15:46:03.975161
9	20180106	886	898	768	826	2018-01-16 15:46:03.975175
9	20180107	893	925	798	842	2018-01-16 15:46:03.975188
9	20180108	932	963	812	872	2018-01-16 15:46:03.975202
9	20180109	961	982	850	891	2018-01-16 15:46:03.975215
9	20180110	984	1005	879	916	2018-01-16 15:46:03.975229
9	20180111	994	1017	910	933	2018-01-16 15:46:03.975243
9	20180112	1022	1022	950	957	2018-01-16 15:46:03.975256
9	20180113	1036	1047	984	975	2018-01-16 15:46:03.975270
9	20180114	1074	1059	1017	993	2018-01-16 15:46:03.975284
9	20180115	1089	1073	1045	1000	2018-01-16 15:46:03.975297
9	20180116	1127	1084	1074	1039	2018-01-16 15:46:03.975328
9	20180117	1159	1113	1089	1051	2018-01-16 15:46:03.975345
9	20180118	1182	1132	1095	1070	2018-01-16 15:46:03.975360
9	20180119	1213	1159	1103	1080	2018-01-16 15:46:03.975374
9	20180120	1230	1166	1140	1097	2018-01-16 15:46:03.975389
9	20180121	1248	1187	1146	1125	2018-01-16 15:46:03.975404
9	20180122	1280	1218	1155	1142	2018-01-16 15:46:03.975419
9	20180123	1291	1224	1192	1172	2018-01-16 15:46:03.975433
9	20180124	1320	1261	1214	1190	2018-01-16 15:46:03.975448
9	20180125	1343	1283	1239	1203	2018-01-16 15:46:03.975463
9	20180126	1360	1289	1248	1241	2018-01-16 15:46:03.975478
9	20180127	1368	1315	1260	1272	2018-01-16 15:46:03.975492
9	20180128	1407	1354	1290	1309	2018-01-16 15:46:03.975507
9	20180129	1437	1384	1329	1339	2018-01-16 15:46:03.975531
9	20180130	1467	1395	1336	1370	2018-01-16 15:46:03.975544
9	20180131	1486	1410	1346	1401	2018-01-16 15:46:03.975558
10	20171201	36	13	22	38	2018-01-16 15:46:03.975572
10	20171202	67	32	52	67	2018-01-16 15:46:03.975586
10	20171203	89	68	73	104	2018-01-16 15:46:03.975600
10	20171204	115	87	84	134	2018-01-16 15:46:03.975614
10	20171205	153	111	120	140	2018-01-16 15:46:03.975627
10	20171206	166	140	131	178	2018-01-16 15:46:03.975641
10	20171207	197	180	146	202	2018-01-16 15:46:03.975654
10	20171208	207	202	168	242	2018-01-16 15:46:03.975668
10	20171209	246	239	190	260	2018-01-16 15:46:03.975682
10	20171210	271	279	210	288	2018-01-16 15:46:03.975695
10	20171211	297	315	247	305	2018-01-16 15:46:03.975709
10	20171212	334	328	258	320	2018-01-16 15:46:03.975723
10	20171213	360	360	268	349	2018-01-16 15:46:03.975736
10	20171214	385	391	284	377	2018-01-16 15:46:03.975750
10	20171215	393	424	306	388	2018-01-16 15:46:03.975763
10	20171216	424	440	344	422	2018-01-16 15:46:03.975777
10	20171217	438	452	366	461	2018-01-16 15:46:03.975790
10	20171218	452	476	403	500	2018-01-16 15:46:03.975804
10	20171219	478	494	439	507	2018-01-16 15:46:03.975818
10	20171220	490	501	464	514	2018-01-16 15:46:03.975831
10	20171221	503	530	488	533	2018-01-16 15:46:03.975845
10	20171222	508	540	518	563	2018-01-16 15:46:03.975859
10	20171223	545	567	524	595	2018-01-16 15:46:03.975873
10	20171224	571	577	548	633	2018-01-16 15:46:03.975886
10	20171225	581	583	573	664	2018-01-16 15:46:03.975900
10	20171226	586	617	580	702	2018-01-16 15:46:03.975914
10	20171227	610	647	601	739	2018-01-16 15:46:03.975927
10	20171228	627	655	613	757	2018-01-16 15:46:03.975941
10	20171229	639	690	624	779	2018-01-16 15:46:03.975954
10	20171230	647	706	641	812	2018-01-16 15:46:03.975968
10	20171231	666	746	678	841	2018-01-16 15:46:03.975981
10	20180101	676	773	715	848	2018-01-16 15:46:03.975994
10	20180102	692	797	746	875	2018-01-16 15:46:03.976008
10	20180103	703	806	784	914	2018-01-16 15:46:03.976022
10	20180104	717	839	808	949	2018-01-16 15:46:03.976035
10	20180105	745	866	830	964	2018-01-16 15:46:03.976049
10	20180106	759	874	851	985	2018-01-16 15:46:03.976062
10	20180107	795	894	867	1007	2018-01-16 15:46:03.976076
10	20180108	809	899	894	1017	2018-01-16 15:46:03.976089
10	20180109	831	915	923	1028	2018-01-16 15:46:03.976103
10	20180110	841	936	941	1054	2018-01-16 15:46:03.976117
10	20180111	879	957	948	1070	2018-01-16 15:46:03.976147
10	20180112	908	975	959	1095	2018-01-16 15:46:03.976163
10	20180113	922	1001	967	1133	2018-01-16 15:46:03.976176
10	20180114	957	1007	990	1157	2018-01-16 15:46:03.976190
10	20180115	970	1020	1013	1182	2018-01-16 15:46:03.976204
10	20180116	1005	1051	1053	1216	2018-01-16 15:46:03.976218
10	20180117	1037	1063	1071	1223	2018-01-16 15:46:03.976232
10	20180118	1054	1098	1101	1242	2018-01-16 15:46:03.976245
10	20180119	1088	1120	1117	1263	2018-01-16 15:46:03.976259
10	20180120	1127	1149	1139	1291	2018-01-16 15:46:03.976273
10	20180121	1136	1156	1158	1331	2018-01-16 15:46:03.976289
10	20180122	1160	1195	1185	1367	2018-01-16 15:46:03.976313
10	20180123	1191	1211	1194	1394	2018-01-16 15:46:03.976348
10	20180124	1215	1235	1202	1426	2018-01-16 15:46:03.976365
10	20180125	1248	1262	1226	1466	2018-01-16 15:46:03.976380
10	20180126	1256	1284	1247	1490	2018-01-16 15:46:03.976395
10	20180127	1291	1300	1287	1517	2018-01-16 15:46:03.976410
10	20180128	1296	1305	1317	1545	2018-01-16 15:46:03.976425
10	20180129	1324	1331	1332	1553	2018-01-16 15:46:03.976439
10	20180130	1363	1351	1372	1576	2018-01-16 15:46:03.976454
10	20180131	1370	1372	1384	1593	2018-01-16 15:46:03.976469
11	20171201	27	8	31	33	2018-01-16 15:46:03.976485
11	20171202	40	44	51	69	2018-01-16 15:46:03.976500
11	20171203	77	80	82	77	2018-01-16 15:46:03.976515
11	20171204	112	99	91	98	2018-01-16 15:46:03.976529
11	20171205	152	104	118	121	2018-01-16 15:46:03.976544
11	20171206	184	115	134	152	2018-01-16 15:46:03.976559
11	20171207	216	142	159	184	2018-01-16 15:46:03.976574
11	20171208	221	167	174	210	2018-01-16 15:46:03.976588
11	20171209	253	204	185	248	2018-01-16 15:46:03.976603
11	20171210	287	234	199	283	2018-01-16 15:46:03.976618
11	20171211	318	261	223	323	2018-01-16 15:46:03.976633
11	20171212	324	282	241	335	2018-01-16 15:46:03.976648
11	20171213	362	295	275	340	2018-01-16 15:46:03.976662
11	20171214	380	328	309	345	2018-01-16 15:46:03.976677
11	20171215	389	346	338	374	2018-01-16 15:46:03.976692
11	20171216	398	372	346	392	2018-01-16 15:46:03.976707
11	20171217	428	395	373	432	2018-01-16 15:46:03.976721
11	20171218	446	428	411	467	2018-01-16 15:46:03.976736
11	20171219	486	441	419	484	2018-01-16 15:46:03.976751
11	20171220	526	472	453	518	2018-01-16 15:46:03.976765
11	20171221	533	501	487	529	2018-01-16 15:46:03.976780
11	20171222	554	510	518	541	2018-01-16 15:46:03.976795
11	20171223	559	539	533	570	2018-01-16 15:46:03.976810
11	20171224	580	557	552	592	2018-01-16 15:46:03.976825
11	20171225	607	575	583	630	2018-01-16 15:46:03.976839
11	20171226	627	610	607	656	2018-01-16 15:46:03.976854
11	20171227	640	625	633	688	2018-01-16 15:46:03.976869
11	20171228	646	663	644	708	2018-01-16 15:46:03.976883
11	20171229	675	685	657	726	2018-01-16 15:46:03.976898
11	20171230	683	690	664	762	2018-01-16 15:46:03.976913
11	20171231	707	723	680	767	2018-01-16 15:46:03.976927
11	20180101	734	746	720	802	2018-01-16 15:46:03.976942
11	20180102	744	756	740	823	2018-01-16 15:46:03.976956
11	20180103	754	791	770	841	2018-01-16 15:46:03.976970
11	20180104	792	808	780	855	2018-01-16 15:46:03.976985
11	20180105	797	848	789	890	2018-01-16 15:46:03.976999
11	20180106	834	875	829	922	2018-01-16 15:46:03.977014
11	20180107	872	883	866	961	2018-01-16 15:46:03.977028
11	20180108	902	910	898	988	2018-01-16 15:46:03.977043
11	20180109	924	943	903	1010	2018-01-16 15:46:03.977058
11	20180110	959	952	927	1021	2018-01-16 15:46:03.977073
11	20180111	965	980	960	1057	2018-01-16 15:46:03.977096
11	20180112	992	986	971	1080	2018-01-16 15:46:03.977124
11	20180113	997	1011	997	1093	2018-01-16 15:46:03.977144
11	20180114	1012	1026	1014	1112	2018-01-16 15:46:03.977159
11	20180115	1048	1041	1030	1150	2018-01-16 15:46:03.977174
11	20180116	1072	1069	1058	1171	2018-01-16 15:46:03.977189
11	20180117	1093	1074	1089	1179	2018-01-16 15:46:03.977204
11	20180118	1100	1087	1099	1217	2018-01-16 15:46:03.977219
11	20180119	1127	1127	1104	1226	2018-01-16 15:46:03.977233
11	20180120	1161	1147	1110	1259	2018-01-16 15:46:03.977273
11	20180121	1174	1185	1129	1279	2018-01-16 15:46:03.977289
11	20180122	1200	1204	1150	1317	2018-01-16 15:46:03.977304
11	20180123	1232	1242	1174	1347	2018-01-16 15:46:03.977319
11	20180124	1239	1282	1187	1370	2018-01-16 15:46:03.977334
11	20180125	1270	1311	1221	1382	2018-01-16 15:46:03.977348
11	20180126	1298	1328	1228	1415	2018-01-16 15:46:03.977363
11	20180127	1324	1367	1245	1430	2018-01-16 15:46:03.977378
11	20180128	1332	1399	1276	1470	2018-01-16 15:46:03.977393
11	20180129	1339	1430	1308	1497	2018-01-16 15:46:03.977407
11	20180130	1369	1451	1322	1534	2018-01-16 15:46:03.977423
11	20180131	1380	1487	1361	1540	2018-01-16 15:46:03.977449
12	20171201	9	14	32	30	2018-01-16 15:46:03.977482
12	20171202	16	21	37	45	2018-01-16 15:46:03.977511
12	20171203	21	53	65	66	2018-01-16 15:46:03.977537
12	20171204	44	64	94	91	2018-01-16 15:46:03.977566
12	20171205	82	85	129	107	2018-01-16 15:46:03.977595
12	20171206	108	110	158	147	2018-01-16 15:46:03.977623
12	20171207	117	139	186	179	2018-01-16 15:46:03.977652
12	20171208	156	179	198	188	2018-01-16 15:46:03.977682
12	20171209	178	187	231	200	2018-01-16 15:46:03.977710
12	20171210	218	212	266	209	2018-01-16 15:46:03.977734
12	20171211	240	227	276	226	2018-01-16 15:46:03.977757
12	20171212	261	241	282	261	2018-01-16 15:46:03.977782
12	20171213	292	281	311	289	2018-01-16 15:46:03.977805
12	20171214	298	291	322	301	2018-01-16 15:46:03.977828
12	20171215	314	307	328	327	2018-01-16 15:46:03.977855
12	20171216	352	314	353	365	2018-01-16 15:46:03.977884
12	20171217	389	319	369	384	2018-01-16 15:46:03.977913
12	20171218	404	336	382	421	2018-01-16 15:46:03.977943
12	20171219	424	372	392	428	2018-01-16 15:46:03.977972
12	20171220	435	405	411	433	2018-01-16 15:46:03.977999
12	20171221	447	421	438	472	2018-01-16 15:46:03.978030
12	20171222	467	440	458	502	2018-01-16 15:46:03.978059
12	20171223	502	452	475	521	2018-01-16 15:46:03.978090
12	20171224	508	480	497	529	2018-01-16 15:46:03.978119
12	20171225	537	507	535	567	2018-01-16 15:46:03.978148
12	20171226	575	540	544	579	2018-01-16 15:46:03.978177
12	20171227	600	563	561	595	2018-01-16 15:46:03.978205
12	20171228	634	576	589	603	2018-01-16 15:46:03.978232
12	20171229	661	592	594	639	2018-01-16 15:46:03.978261
12	20171230	676	616	613	663	2018-01-16 15:46:03.978289
12	20171231	701	629	642	669	2018-01-16 15:46:03.978318
12	20180101	715	661	651	703	2018-01-16 15:46:03.978346
12	20180102	746	679	662	729	2018-01-16 15:46:03.978374
12	20180103	752	693	677	739	2018-01-16 15:46:03.978403
12	20180104	777	729	694	759	2018-01-16 15:46:03.978431
12	20180105	803	767	732	795	2018-01-16 15:46:03.978460
12	20180106	815	783	739	828	2018-01-16 15:46:03.978490
12	20180107	838	823	750	844	2018-01-16 15:46:03.978516
12	20180108	859	833	769	874	2018-01-16 15:46:03.978540
12	20180109	899	865	792	908	2018-01-16 15:46:03.978563
12	20180110	914	884	828	943	2018-01-16 15:46:03.978587
12	20180111	934	903	862	962	2018-01-16 15:46:03.978614
12	20180112	969	915	900	974	2018-01-16 15:46:03.978641
12	20180113	990	937	922	1004	2018-01-16 15:46:03.978669
12	20180114	1020	972	955	1021	2018-01-16 15:46:03.978687
12	20180115	1032	980	964	1041	2018-01-16 15:46:03.978702
12	20180116	1070	1000	997	1075	2018-01-16 15:46:03.978717
12	20180117	1097	1032	1032	1088	2018-01-16 15:46:03.978732
12	20180118	1125	1063	1062	1105	2018-01-16 15:46:03.978747
12	20180119	1142	1077	1088	1141	2018-01-16 15:46:03.978762
12	20180120	1179	1117	1108	1167	2018-01-16 15:46:03.978777
12	20180121	1206	1152	1122	1187	2018-01-16 15:46:03.978792
12	20180122	1235	1158	1150	1223	2018-01-16 15:46:03.978807
12	20180123	1260	1184	1179	1262	2018-01-16 15:46:03.978821
12	20180124	1288	1201	1194	1282	2018-01-16 15:46:03.978836
12	20180125	1299	1239	1234	1321	2018-01-16 15:46:03.978851
12	20180126	1329	1252	1239	1334	2018-01-16 15:46:03.978866
12	20180127	1336	1268	1275	1355	2018-01-16 15:46:03.978880
12	20180128	1359	1281	1310	1360	2018-01-16 15:46:03.978895
12	20180129	1383	1314	1329	1379	2018-01-16 15:46:03.978909
12	20180130	1415	1320	1337	1384	2018-01-16 15:46:03.978963
12	20180131	1454	1326	1351	1423	2018-01-16 15:46:03.978990
13	20171201	7	27	14	23	2018-01-16 15:46:03.979025
13	20171202	40	38	40	59	2018-01-16 15:46:03.979053
13	20171203	62	59	52	71	2018-01-16 15:46:03.979083
13	20171204	69	86	80	80	2018-01-16 15:46:03.979107
13	20171205	74	116	120	108	2018-01-16 15:46:03.979129
13	20171206	98	147	143	138	2018-01-16 15:46:03.979145
13	20171207	110	182	179	171	2018-01-16 15:46:03.979160
13	20171208	141	203	214	177	2018-01-16 15:46:03.979176
13	20171209	153	224	253	212	2018-01-16 15:46:03.979192
13	20171210	181	242	258	237	2018-01-16 15:46:03.979207
13	20171211	208	282	264	255	2018-01-16 15:46:03.979223
13	20171212	239	317	280	262	2018-01-16 15:46:03.979240
13	20171213	251	329	314	279	2018-01-16 15:46:03.979257
13	20171214	274	339	348	318	2018-01-16 15:46:03.979274
13	20171215	296	379	359	346	2018-01-16 15:46:03.979291
13	20171216	309	404	370	359	2018-01-16 15:46:03.979336
13	20171217	325	425	408	392	2018-01-16 15:46:03.979359
13	20171218	358	436	426	428	2018-01-16 15:46:03.979378
13	20171219	370	449	464	436	2018-01-16 15:46:03.979396
13	20171220	396	458	492	472	2018-01-16 15:46:03.979413
13	20171221	434	478	508	496	2018-01-16 15:46:03.979432
13	20171222	472	510	516	504	2018-01-16 15:46:03.979449
13	20171223	500	545	536	510	2018-01-16 15:46:03.979469
13	20171224	531	583	553	522	2018-01-16 15:46:03.979486
13	20171225	554	618	559	542	2018-01-16 15:46:03.979505
13	20171226	566	630	569	579	2018-01-16 15:46:03.979523
13	20171227	588	648	574	593	2018-01-16 15:46:03.979541
13	20171228	602	671	594	603	2018-01-16 15:46:03.979561
13	20171229	620	689	631	635	2018-01-16 15:46:03.979578
13	20171230	637	702	640	656	2018-01-16 15:46:03.979594
13	20171231	674	734	649	669	2018-01-16 15:46:03.979611
13	20180101	688	759	684	683	2018-01-16 15:46:03.979629
13	20180102	706	765	699	709	2018-01-16 15:46:03.979646
13	20180103	727	784	728	734	2018-01-16 15:46:03.979662
13	20180104	756	813	752	769	2018-01-16 15:46:03.979679
13	20180105	779	840	767	797	2018-01-16 15:46:03.979697
13	20180106	790	870	793	819	2018-01-16 15:46:03.979717
13	20180107	817	891	811	837	2018-01-16 15:46:03.979748
13	20180108	845	902	822	859	2018-01-16 15:46:03.979791
13	20180109	873	936	849	877	2018-01-16 15:46:03.979814
13	20180110	888	965	873	895	2018-01-16 15:46:03.979837
13	20180111	919	987	887	922	2018-01-16 15:46:03.979864
13	20180112	947	1012	904	933	2018-01-16 15:46:03.979890
13	20180113	980	1039	912	941	2018-01-16 15:46:03.979928
13	20180114	1013	1048	950	960	2018-01-16 15:46:03.979948
13	20180115	1031	1054	974	971	2018-01-16 15:46:03.979965
13	20180116	1049	1088	1013	977	2018-01-16 15:46:03.979980
13	20180117	1054	1111	1049	1010	2018-01-16 15:46:03.980006
13	20180118	1092	1134	1056	1045	2018-01-16 15:46:03.980046
13	20180119	1105	1143	1095	1069	2018-01-16 15:46:03.980071
13	20180120	1142	1175	1103	1096	2018-01-16 15:46:03.980093
13	20180121	1168	1195	1127	1134	2018-01-16 15:46:03.980116
13	20180122	1187	1200	1152	1154	2018-01-16 15:46:03.980140
13	20180123	1215	1217	1159	1175	2018-01-16 15:46:03.980162
13	20180124	1225	1248	1177	1212	2018-01-16 15:46:03.980185
13	20180125	1260	1260	1210	1246	2018-01-16 15:46:03.980208
13	20180126	1278	1277	1220	1273	2018-01-16 15:46:03.980231
13	20180127	1310	1307	1230	1286	2018-01-16 15:46:03.980257
13	20180128	1323	1331	1240	1320	2018-01-16 15:46:03.980282
13	20180129	1330	1346	1277	1345	2018-01-16 15:46:03.980308
13	20180130	1366	1371	1302	1373	2018-01-16 15:46:03.980336
13	20180131	1398	1378	1313	1406	2018-01-16 15:46:03.980360
14	20171201	30	9	19	16	2018-01-16 15:46:03.980402
14	20171202	39	18	29	32	2018-01-16 15:46:03.980419
14	20171203	77	24	42	37	2018-01-16 15:46:03.980435
14	20171204	91	35	53	47	2018-01-16 15:46:03.980458
14	20171205	116	50	71	76	2018-01-16 15:46:03.980486
14	20171206	125	90	111	115	2018-01-16 15:46:03.980524
14	20171207	148	104	129	127	2018-01-16 15:46:03.980552
14	20171208	168	132	146	166	2018-01-16 15:46:03.980580
14	20171209	188	157	154	190	2018-01-16 15:46:03.980682
14	20171210	213	176	169	216	2018-01-16 15:46:03.980714
14	20171211	250	184	188	223	2018-01-16 15:46:03.980743
14	20171212	271	213	220	255	2018-01-16 15:46:03.980769
14	20171213	302	245	248	294	2018-01-16 15:46:03.980792
14	20171214	317	281	279	310	2018-01-16 15:46:03.980815
14	20171215	348	320	296	319	2018-01-16 15:46:03.980838
14	20171216	382	337	329	354	2018-01-16 15:46:03.980861
14	20171217	414	345	361	375	2018-01-16 15:46:03.980901
14	20171218	445	359	382	388	2018-01-16 15:46:03.980969
14	20171219	464	382	418	406	2018-01-16 15:46:03.981025
14	20171220	502	402	456	423	2018-01-16 15:46:03.981056
14	20171221	520	410	488	460	2018-01-16 15:46:03.981082
14	20171222	526	425	497	490	2018-01-16 15:46:03.981109
14	20171223	552	456	534	514	2018-01-16 15:46:03.981137
14	20171224	591	474	559	546	2018-01-16 15:46:03.981166
14	20171225	602	488	579	553	2018-01-16 15:46:03.981193
14	20171226	615	501	585	576	2018-01-16 15:46:03.981223
14	20171227	640	532	617	600	2018-01-16 15:46:03.981249
14	20171228	657	551	630	617	2018-01-16 15:46:03.981273
14	20171229	695	559	640	657	2018-01-16 15:46:03.981302
14	20171230	734	574	678	664	2018-01-16 15:46:03.981327
14	20171231	748	613	711	673	2018-01-16 15:46:03.981358
14	20180101	762	627	748	687	2018-01-16 15:46:03.981384
14	20180102	774	639	764	715	2018-01-16 15:46:03.981410
14	20180103	814	660	787	748	2018-01-16 15:46:03.981451
14	20180104	835	681	818	779	2018-01-16 15:46:03.981474
14	20180105	851	716	828	812	2018-01-16 15:46:03.981490
14	20180106	861	746	833	822	2018-01-16 15:46:03.981506
14	20180107	883	757	854	847	2018-01-16 15:46:03.981521
14	20180108	921	780	880	877	2018-01-16 15:46:03.981538
14	20180109	958	791	913	901	2018-01-16 15:46:03.981553
14	20180110	971	827	926	909	2018-01-16 15:46:03.981569
14	20180111	987	835	932	917	2018-01-16 15:46:03.981584
14	20180112	1020	857	949	936	2018-01-16 15:46:03.981601
14	20180113	1036	882	970	959	2018-01-16 15:46:03.981631
14	20180114	1056	896	984	988	2018-01-16 15:46:03.981659
14	20180115	1085	913	1021	1006	2018-01-16 15:46:03.981682
14	20180116	1108	926	1049	1042	2018-01-16 15:46:03.981712
14	20180117	1136	946	1070	1079	2018-01-16 15:46:03.981754
14	20180118	1153	972	1092	1115	2018-01-16 15:46:03.981779
14	20180119	1190	1011	1131	1141	2018-01-16 15:46:03.981806
14	20180120	1211	1033	1140	1176	2018-01-16 15:46:03.981829
14	20180121	1217	1051	1154	1189	2018-01-16 15:46:03.981845
14	20180122	1222	1076	1176	1194	2018-01-16 15:46:03.981860
14	20180123	1237	1089	1206	1231	2018-01-16 15:46:03.981874
14	20180124	1249	1121	1218	1270	2018-01-16 15:46:03.981888
14	20180125	1267	1135	1252	1277	2018-01-16 15:46:03.981902
14	20180126	1288	1165	1272	1301	2018-01-16 15:46:03.981916
14	20180127	1298	1179	1308	1324	2018-01-16 15:46:03.981930
14	20180128	1333	1191	1341	1349	2018-01-16 15:46:03.981944
14	20180129	1360	1231	1357	1357	2018-01-16 15:46:03.981958
14	20180130	1391	1266	1363	1366	2018-01-16 15:46:03.981971
14	20180131	1413	1273	1368	1373	2018-01-16 15:46:03.981985
15	20171201	21	36	13	33	2018-01-16 15:46:03.982004
15	20171202	48	68	32	60	2018-01-16 15:46:03.982019
15	20171203	78	83	65	81	2018-01-16 15:46:03.982033
15	20171204	97	109	81	103	2018-01-16 15:46:03.982047
15	20171205	126	121	93	119	2018-01-16 15:46:03.982061
15	20171206	159	149	121	148	2018-01-16 15:46:03.982075
15	20171207	192	176	150	188	2018-01-16 15:46:03.982089
15	20171208	221	199	187	228	2018-01-16 15:46:03.982103
15	20171209	258	214	194	264	2018-01-16 15:46:03.982117
15	20171210	269	240	220	278	2018-01-16 15:46:03.982131
15	20171211	303	257	252	291	2018-01-16 15:46:03.982145
15	20171212	313	264	262	306	2018-01-16 15:46:03.982158
15	20171213	327	292	285	320	2018-01-16 15:46:03.982172
15	20171214	342	307	322	328	2018-01-16 15:46:03.982186
15	20171215	359	336	350	335	2018-01-16 15:46:03.982200
15	20171216	370	357	380	360	2018-01-16 15:46:03.982213
15	20171217	391	365	399	375	2018-01-16 15:46:03.982227
15	20171218	404	397	411	410	2018-01-16 15:46:03.982241
15	20171219	409	410	428	432	2018-01-16 15:46:03.982292
15	20171220	441	442	438	467	2018-01-16 15:46:03.982308
15	20171221	455	467	472	500	2018-01-16 15:46:03.982322
15	20171222	468	489	489	535	2018-01-16 15:46:03.982336
15	20171223	501	527	527	559	2018-01-16 15:46:03.982350
15	20171224	511	549	553	591	2018-01-16 15:46:03.982366
15	20171225	535	563	585	603	2018-01-16 15:46:03.982380
15	20171226	543	597	608	634	2018-01-16 15:46:03.982393
15	20171227	551	635	622	653	2018-01-16 15:46:03.982407
15	20171228	580	671	655	667	2018-01-16 15:46:03.982421
15	20171229	589	691	685	706	2018-01-16 15:46:03.982435
15	20171230	596	725	722	744	2018-01-16 15:46:03.982448
15	20171231	630	763	749	756	2018-01-16 15:46:03.982462
15	20180101	657	776	767	784	2018-01-16 15:46:03.982476
15	20180102	691	813	782	807	2018-01-16 15:46:03.982489
15	20180103	730	825	821	830	2018-01-16 15:46:03.982503
15	20180104	744	855	842	851	2018-01-16 15:46:03.982517
15	20180105	775	869	847	872	2018-01-16 15:46:03.982530
15	20180106	789	884	862	894	2018-01-16 15:46:03.982544
15	20180107	822	895	894	911	2018-01-16 15:46:03.982558
15	20180108	843	901	899	926	2018-01-16 15:46:03.982571
15	20180109	879	908	912	942	2018-01-16 15:46:03.982585
15	20180110	895	935	933	963	2018-01-16 15:46:03.982599
15	20180111	903	962	971	994	2018-01-16 15:46:03.982612
15	20180112	933	996	1004	1016	2018-01-16 15:46:03.982626
15	20180113	970	1014	1019	1038	2018-01-16 15:46:03.982640
15	20180114	1010	1034	1040	1078	2018-01-16 15:46:03.982654
15	20180115	1040	1053	1056	1083	2018-01-16 15:46:03.982668
15	20180116	1074	1073	1063	1089	2018-01-16 15:46:03.982682
15	20180117	1111	1079	1091	1112	2018-01-16 15:46:03.982695
15	20180118	1150	1118	1131	1122	2018-01-16 15:46:03.982709
15	20180119	1179	1150	1168	1158	2018-01-16 15:46:03.982723
15	20180120	1209	1165	1174	1165	2018-01-16 15:46:03.982736
15	20180121	1243	1186	1212	1205	2018-01-16 15:46:03.982750
15	20180122	1281	1201	1220	1220	2018-01-16 15:46:03.982763
15	20180123	1300	1224	1257	1232	2018-01-16 15:46:03.982777
15	20180124	1329	1261	1267	1266	2018-01-16 15:46:03.982791
15	20180125	1346	1267	1284	1272	2018-01-16 15:46:03.982804
15	20180126	1359	1304	1314	1290	2018-01-16 15:46:03.982818
15	20180127	1389	1318	1347	1329	2018-01-16 15:46:03.982832
15	20180128	1411	1336	1359	1364	2018-01-16 15:46:03.982845
15	20180129	1424	1341	1393	1393	2018-01-16 15:46:03.982859
15	20180130	1445	1379	1399	1416	2018-01-16 15:46:03.982872
15	20180131	1477	1418	1439	1423	2018-01-16 15:46:03.982886
16	20171201	20	27	20	22	2018-01-16 15:46:03.982903
16	20171202	27	65	57	50	2018-01-16 15:46:03.982917
16	20171203	34	96	83	80	2018-01-16 15:46:03.982930
16	20171204	49	132	108	103	2018-01-16 15:46:03.982945
16	20171205	55	164	130	115	2018-01-16 15:46:03.982958
16	20171206	88	203	145	121	2018-01-16 15:46:03.982972
16	20171207	97	220	155	149	2018-01-16 15:46:03.982986
16	20171208	109	248	173	156	2018-01-16 15:46:03.983000
16	20171209	146	258	189	166	2018-01-16 15:46:03.983014
16	20171210	159	284	213	201	2018-01-16 15:46:03.983028
16	20171211	185	322	232	220	2018-01-16 15:46:03.983041
16	20171212	202	330	243	254	2018-01-16 15:46:03.983055
16	20171213	222	345	275	283	2018-01-16 15:46:03.983069
16	20171214	261	377	305	297	2018-01-16 15:46:03.983083
16	20171215	266	392	324	312	2018-01-16 15:46:03.983096
16	20171216	306	428	338	322	2018-01-16 15:46:03.983110
16	20171217	318	435	355	328	2018-01-16 15:46:03.983124
16	20171218	328	447	393	346	2018-01-16 15:46:03.983138
16	20171219	346	471	429	357	2018-01-16 15:46:03.983151
16	20171220	382	492	448	382	2018-01-16 15:46:03.983165
16	20171221	406	525	486	388	2018-01-16 15:46:03.983178
16	20171222	445	549	507	403	2018-01-16 15:46:03.983192
16	20171223	478	565	513	428	2018-01-16 15:46:03.983205
16	20171224	516	580	530	444	2018-01-16 15:46:03.983220
16	20171225	547	586	537	481	2018-01-16 15:46:03.983234
16	20171226	571	612	553	492	2018-01-16 15:46:03.983247
16	20171227	608	645	574	510	2018-01-16 15:46:03.983261
16	20171228	620	654	600	543	2018-01-16 15:46:03.983275
16	20171229	644	659	625	555	2018-01-16 15:46:03.983348
16	20171230	662	691	645	564	2018-01-16 15:46:03.983366
16	20171231	701	720	678	587	2018-01-16 15:46:03.983381
16	20180101	728	735	698	627	2018-01-16 15:46:03.983396
16	20180102	738	744	730	665	2018-01-16 15:46:03.983411
16	20180103	778	772	755	697	2018-01-16 15:46:03.983427
16	20180104	789	791	769	731	2018-01-16 15:46:03.983444
16	20180105	822	801	795	747	2018-01-16 15:46:03.983459
16	20180106	859	834	816	781	2018-01-16 15:46:03.983475
16	20180107	867	872	833	797	2018-01-16 15:46:03.983491
16	20180108	890	912	847	822	2018-01-16 15:46:03.983508
16	20180109	901	932	875	851	2018-01-16 15:46:03.983525
16	20180110	939	943	883	873	2018-01-16 15:46:03.983542
16	20180111	944	953	908	895	2018-01-16 15:46:03.983558
16	20180112	972	969	921	900	2018-01-16 15:46:03.983578
16	20180113	980	979	934	934	2018-01-16 15:46:03.983608
16	20180114	1013	996	960	967	2018-01-16 15:46:03.983623
16	20180115	1031	1012	980	973	2018-01-16 15:46:03.983638
16	20180116	1044	1021	1015	1010	2018-01-16 15:46:03.983654
16	20180117	1064	1026	1053	1031	2018-01-16 15:46:03.983669
16	20180118	1081	1056	1069	1069	2018-01-16 15:46:03.983684
16	20180119	1098	1092	1086	1075	2018-01-16 15:46:03.983700
16	20180120	1111	1108	1114	1098	2018-01-16 15:46:03.983715
16	20180121	1134	1134	1123	1137	2018-01-16 15:46:03.983731
16	20180122	1154	1146	1132	1167	2018-01-16 15:46:03.983745
16	20180123	1190	1179	1170	1201	2018-01-16 15:46:03.983761
16	20180124	1221	1193	1175	1233	2018-01-16 15:46:03.983775
16	20180125	1241	1205	1201	1263	2018-01-16 15:46:03.983790
16	20180126	1269	1243	1223	1281	2018-01-16 15:46:03.983804
16	20180127	1282	1277	1246	1303	2018-01-16 15:46:03.983821
16	20180128	1305	1292	1284	1318	2018-01-16 15:46:03.983836
16	20180129	1332	1317	1303	1341	2018-01-16 15:46:03.983851
16	20180130	1347	1335	1331	1351	2018-01-16 15:46:03.983866
16	20180131	1373	1347	1340	1387	2018-01-16 15:46:03.983883
17	20171201	40	37	34	29	2018-01-16 15:46:03.983903
17	20171202	65	46	45	56	2018-01-16 15:46:03.983919
17	20171203	98	83	61	94	2018-01-16 15:46:03.983934
17	20171204	115	112	72	118	2018-01-16 15:46:03.983950
17	20171205	135	133	78	136	2018-01-16 15:46:03.983965
17	20171206	175	155	95	167	2018-01-16 15:46:03.983981
17	20171207	204	160	106	204	2018-01-16 15:46:03.983997
17	20171208	214	190	143	209	2018-01-16 15:46:03.984013
17	20171209	249	210	157	235	2018-01-16 15:46:03.984028
17	20171210	268	246	196	246	2018-01-16 15:46:03.984043
17	20171211	275	285	213	271	2018-01-16 15:46:03.984058
17	20171212	292	314	248	288	2018-01-16 15:46:03.984074
17	20171213	329	352	267	294	2018-01-16 15:46:03.984090
17	20171214	339	381	305	316	2018-01-16 15:46:03.984104
17	20171215	367	388	320	321	2018-01-16 15:46:03.984119
17	20171216	372	428	360	330	2018-01-16 15:46:03.984135
17	20171217	397	463	373	339	2018-01-16 15:46:03.984150
17	20171218	424	502	405	346	2018-01-16 15:46:03.984166
17	20171219	463	509	428	383	2018-01-16 15:46:03.984181
17	20171220	489	514	443	404	2018-01-16 15:46:03.984195
17	20171221	507	540	448	426	2018-01-16 15:46:03.984212
17	20171222	529	566	477	465	2018-01-16 15:46:03.984226
17	20171223	564	602	491	474	2018-01-16 15:46:03.984242
17	20171224	573	628	506	486	2018-01-16 15:46:03.984256
17	20171225	590	633	532	497	2018-01-16 15:46:03.984272
17	20171226	618	668	539	537	2018-01-16 15:46:03.984287
17	20171227	654	699	570	570	2018-01-16 15:46:03.984301
17	20171228	664	736	609	599	2018-01-16 15:46:03.984316
17	20171229	691	770	615	625	2018-01-16 15:46:03.984331
17	20171230	697	786	635	660	2018-01-16 15:46:03.984345
17	20171231	732	799	656	681	2018-01-16 15:46:03.984359
17	20180101	761	807	685	720	2018-01-16 15:46:03.984386
17	20180102	775	842	695	745	2018-01-16 15:46:03.984401
17	20180103	785	873	716	778	2018-01-16 15:46:03.984416
17	20180104	819	910	745	788	2018-01-16 15:46:03.984431
17	20180105	836	947	779	822	2018-01-16 15:46:03.984445
17	20180106	868	984	792	837	2018-01-16 15:46:03.984460
17	20180107	896	996	799	876	2018-01-16 15:46:03.984475
17	20180108	929	1026	819	916	2018-01-16 15:46:03.984491
17	20180109	950	1059	824	924	2018-01-16 15:46:03.984570
17	20180110	987	1083	853	951	2018-01-16 15:46:03.984591
17	20180111	994	1094	863	960	2018-01-16 15:46:03.984606
17	20180112	1016	1128	901	983	2018-01-16 15:46:03.984620
17	20180113	1045	1142	934	989	2018-01-16 15:46:03.984635
17	20180114	1054	1147	965	1000	2018-01-16 15:46:03.984651
17	20180115	1080	1166	987	1013	2018-01-16 15:46:03.984665
17	20180116	1088	1195	1025	1027	2018-01-16 15:46:03.984679
17	20180117	1118	1225	1034	1056	2018-01-16 15:46:03.984694
17	20180118	1126	1241	1043	1095	2018-01-16 15:46:03.984708
17	20180119	1139	1275	1067	1108	2018-01-16 15:46:03.984722
17	20180120	1146	1289	1078	1145	2018-01-16 15:46:03.984737
17	20180121	1167	1329	1098	1151	2018-01-16 15:46:03.984752
17	20180122	1196	1365	1112	1159	2018-01-16 15:46:03.984767
17	20180123	1213	1400	1147	1171	2018-01-16 15:46:03.984781
17	20180124	1230	1436	1165	1191	2018-01-16 15:46:03.984796
17	20180125	1266	1465	1171	1206	2018-01-16 15:46:03.984811
17	20180126	1280	1479	1196	1239	2018-01-16 15:46:03.984825
17	20180127	1306	1508	1229	1259	2018-01-16 15:46:03.984840
17	20180128	1321	1533	1250	1272	2018-01-16 15:46:03.984855
17	20180129	1343	1572	1268	1308	2018-01-16 15:46:03.984869
17	20180130	1383	1587	1276	1320	2018-01-16 15:46:03.984883
17	20180131	1417	1622	1304	1360	2018-01-16 15:46:03.984898
18	20171201	15	36	8	21	2018-01-16 15:46:03.984917
18	20171202	28	48	17	50	2018-01-16 15:46:03.984933
18	20171203	44	82	48	73	2018-01-16 15:46:03.984948
18	20171204	73	87	58	90	2018-01-16 15:46:03.984964
18	20171205	107	110	92	105	2018-01-16 15:46:03.984979
18	20171206	120	124	109	133	2018-01-16 15:46:03.984993
18	20171207	153	141	143	149	2018-01-16 15:46:03.985008
18	20171208	182	180	156	187	2018-01-16 15:46:03.985023
18	20171209	195	209	175	219	2018-01-16 15:46:03.985039
18	20171210	224	245	196	227	2018-01-16 15:46:03.985054
18	20171211	262	252	223	263	2018-01-16 15:46:03.985070
18	20171212	270	258	242	288	2018-01-16 15:46:03.985084
18	20171213	287	274	253	308	2018-01-16 15:46:03.985102
18	20171214	326	307	263	343	2018-01-16 15:46:03.985116
18	20171215	365	312	286	359	2018-01-16 15:46:03.985131
18	20171216	381	336	301	371	2018-01-16 15:46:03.985146
18	20171217	392	350	317	408	2018-01-16 15:46:03.985160
18	20171218	430	383	339	420	2018-01-16 15:46:03.985175
18	20171219	438	419	366	457	2018-01-16 15:46:03.985190
18	20171220	477	429	374	462	2018-01-16 15:46:03.985204
18	20171221	484	469	405	471	2018-01-16 15:46:03.985219
18	20171222	489	492	418	509	2018-01-16 15:46:03.985233
18	20171223	529	525	453	516	2018-01-16 15:46:03.985248
18	20171224	534	563	470	555	2018-01-16 15:46:03.985262
18	20171225	561	590	509	578	2018-01-16 15:46:03.985278
18	20171226	580	616	535	601	2018-01-16 15:46:03.985294
18	20171227	590	644	540	623	2018-01-16 15:46:03.985309
18	20171228	622	662	560	647	2018-01-16 15:46:03.985323
18	20171229	653	696	579	661	2018-01-16 15:46:03.985338
18	20171230	663	711	604	666	2018-01-16 15:46:03.985353
18	20171231	694	725	619	692	2018-01-16 15:46:03.985367
18	20180101	733	759	648	728	2018-01-16 15:46:03.985381
18	20180102	743	772	662	752	2018-01-16 15:46:03.985395
18	20180103	754	787	683	778	2018-01-16 15:46:03.985410
18	20180104	762	814	706	790	2018-01-16 15:46:03.985424
18	20180105	802	845	718	826	2018-01-16 15:46:03.985438
18	20180106	828	857	726	834	2018-01-16 15:46:03.985453
18	20180107	835	895	746	851	2018-01-16 15:46:03.985467
18	20180108	861	932	784	856	2018-01-16 15:46:03.985482
18	20180109	896	950	811	864	2018-01-16 15:46:03.985496
18	20180110	902	988	832	875	2018-01-16 15:46:03.985510
18	20180111	930	1015	847	887	2018-01-16 15:46:03.985525
18	20180112	935	1052	879	910	2018-01-16 15:46:03.985540
18	20180113	951	1085	908	925	2018-01-16 15:46:03.985554
18	20180114	963	1121	936	956	2018-01-16 15:46:03.985569
18	20180115	1000	1129	949	970	2018-01-16 15:46:03.985583
18	20180116	1021	1157	971	1001	2018-01-16 15:46:03.985600
18	20180117	1044	1183	977	1010	2018-01-16 15:46:03.985615
18	20180118	1084	1219	1008	1020	2018-01-16 15:46:03.985662
18	20180119	1108	1244	1044	1039	2018-01-16 15:46:03.985679
18	20180120	1143	1268	1057	1064	2018-01-16 15:46:03.985694
18	20180121	1181	1279	1065	1089	2018-01-16 15:46:03.985708
18	20180122	1211	1319	1083	1107	2018-01-16 15:46:03.985722
18	20180123	1234	1358	1092	1144	2018-01-16 15:46:03.985750
18	20180124	1248	1381	1116	1152	2018-01-16 15:46:03.985766
18	20180125	1284	1401	1124	1174	2018-01-16 15:46:03.985781
18	20180126	1297	1410	1149	1207	2018-01-16 15:46:03.985799
18	20180127	1321	1432	1168	1247	2018-01-16 15:46:03.985816
18	20180128	1351	1467	1196	1263	2018-01-16 15:46:03.985833
18	20180129	1357	1501	1209	1297	2018-01-16 15:46:03.985849
18	20180130	1383	1533	1230	1329	2018-01-16 15:46:03.985878
18	20180131	1399	1552	1266	1349	2018-01-16 15:46:03.985892
19	20171201	17	6	21	31	2018-01-16 15:46:03.985910
19	20171202	25	34	51	60	2018-01-16 15:46:03.985926
19	20171203	46	42	65	75	2018-01-16 15:46:03.985942
19	20171204	74	73	73	80	2018-01-16 15:46:03.985957
19	20171205	98	81	97	95	2018-01-16 15:46:03.985972
19	20171206	128	100	124	130	2018-01-16 15:46:03.985987
19	20171207	146	129	150	154	2018-01-16 15:46:03.986001
19	20171208	177	145	186	181	2018-01-16 15:46:03.986016
19	20171209	212	166	213	217	2018-01-16 15:46:03.986031
19	20171210	233	173	227	238	2018-01-16 15:46:03.986046
19	20171211	268	190	248	243	2018-01-16 15:46:03.986060
19	20171212	291	203	269	248	2018-01-16 15:46:03.986074
19	20171213	315	225	276	263	2018-01-16 15:46:03.986088
19	20171214	325	235	294	284	2018-01-16 15:46:03.986108
19	20171215	342	243	312	296	2018-01-16 15:46:03.986137
19	20171216	382	273	350	329	2018-01-16 15:46:03.986166
19	20171217	406	278	362	354	2018-01-16 15:46:03.986196
19	20171218	434	296	393	387	2018-01-16 15:46:03.986241
19	20171219	465	302	411	422	2018-01-16 15:46:03.986269
19	20171220	474	320	436	444	2018-01-16 15:46:03.986288
19	20171221	510	338	457	451	2018-01-16 15:46:03.986306
19	20171222	541	370	495	468	2018-01-16 15:46:03.986322
19	20171223	573	396	505	476	2018-01-16 15:46:03.986339
19	20171224	589	406	510	507	2018-01-16 15:46:03.986354
19	20171225	610	418	538	528	2018-01-16 15:46:03.986373
19	20171226	638	431	561	559	2018-01-16 15:46:03.986389
19	20171227	665	468	581	596	2018-01-16 15:46:03.986406
19	20171228	672	497	615	625	2018-01-16 15:46:03.986422
19	20171229	706	511	641	655	2018-01-16 15:46:03.986440
19	20171230	711	548	654	685	2018-01-16 15:46:03.986456
19	20171231	718	570	682	695	2018-01-16 15:46:03.986473
19	20180101	752	575	693	721	2018-01-16 15:46:03.986494
19	20180102	768	611	718	740	2018-01-16 15:46:03.986526
19	20180103	780	630	745	753	2018-01-16 15:46:03.986557
19	20180104	801	649	777	790	2018-01-16 15:46:03.986585
19	20180105	809	682	787	829	2018-01-16 15:46:03.986616
19	20180106	814	719	807	863	2018-01-16 15:46:03.986639
19	20180107	837	751	834	884	2018-01-16 15:46:03.986657
19	20180108	875	763	866	924	2018-01-16 15:46:03.986672
19	20180109	911	773	902	951	2018-01-16 15:46:03.986689
19	20180110	940	806	926	991	2018-01-16 15:46:03.986706
19	20180111	978	831	949	1020	2018-01-16 15:46:03.986723
19	20180112	1013	865	956	1025	2018-01-16 15:46:03.986740
19	20180113	1044	891	974	1040	2018-01-16 15:46:03.986758
19	20180114	1069	906	992	1068	2018-01-16 15:46:03.986775
19	20180115	1099	936	999	1107	2018-01-16 15:46:03.986790
19	20180116	1132	962	1009	1143	2018-01-16 15:46:03.986809
19	20180117	1155	996	1035	1179	2018-01-16 15:46:03.986826
19	20180118	1190	1021	1058	1184	2018-01-16 15:46:03.986844
19	20180119	1214	1039	1065	1217	2018-01-16 15:46:03.986861
19	20180120	1224	1056	1092	1229	2018-01-16 15:46:03.986879
19	20180121	1234	1082	1102	1249	2018-01-16 15:46:03.986895
19	20180122	1269	1106	1133	1265	2018-01-16 15:46:03.986911
19	20180123	1291	1112	1155	1300	2018-01-16 15:46:03.986927
19	20180124	1308	1120	1185	1337	2018-01-16 15:46:03.986944
19	20180125	1343	1145	1217	1348	2018-01-16 15:46:03.986961
19	20180126	1362	1170	1222	1360	2018-01-16 15:46:03.986977
19	20180127	1391	1186	1228	1394	2018-01-16 15:46:03.986994
19	20180128	1398	1205	1254	1427	2018-01-16 15:46:03.987084
19	20180129	1426	1233	1266	1464	2018-01-16 15:46:03.987108
19	20180130	1450	1259	1272	1485	2018-01-16 15:46:03.987126
19	20180131	1473	1284	1306	1500	2018-01-16 15:46:03.987144
20	20171201	22	17	10	6	2018-01-16 15:46:03.987168
20	20171202	45	49	39	11	2018-01-16 15:46:03.987188
20	20171203	72	57	49	36	2018-01-16 15:46:03.987224
20	20171204	78	94	78	64	2018-01-16 15:46:03.987264
20	20171205	112	128	117	88	2018-01-16 15:46:03.987287
20	20171206	138	149	137	122	2018-01-16 15:46:03.987323
20	20171207	175	168	149	129	2018-01-16 15:46:03.987345
20	20171208	180	189	167	146	2018-01-16 15:46:03.987362
20	20171209	218	212	178	166	2018-01-16 15:46:03.987379
20	20171210	251	238	210	178	2018-01-16 15:46:03.987396
20	20171211	285	257	224	197	2018-01-16 15:46:03.987413
20	20171212	314	284	231	234	2018-01-16 15:46:03.987430
20	20171213	352	298	257	262	2018-01-16 15:46:03.987457
20	20171214	371	332	288	298	2018-01-16 15:46:03.987473
20	20171215	382	359	323	332	2018-01-16 15:46:03.987489
20	20171216	414	367	353	348	2018-01-16 15:46:03.987505
20	20171217	433	386	381	383	2018-01-16 15:46:03.987521
20	20171218	448	409	397	404	2018-01-16 15:46:03.987538
20	20171219	488	440	410	432	2018-01-16 15:46:03.987554
20	20171220	499	459	450	457	2018-01-16 15:46:03.987570
20	20171221	510	479	475	468	2018-01-16 15:46:03.987586
20	20171222	526	504	510	474	2018-01-16 15:46:03.987601
20	20171223	542	533	547	486	2018-01-16 15:46:03.987617
20	20171224	559	554	564	519	2018-01-16 15:46:03.987634
20	20171225	584	573	594	538	2018-01-16 15:46:03.987650
20	20171226	622	594	614	558	2018-01-16 15:46:03.987667
20	20171227	658	629	647	583	2018-01-16 15:46:03.987683
20	20171228	663	650	674	601	2018-01-16 15:46:03.987699
20	20171229	682	660	699	626	2018-01-16 15:46:03.987714
20	20171230	705	673	710	633	2018-01-16 15:46:03.987728
20	20171231	731	713	726	661	2018-01-16 15:46:03.987743
20	20180101	756	725	760	676	2018-01-16 15:46:03.987758
20	20180102	763	755	793	714	2018-01-16 15:46:03.987772
20	20180103	797	792	803	745	2018-01-16 15:46:03.987787
20	20180104	817	823	832	756	2018-01-16 15:46:03.987802
20	20180105	824	830	842	786	2018-01-16 15:46:03.987816
20	20180106	859	870	881	799	2018-01-16 15:46:03.987831
20	20180107	878	875	890	813	2018-01-16 15:46:03.987846
20	20180108	889	884	922	823	2018-01-16 15:46:03.987860
20	20180109	923	896	959	859	2018-01-16 15:46:03.987875
20	20180110	948	917	970	866	2018-01-16 15:46:03.987890
20	20180111	959	943	995	904	2018-01-16 15:46:03.987912
20	20180112	977	957	1024	929	2018-01-16 15:46:03.987941
20	20180113	997	991	1059	961	2018-01-16 15:46:03.987959
20	20180114	1027	1017	1089	971	2018-01-16 15:46:03.987975
20	20180115	1040	1034	1109	997	2018-01-16 15:46:03.987990
20	20180116	1053	1057	1135	1006	2018-01-16 15:46:03.988005
20	20180117	1080	1093	1155	1034	2018-01-16 15:46:03.988020
20	20180118	1086	1113	1179	1041	2018-01-16 15:46:03.988035
20	20180119	1124	1147	1185	1066	2018-01-16 15:46:03.988049
20	20180120	1138	1165	1213	1074	2018-01-16 15:46:03.988076
20	20180121	1158	1180	1236	1082	2018-01-16 15:46:03.988090
20	20180122	1175	1199	1271	1093	2018-01-16 15:46:03.988104
20	20180123	1200	1237	1299	1132	2018-01-16 15:46:03.988117
20	20180124	1218	1255	1336	1167	2018-01-16 15:46:03.988131
20	20180125	1252	1281	1366	1183	2018-01-16 15:46:03.988145
20	20180126	1262	1303	1382	1197	2018-01-16 15:46:03.988158
20	20180127	1302	1311	1418	1212	2018-01-16 15:46:03.988172
20	20180128	1308	1336	1441	1252	2018-01-16 15:46:03.988185
20	20180129	1339	1357	1466	1276	2018-01-16 15:46:03.988199
20	20180130	1373	1369	1494	1288	2018-01-16 15:46:03.988213
20	20180131	1401	1392	1510	1323	2018-01-16 15:46:03.988226
