0	town 0
1	town 1
2	town 2
3	town 3
4	town 4
5	town 5
6	town 6
7	town 7
8	town 8
9	town 9
10	town 10
11	town 11
12	town 12
13	town 13
14	town 14
15	town 15
16	town 16
17	town 17
18	town 18
19	town 19
20	town 20
21	town 21
22	town 22
23	town 23
24	town 24
25	town 25
26	town 26
27	town 27
28	town 28
29	town 29
30	town 30
31	town 31
32	town 32
33	town 33
34	town 34
35	town 35
36	town 36
37	town 37
38	town 38
39	town 39
40	town 40
41	town 41
42	town 42
43	town 43
44	town 44
45	town 45
46	town 46
47	town 47
48	town 48
49	town 49
50	town 50
51	town 51
52	town 52
53	town 53
54	town 54
55	town 55
56	town 56
57	town 57
58	town 58
59	town 59
60	town 60
61	town 61
62	town 62
63	town 63
64	town 64
65	town 65
66	town 66
67	town 67
68	town 68
69	town 69
70	town 70
71	town 71
72	town 72
73	town 73
74	town 74
75	town 75
76	town 76
77	town 77
78	town 78
79	town 79
80	town 80
81	town 81
82	town 82
83	town 83
84	town 84
85	town 85
86	town 86
87	town 87
88	town 88
89	town 89
90	town 90
91	town 91
92	town 92
93	town 93
94	town 94
95	town 95
96	town 96
97	town 97
98	town 98
99	town 99
100	town 100
101	town 101
102	town 102
103	town 103
104	town 104
105	town 105
106	town 106
107	town 107
108	town 108
109	town 109
110	town 110
111	town 111
112	town 112
113	town 113
114	town 114
115	town 115
116	town 116
117	town 117
118	town 118
119	town 119
120	town 120
121	town 121
122	town 122
123	town 123
124	town 124
125	town 125
126	town 126
127	town 127
128	town 128
129	town 129
130	town 130
131	town 131
132	town 132
133	town 133
134	town 134
135	town 135
136	town 136
137	town 137
138	town 138
139	town 139
140	town 140
141	town 141
142	town 142
143	town 143
144	town 144
145	town 145
146	town 146
147	town 147
148	town 148
149	town 149
150	town 150
151	town 151
152	town 152
153	town 153
154	town 154
155	town 155
156	town 156
157	town 157
158	town 158
159	town 159
160	town 160
161	town 161
162	town 162
163	town 163
164	town 164
165	town 165
166	town 166
167	town 167
168	town 168
169	town 169
170	town 170
171	town 171
172	town 172
173	town 173
174	town 174
175	town 175
176	town 176
177	town 177
178	town 178
179	town 179
180	town 180
181	town 181
182	town 182
183	town 183
184	town 184
185	town 185
186	town 186
187	town 187
188	town 188
189	town 189
190	town 190
191	town 191
192	town 192
193	town 193
194	town 194
195	town 195
196	town 196
197	town 197
198	town 198
199	town 199
200	town 200
201	town 201
202	town 202
203	town 203
204	town 204
205	town 205
206	town 206
207	town 207
208	town 208
209	town 209
210	town 210
211	town 211
212	town 212
213	town 213
214	town 214
215	town 215
216	town 216
217	town 217
218	town 218
219	town 219
220	town 220
221	town 221
222	town 222
223	town 223
224	town 224
225	town 225
226	town 226
227	town 227
228	town 228
229	town 229
230	town 230
231	town 231
232	town 232
233	town 233
234	town 234
235	town 235
236	town 236
237	town 237
238	town 238
239	town 239
240	town 240
241	town 241
242	town 242
243	town 243
244	town 244
245	town 245
246	town 246
247	town 247
248	town 248
249	town 249
250	town 250
251	town 251
252	town 252
253	town 253
254	town 254
255	town 255
256	town 256
257	town 257
258	town 258
259	town 259
260	town 260
261	town 261
262	town 262
263	town 263
264	town 264
265	town 265
266	town 266
267	town 267
268	town 268
269	town 269
270	town 270
271	town 271
272	town 272
273	town 273
274	town 274
275	town 275
276	town 276
277	town 277
278	town 278
279	town 279
280	town 280
281	town 281
282	town 282
283	town 283
284	town 284
285	town 285
286	town 286
287	town 287
288	town 288
289	town 289
290	town 290
291	town 291
292	town 292
293	town 293
294	town 294
295	town 295
296	town 296
297	town 297
298	town 298
299	town 299
300	town 300
301	town 301
302	town 302
303	town 303
304	town 304
305	town 305
306	town 306
307	town 307
308	town 308
309	town 309
310	town 310
311	town 311
312	town 312
313	town 313
314	town 314
315	town 315
316	town 316
317	town 317
318	town 318
319	town 319
320	town 320
321	town 321
322	town 322
323	town 323
324	town 324
325	town 325
326	town 326
327	town 327
328	town 328
329	town 329
330	town 330
331	town 331
332	town 332
333	town 333
334	town 334
335	town 335
336	town 336
337	town 337
338	town 338
339	town 339
340	town 340
341	town 341
342	town 342
343	town 343
344	town 344
345	town 345
346	town 346
347	town 347
348	town 348
349	town 349
350	town 350
351	town 351
352	town 352
353	town 353
354	town 354
355	town 355
356	town 356
357	town 357
358	town 358
359	town 359
360	town 360
361	town 361
362	town 362
363	town 363
364	town 364
365	town 365
366	town 366
367	town 367
368	town 368
369	town 369
370	town 370
371	town 371
372	town 372
373	town 373
374	town 374
375	town 375
376	town 376
377	town 377
378	town 378
379	town 379
380	town 380
381	town 381
382	town 382
383	town 383
384	town 384
385	town 385
386	town 386
387	town 387
388	town 388
389	town 389
390	town 390
391	town 391
392	town 392
393	town 393
394	town 394
395	town 395
396	town 396
397	town 397
398	town 398
399	town 399
400	town 400
401	town 401
402	town 402
403	town 403
404	town 404
405	town 405
406	town 406
407	town 407
408	town 408
409	town 409
410	town 410
411	town 411
412	town 412
413	town 413
414	town 414
415	town 415
416	town 416
417	town 417
418	town 418
419	town 419
420	town 420
421	town 421
422	town 422
423	town 423
424	town 424
425	town 425
426	town 426
427	town 427
428	town 428
429	town 429
430	town 430
431	town 431
432	town 432
433	town 433
434	town 434
435	town 435
436	town 436
437	town 437
438	town 438
439	town 439
440	town 440
441	town 441
442	town 442
443	town 443
444	town 444
445	town 445
446	town 446
447	town 447
448	town 448
449	town 449
450	town 450
451	town 451
452	town 452
453	town 453
454	town 454
455	town 455
456	town 456
457	town 457
458	town 458
459	town 459
460	town 460
461	town 461
462	town 462
463	town 463
464	town 464
465	town 465
466	town 466
467	town 467
468	town 468
469	town 469
470	town 470
471	town 471
472	town 472
473	town 473
474	town 474
475	town 475
476	town 476
477	town 477
478	town 478
479	town 479
480	town 480
481	town 481
482	town 482
483	town 483
484	town 484
485	town 485
486	town 486
487	town 487
488	town 488
489	town 489
490	town 490
491	town 491
492	town 492
493	town 493
494	town 494
495	town 495
496	town 496
497	town 497
498	town 498
499	town 499
500	town 500
501	town 501
502	town 502
503	town 503
504	town 504
505	town 505
506	town 506
507	town 507
508	town 508
509	town 509
510	town 510
511	town 511
512	town 512
513	town 513
514	town 514
515	town 515
516	town 516
517	town 517
518	town 518
519	town 519
520	town 520
521	town 521
522	town 522
523	town 523
524	town 524
525	town 525
526	town 526
527	town 527
528	town 528
529	town 529
530	town 530
531	town 531
532	town 532
533	town 533
534	town 534
535	town 535
536	town 536
537	town 537
538	town 538
539	town 539
540	town 540
541	town 541
542	town 542
543	town 543
544	town 544
545	town 545
546	town 546
547	town 547
548	town 548
549	town 549
550	town 550
551	town 551
552	town 552
553	town 553
554	town 554
555	town 555
556	town 556
557	town 557
558	town 558
559	town 559
560	town 560
561	town 561
562	town 562
563	town 563
564	town 564
565	town 565
566	town 566
567	town 567
568	town 568
569	town 569
570	town 570
571	town 571
572	town 572
573	town 573
574	town 574
575	town 575
576	town 576
577	town 577
578	town 578
579	town 579
580	town 580
581	town 581
582	town 582
583	town 583
584	town 584
585	town 585
586	town 586
587	town 587
588	town 588
589	town 589
590	town 590
591	town 591
592	town 592
593	town 593
594	town 594
595	town 595
596	town 596
597	town 597
598	town 598
599	town 599
600	town 600
601	town 601
602	town 602
603	town 603
604	town 604
605	town 605
606	town 606
607	town 607
608	town 608
609	town 609
610	town 610
611	town 611
612	town 612
613	town 613
614	town 614
615	town 615
616	town 616
617	town 617
618	town 618
619	town 619
620	town 620
621	town 621
622	town 622
623	town 623
624	town 624
625	town 625
626	town 626
627	town 627
628	town 628
629	town 629
630	town 630
631	town 631
632	town 632
633	town 633
634	town 634
635	town 635
636	town 636
637	town 637
638	town 638
639	town 639
640	town 640
641	town 641
642	town 642
643	town 643
644	town 644
645	town 645
646	town 646
647	town 647
648	town 648
649	town 649
650	town 650
651	town 651
652	town 652
653	town 653
654	town 654
655	town 655
656	town 656
657	town 657
658	town 658
659	town 659
660	town 660
661	town 661
662	town 662
663	town 663
664	town 664
665	town 665
666	town 666
667	town 667
668	town 668
669	town 669
670	town 670
671	town 671
672	town 672
673	town 673
674	town 674
675	town 675
676	town 676
677	town 677
678	town 678
679	town 679
680	town 680
681	town 681
682	town 682
683	town 683
684	town 684
685	town 685
686	town 686
687	town 687
688	town 688
689	town 689
690	town 690
691	town 691
692	town 692
693	town 693
694	town 694
695	town 695
696	town 696
697	town 697
698	town 698
699	town 699
700	town 700
701	town 701
702	town 702
703	town 703
704	town 704
705	town 705
706	town 706
707	town 707
708	town 708
709	town 709
710	town 710
711	town 711
712	town 712
713	town 713
714	town 714
715	town 715
716	town 716
717	town 717
718	town 718
719	town 719
720	town 720
721	town 721
722	town 722
723	town 723
724	town 724
725	town 725
726	town 726
727	town 727
728	town 728
729	town 729
730	town 730
731	town 731
732	town 732
733	town 733
734	town 734
735	town 735
736	town 736
737	town 737
738	town 738
739	town 739
740	town 740
741	town 741
742	town 742
743	town 743
744	town 744
745	town 745
746	town 746
747	town 747
748	town 748
749	town 749
750	town 750
751	town 751
752	town 752
753	town 753
754	town 754
755	town 755
756	town 756
757	town 757
758	town 758
759	town 759
760	town 760
761	town 761
762	town 762
763	town 763
764	town 764
765	town 765
766	town 766
767	town 767
768	town 768
769	town 769
770	town 770
771	town 771
772	town 772
773	town 773
774	town 774
775	town 775
776	town 776
777	town 777
778	town 778
779	town 779
780	town 780
781	town 781
782	town 782
783	town 783
784	town 784
785	town 785
786	town 786
787	town 787
788	town 788
789	town 789
790	town 790
791	town 791
792	town 792
793	town 793
794	town 794
795	town 795
796	town 796
797	town 797
798	town 798
799	town 799
800	town 800
801	town 801
802	town 802
803	town 803
804	town 804
805	town 805
806	town 806
807	town 807
808	town 808
809	town 809
810	town 810
811	town 811
812	town 812
813	town 813
814	town 814
815	town 815
816	town 816
817	town 817
818	town 818
819	town 819
820	town 820
821	town 821
822	town 822
823	town 823
824	town 824
825	town 825
826	town 826
827	town 827
828	town 828
829	town 829
830	town 830
831	town 831
832	town 832
833	town 833
834	town 834
835	town 835
836	town 836
837	town 837
838	town 838
839	town 839
840	town 840
841	town 841
842	town 842
843	town 843
844	town 844
845	town 845
846	town 846
847	town 847
848	town 848
849	town 849
850	town 850
851	town 851
852	town 852
853	town 853
854	town 854
855	town 855
856	town 856
857	town 857
858	town 858
859	town 859
860	town 860
861	town 861
862	town 862
863	town 863
864	town 864
865	town 865
866	town 866
867	town 867
868	town 868
869	town 869
870	town 870
871	town 871
872	town 872
873	town 873
874	town 874
875	town 875
876	town 876
877	town 877
878	town 878
879	town 879
880	town 880
881	town 881
882	town 882
883	town 883
884	town 884
885	town 885
886	town 886
887	town 887
888	town 888
889	town 889
890	town 890
891	town 891
892	town 892
893	town 893
894	town 894
895	town 895
896	town 896
897	town 897
898	town 898
899	town 899
900	town 900
901	town 901
902	town 902
903	town 903
904	town 904
905	town 905
906	town 906
907	town 907
908	town 908
909	town 909
910	town 910
911	town 911
912	town 912
913	town 913
914	town 914
915	town 915
916	town 916
917	town 917
918	town 918
919	town 919
920	town 920
921	town 921
922	town 922
923	town 923
924	town 924
925	town 925
926	town 926
927	town 927
928	town 928
929	town 929
930	town 930
931	town 931
932	town 932
933	town 933
934	town 934
935	town 935
936	town 936
937	town 937
938	town 938
939	town 939
940	town 940
941	town 941
942	town 942
943	town 943
944	town 944
945	town 945
946	town 946
947	town 947
948	town 948
949	town 949
950	town 950
951	town 951
952	town 952
953	town 953
954	town 954
955	town 955
956	town 956
957	town 957
958	town 958
959	town 959
960	town 960
961	town 961
962	town 962
963	town 963
964	town 964
965	town 965
966	town 966
967	town 967
968	town 968
969	town 969
970	town 970
971	town 971
972	town 972
973	town 973
974	town 974
975	town 975
976	town 976
977	town 977
978	town 978
979	town 979
980	town 980
981	town 981
982	town 982
983	town 983
984	town 984
985	town 985
986	town 986
987	town 987
988	town 988
989	town 989
990	town 990
991	town 991
992	town 992
993	town 993
994	town 994
995	town 995
996	town 996
997	town 997
998	town 998
999	town 999
