991001	88e85089-7e7a-434c-a4a4-201f5678e597	p1_name	
991002	aec4a434-4edf-432d-8c35-17c1d23f477f	p2_name	
991003	c8401aab-ec34-4a6c-acc2-a8e901e1448d	p3_name	
999999	99999999-9999-4999-a999-999999999999	Test property 999999
0	99000099-9999-4999-a999-999999999999	Property name 000
1	99000199-9999-4999-a999-999999999999	Property name 001
2	99000299-9999-4999-a999-999999999999	Property name 002
3	99000399-9999-4999-a999-999999999999	Property name 003
4	99000499-9999-4999-a999-999999999999	Property name 004
5	99000599-9999-4999-a999-999999999999	Property name 005
6	99000699-9999-4999-a999-999999999999	Property name 006
7	99000799-9999-4999-a999-999999999999	Property name 007
8	99000899-9999-4999-a999-999999999999	Property name 008
9	99000999-9999-4999-a999-999999999999	Property name 009
10	99001099-9999-4999-a999-999999999999	Property name 010
11	99001199-9999-4999-a999-999999999999	Property name 011
12	99001299-9999-4999-a999-999999999999	Property name 012
13	99001399-9999-4999-a999-999999999999	Property name 013
14	99001499-9999-4999-a999-999999999999	Property name 014
15	99001599-9999-4999-a999-999999999999	Property name 015
16	99001699-9999-4999-a999-999999999999	Property name 016
17	99001799-9999-4999-a999-999999999999	Property name 017
18	99001899-9999-4999-a999-999999999999	Property name 018
19	99001999-9999-4999-a999-999999999999	Property name 019
20	99002099-9999-4999-a999-999999999999	Property name 020
21	99002199-9999-4999-a999-999999999999	Property name 021
22	99002299-9999-4999-a999-999999999999	Property name 022
23	99002399-9999-4999-a999-999999999999	Property name 023
24	99002499-9999-4999-a999-999999999999	Property name 024
25	99002599-9999-4999-a999-999999999999	Property name 025
26	99002699-9999-4999-a999-999999999999	Property name 026
27	99002799-9999-4999-a999-999999999999	Property name 027
28	99002899-9999-4999-a999-999999999999	Property name 028
29	99002999-9999-4999-a999-999999999999	Property name 029
30	99003099-9999-4999-a999-999999999999	Property name 030